10-28 23:54:24.414   60099-60099   C01719/appspawn/ffrt            pid-60099             W     1:ChildHandle:150 ffts shared library handle is null
10-28 23:54:24.680   60099-60099   C02C11/appspawn/APPSPAWN        pid-60099             I     [appspawn_server.c:70]AppSpawnChild id 5659 flags: 0xc
10-28 23:54:24.681   60099-60099   C02C02/PARAM                    pid-60099             I     [param_request.c:326]ResetParamSecurityLabel g_clientFd: 17
10-28 23:54:24.684   60099-60099   C02C11/org.map...mony/APPSPAWN  pid-60099             I     [sandbox_utils.cpp:334]errno is: 2, bind mount /system/data to /mnt/sandbox/100/org.maplibre.harmony/system/data
10-28 23:54:24.684   60099-60099   C02C11/org.map...mony/APPSPAWN  pid-60099             I     [sandbox_utils.cpp:289]file /mnt/sandbox/100/org.maplibre.harmony/data/service/el1/network/hosts_user/hosts already exist
10-28 23:54:24.684   60099-60099   C02C11/org.map...mony/APPSPAWN  pid-60099             I     [sandbox_utils.cpp:334]errno is: 2, bind mount /system/etc/hosts to /mnt/sandbox/100/org.maplibre.harmony/data/service/el1/network/hosts_user/hosts
10-28 23:54:24.685   60099-60099   C02C11/org.map...mony/APPSPAWN  pid-60099             I     [sandbox_utils.cpp:334]errno is: 2, bind mount /vendor/lib to /mnt/sandbox/100/org.maplibre.harmony/vendor/lib
10-28 23:54:24.685   60099-60099   C02C11/org.map...mony/APPSPAWN  pid-60099             E     [sandbox_utils.cpp:345]errno is: 13, private mount to /mnt/sandbox/100/org.maplibre.harmony/vendor/etc/vulkan '524288' failed
10-28 23:54:24.687   60099-60099   C02C11/org.map...mony/APPSPAWN  pid-60099             I     [sandbox_utils.cpp:334]errno is: 2, bind mount /data/local/ark-cache/org.maplibre.harmony to /mnt/sandbox/100/org.maplibre.harmony/data/storage/ark-cache
10-28 23:54:24.688   60099-60099   C02C11/org.map...mony/APPSPAWN  pid-60099             E     [sandbox_utils.cpp:345]errno is: 13, private mount to /mnt/sandbox/100/org.maplibre.harmony/data/service/el0/public/for-all-app '524288' failed
10-28 23:54:24.690   60099-60099   C02C11/org.map...mony/APPSPAWN  pid-60099             I     [sandbox_utils.cpp:334]errno is: 2, bind mount /vendor/etc/silk to /mnt/sandbox/100/org.maplibre.harmony/vendor/etc/silk
10-28 23:54:24.690   60099-60099   C02C11/org.map...mony/APPSPAWN  pid-60099             I     [sandbox_utils.cpp:334]errno is: 2, bind mount /system/asan/lib64 to /mnt/sandbox/100/org.maplibre.harmony/system/asan/lib64
10-28 23:54:24.691   60099-60099   C02C11/org.map...mony/APPSPAWN  pid-60099             I     [sandbox_utils.cpp:334]errno is: 2, bind mount /vendor/asan/lib64 to /mnt/sandbox/100/org.maplibre.harmony/vendor/asan/lib64
10-28 23:54:24.691   60099-60099   C02C11/org.map...mony/APPSPAWN  pid-60099             E     [sandbox_utils.cpp:345]errno is: 13, private mount to /mnt/sandbox/100/org.maplibre.harmony/chip_prod/lib64/passthrough '524288' failed
10-28 23:54:24.691   60099-60099   C02C11/org.map...mony/APPSPAWN  pid-60099             I     [sandbox_utils.cpp:334]errno is: 2, bind mount /system/app/ohos.global.systemres to /mnt/sandbox/100/org.maplibre.harmony/data/global/systemResources
10-28 23:54:24.693   60099-60099   C02C11/org.map...mony/APPSPAWN  pid-60099             I     [sandbox_utils.cpp:1528]MountAllHsp: app = org.maplibre.harmony, cnt = 12
10-28 23:54:24.696   60099-60099   C02C11/org.map...mony/APPSPAWN  pid-60099             I     [sandbox_utils.cpp:500]tmpSandboxPath /mnt/sandbox/100/org.maplibre.harmony/mnt/storage/Users
10-28 23:54:24.696   60099-60099   C02C11/org.map...mony/APPSPAWN  pid-60099             I     [sandbox_utils.cpp:500]tmpSandboxPath /mnt/sandbox/100/org.maplibre.harmony/mnt/storage/external
10-28 23:54:24.697   60099-60099   C02C11/org.map...mony/APPSPAWN  pid-60099             I     [sandbox_utils.cpp:500]tmpSandboxPath /mnt/sandbox/100/org.maplibre.harmony/mnt/storage/hmdfs
10-28 23:54:24.698   60099-60099   C02C11/org.map...mony/APPSPAWN  pid-60099             I     [sandbox_dec.c:203]set SET_DEC_POLICY_CMD sandbox policy success. timestamp:361779398521335
10-28 23:54:24.698   60099-60099   C02C11/org.map...mony/APPSPAWN  pid-60099             I     [sandbox_dec.c:205]policy info: /storage/Users/currentUser/Download/org.maplibre.harmony
10-28 23:54:24.698   60099-60099   C02C11/org.map...mony/APPSPAWN  pid-60099             E     [appspawn_silk.c:118]Load silk library failed for configItems is NULL
10-28 23:54:24.705   60099-60099   C05A05/org.map...EnhanceClient  pid-60099             I     [RegisterCheckCallback]Register secComp: sessionId=3002962264, seqNum=******815.
10-28 23:54:24.705   60099-60182   C057C1/org.map...IPCWorkThread  pid-60099             I     ThreadHandler 124: proto:0 policy:1 name:OS_IPC_0_60182 invoker:568586880
10-28 23:54:24.705   60099-60183   C057C1/org.map...IPCWorkThread  pid-60099             I     ThreadHandler 124: proto:0 policy:0 name:OS_IPC_1_60183 invoker:500785024
10-28 23:54:24.707   60099-60099   C05A02/org.map...yManagerProxy  pid-60099             I     [RegisterSecCompEnhance:329]Result from server data = 0
10-28 23:54:24.707   60099-60099   C02C11/org.map...mony/APPSPAWN  pid-60099             I     [appspawn_server.c:34]NotifyResToParent: 0
10-28 23:54:24.708   60099-60099   C02D0B/org.map...ony/HICHECKER  pid-60099             I     hichecker param is empty.
10-28 23:54:24.711   60099-60099   C01317/org.map...armony/AppKit  pid-60099             I     [main_thread.cpp:2687]App main thread create, pid:60099
10-28 23:54:24.711   60099-60099   C01201/org.mapl...EventHandler  pid-60099             I     Create eventHandler 1_361779411659355
10-28 23:54:24.714   60099-60099   C01317/org.map...armony/AppKit  pid-60099             I     [main_thread.cpp:361]attach to appMGR.
10-28 23:54:24.719   60099-60099   C03900/org.map...ACE_UIContent  pid-60099             I     [74]AceForwardCompatibility [org.maplibre.harmony] force:1 newpipe:1
10-28 23:54:24.720   60099-60183   C01317/org.map...armony/AppKit  pid-60099             I     [main_thread.cpp:724]ScheduleLaunchAbility called, ability MaplibreAbility, type is 1.
10-28 23:54:24.720   60099-60185   C057C1/org.map...IPCWorkThread  pid-60099             I     ThreadHandler 124: proto:0 policy:0 name:OS_IPC_2_60185 invoker:506932096
10-28 23:54:24.721   60099-60099   C03F00/org.map...y/ArkCompiler  pid-60099             I     [ecmascript] asmint: 1, aot: 0, jit: 1, baseline jit: 0, bundle name: org.maplibre.harmony
10-28 23:54:24.721   60099-60099   C03F00/org.map...y/ArkCompiler  pid-60099             I     [ecmascript] multi-thread check enabled: 0
10-28 23:54:24.724   60099-60099   C03F00/org.map...y/ArkCompiler  pid-60099             I     [gc] SmartGC: enter app cold start
10-28 23:54:24.724   60099-60099   C03F00/org.map...y/ArkCompiler  pid-60099             I     [gc] SmartGC: startup GC restrain, phase 1 threshold: local 448MB, shared 354MB; phase 2 threshold: local 112MB, shared 145MB
10-28 23:54:24.724   60099-60099   C03301/org.map...harmony/LIBUV  pid-60099             I     init:387049933440
10-28 23:54:24.724   60099-60099   C03301/org.map...harmony/LIBUV  pid-60099             I     init:387049933440, backend_fd:6
10-28 23:54:24.724   60099-60099   C03301/org.map...harmony/LIBUV  pid-60099             I     open:387049933440, pipefd[0]:22
10-28 23:54:24.725   60099-60099   C03F00/org.map...y/ArkCompiler  pid-60099             I     [ecmascript] can not find aot file
10-28 23:54:24.725   60099-60099   C03F00/org.map...y/ArkCompiler  pid-60099             I     [ecmascript] Stop load AOT because it's not in enable list
10-28 23:54:24.725   60099-60099   C01321/org.map...ony/JsRuntime  pid-60099             I     [js_runtime_lite.cpp:455]moduleName: maplibre_harmony parse json success
10-28 23:54:24.726   60099-60099   C01719/org.map....harmony/ffrt  pid-60099             I     2:QueueMonitor:41 queue monitor ctor enter
10-28 23:54:24.726   60099-60099   C01719/org.map....harmony/ffrt  pid-60099             I     3:QueueMonitor:53 queue monitor ctor leave, watchdog timeout 30000000 us
10-28 23:54:24.726   60099-60099   C01719/org.map....harmony/ffrt  pid-60099             I     4:DelayedWorker:205 timerfd:58, monitorfd:59
10-28 23:54:24.727   60099-60191   C01719/org.map....harmony/ffrt  pid-60099             W     5:RunForever:41 [-1915082360] set priority warn ret[1] eno[0]
10-28 23:54:24.733   60099-60195   C01719/org.map....harmony/ffrt  pid-60099             W     6:operator():115 [-1911912056] set priority warn ret[1] eno[0]
10-28 23:54:24.733   60099-60099   C03F00/org.map...y/ArkCompiler  pid-60099             I     StartServer, componentName = <private>
10-28 23:54:24.733   60099-60099   C01321/org.map...ony/JsRuntime  pid-60099             W     [connect_server_manager.cpp:165]not Connected
10-28 23:54:24.733   60099-60099   C03F00/org.map...y/ArkCompiler  pid-60099             I     [ecmascript] JSNApi::NotifyDebugMode, tid = 60099, debugApp = 1, isDebugMode = 0, instanceId = 0
10-28 23:54:24.735   60099-60099   C03F00/org.map...y/ArkCompiler  pid-60099             I     [compiler] __jit_debug_register_code() is called.
10-28 23:54:24.735   60099-60099   C03F00/org.map...y/ArkCompiler  pid-60099             I     [compiler] success to register stub.an to debugger.
10-28 23:54:24.737   60099-60198   C01317/org.map...armony/AppKit  pid-60099             I     [dump_runtime_helper.cpp:352]File existed. dir: /data/storage/el2/base/cache/rawheap
10-28 23:54:24.737   60099-60099   C01E00/org.map...sourceManager  pid-60099             I     CreateResourceManagerDef LoadThemeRes
10-28 23:54:24.737   60099-60099   C01E00/org.map...sourceManager  pid-60099             W     update userId, currentUserId_= 0, userId= 100
10-28 23:54:24.739   60099-60099   C01336/org.map...e.harmony/AMS  pid-60099             E     [main_thread.cpp:3496]emptye config
10-28 23:54:24.740   60099-60198   C01317/org.map...armony/AppKit  pid-60099             I     [dump_runtime_helper.cpp:332]success to AclSetAccess, path: /data/storage/el2/base/cache/rawheap
10-28 23:54:24.741   60099-60199   C01653/org.map...vePreferences  pid-60099             W     LoadFromDisk: The settingXml /***/el2/***/i18*** load failed.
10-28 23:54:24.741   60099-60099   C01301/org.map...rmony/Ability  pid-60099             W     [resource_config_helper.cpp:157]invalid source:
10-28 23:54:24.741   60099-60099   C01301/org.map...rmony/Ability  pid-60099             W     [resource_config_helper.cpp:157]invalid source:
10-28 23:54:24.741   60099-60099   C01317/org.map...armony/AppKit  pid-60099             I     [application_cleaner.cpp:82]ClearTempData
10-28 23:54:24.743   60099-60196   C02C03/PARAM_WATCHER            pid-60099             I     [watcher_manager_kits.cpp:172]Add watcher keyPrefix persist.hdc.jdwp remoteWatcherId 6202 success
10-28 23:54:24.743   60099-60196   C02D13/org.map...rmony/HDC_LOG  pid-60099             I     AddWatchHdcdJdwp rc:0
10-28 23:54:24.744   60099-60196   C02D13/org.map...rmony/HDC_LOG  pid-60099             I     connect success cfd:65
10-28 23:54:24.745   60099-60196   C02D13/org.map...rmony/HDC_LOG  pid-60099             I     Send2Jdwp send pid:60099, pp:org.maplibre.harmony, isDebug:1, msglen:32
10-28 23:54:24.745   60099-60099   C01317/org.map...armony/AppKit  pid-60099             E     [js_ability_stage.cpp:140]stage is nullptr
10-28 23:54:24.745   60099-60099   C01317/org.map...armony/AppKit  pid-60099             W     [js_ability_stage.cpp:152]Not found AbilityStage.js
10-28 23:54:24.745   60099-60099   C01332/org.map...ony/UIAbility  pid-60099             I     [js_ui_ability.cpp:231]called
10-28 23:54:24.746   60099-60099   C03F00/org.map...y/ArkCompiler  pid-60099             I     [ecmascript] start to execute module buffer with secure memory: /data/storage/el1/bundle/maplibre_harmony/ets/maplibreability/MaplibreAbility.abc
10-28 23:54:24.746   60099-60187   C03F00/org.map...y/ArkCompiler  pid-60099             W     [ecmascript] set label failed! level: s1, file: /data/storage/ark-profile/rt_maplibre_harmony.ap
10-28 23:54:24.746   60099-60187   C03F00/org.map...y/ArkCompiler  pid-60099             I     [ecmascript] Save profiler to file:/data/storage/ark-profile/rt_maplibre_harmony.ap
10-28 23:54:24.749   60099-60099   A03D00/org.map...harmony/JSAPP  pid-60099             I     Callee constructor is OK string
10-28 23:54:24.749   60099-60099   A03D00/org.map...harmony/JSAPP  pid-60099             I     Ability::constructor callee is object [object Object]
10-28 23:54:24.751   60099-60099   C01332/org.map...ony/UIAbility  pid-60099             I     [js_ui_ability.cpp:283]End
10-28 23:54:24.751   60099-60099   C01332/org.map...ony/UIAbility  pid-60099             I     [ui_ability_thread.cpp:171]Lifecycle:Attach
10-28 23:54:24.752   60099-60099   C01317/org.map...armony/AppKit  pid-60099             I     [main_thread.cpp:2330]called
10-28 23:54:24.752   60099-60099   C03F00/org.map...y/ArkCompiler  pid-60099             I     [gc] app is not inBackground
10-28 23:54:24.754   60099-60183   C01332/org.map...ony/UIAbility  pid-60099             I     [ui_ability_thread.cpp:323]name:MaplibreAbility,targeState:5,isNewWant:0
10-28 23:54:24.755   60099-60099   C01332/org.map...ony/UIAbility  pid-60099             I     [ui_ability_thread.cpp:240]Lifecycle:name MaplibreAbility
10-28 23:54:24.755   60099-60099   C01332/org.map...ony/UIAbility  pid-60099             E     [ui_ability.cpp:513]appRecovery not recovery restart
10-28 23:54:24.755   60099-60099   C04201/org.map...isplayManager  pid-60099             I     (845)AddDisplayIdFromAms: abilityToken and display[0] has been added.
10-28 23:54:24.755   60099-60099   C01324/org.map...armony/JsNapi  pid-60099             W     [napi_common_want.cpp:1131]not wantpram
10-28 23:54:24.755   60099-60099   C01324/org.map...armony/JsNapi  pid-60099             W     [napi_common_want.cpp:1131]not wantpram
10-28 23:54:24.755   60099-60099   C01324/org.map...armony/JsNapi  pid-60099             W     [napi_common_want.cpp:1131]not wantpram
10-28 23:54:24.755   60099-60099   C01324/org.map...armony/JsNapi  pid-60099             W     [napi_common_want.cpp:1131]not wantpram
10-28 23:54:24.755   60099-60099   C01324/org.map...armony/JsNapi  pid-60099             W     [napi_common_want.cpp:1131]not wantpram
10-28 23:54:24.755   60099-60099   C01324/org.map...armony/JsNapi  pid-60099             W     [napi_common_want.cpp:1131]not wantpram
10-28 23:54:24.755   60099-60099   C01324/org.map...armony/JsNapi  pid-60099             W     [napi_common_want.cpp:1131]not wantpram
10-28 23:54:24.755   60099-60099   C01324/org.map...armony/JsNapi  pid-60099             W     [napi_common_want.cpp:1131]not wantpram
10-28 23:54:24.755   60099-60099   C01324/org.map...armony/JsNapi  pid-60099             W     [napi_common_want.cpp:1131]not wantpram
10-28 23:54:24.755   60099-60099   C01324/org.map...armony/JsNapi  pid-60099             W     [napi_common_want.cpp:1131]not wantpram
10-28 23:54:24.755   60099-60099   C01324/org.map...armony/JsNapi  pid-60099             W     [napi_common_want.cpp:1131]not wantpram
10-28 23:54:24.755   60099-60099   C01324/org.map...armony/JsNapi  pid-60099             W     [napi_common_want.cpp:1131]not wantpram
10-28 23:54:24.755   60099-60099   C01324/org.map...armony/JsNapi  pid-60099             W     [napi_common_want.cpp:1131]not wantpram
10-28 23:54:24.756   60099-60099   A00000/org.map...rmony/testTag  pid-60099             I     Ability onCreate
10-28 23:54:24.756   60099-60099   A00000/org.map...rmony/testTag  pid-60099             I     Cleaning up global state
10-28 23:54:24.756   60099-60099   C01332/org.map...ony/UIAbility  pid-60099             I     [js_ui_ability.cpp:1408]end, name: onCreate, time: 0
10-28 23:54:24.756   60099-60099   C01332/org.map...ony/UIAbility  pid-60099             E     [ui_ability_impl.cpp:296]hasSaveData_: false
10-28 23:54:24.756   60099-60099   C01332/org.map...ony/UIAbility  pid-60099             W     [js_ui_ability.cpp:863]formatRegex: []
10-28 23:54:24.756   60099-60099   C04202/org.map...rmony/WMSMain  pid-60099             I     [] Init(93): WindowScene with window session!
10-28 23:54:24.756   60099-60099   C04202/org.map...rmony/WMSMain  pid-60099             I     [] Init(103): set isModuleAbilityHookEnd
10-28 23:54:24.757   60099-60099   C01406/org.map...mony/OHOS::RS  pid-60099             I     RSLogManager init log flag: 0x0(0)
10-28 23:54:24.757   60099-60099   C01406/org.map...mony/OHOS::RS  pid-60099             I     RSFrameRateLinker::Create id: 258123239522304
10-28 23:54:24.757   60099-60099   C04202/org.map...rmony/WMSMain  pid-60099             I     [] VsyncStation(53): id 258123239522305 created
10-28 23:54:24.757   60099-60099   C04200/org.map...neSessionImpl  pid-60099             I     (133)WindowSceneSessionImpl: [WMSCom] Constructor
10-28 23:54:24.757   60099-60099   C04200/org.map...e.harmony/WMS  pid-60099             E     [] SetWindowType(1855): set window type permission denied!
10-28 23:54:24.757   60099-60099   C0420A/org.map...rmony/WMSLife  pid-60099             I     [] Create(620): Window Create name:harmony0, state:0, windowmode:0
10-28 23:54:24.757   60099-60099   C0420A/org.map...rmony/WMSLife  pid-60099             I     [] SetDefaultDisplayIdIfNeed(478): Called
10-28 23:54:24.757   60099-60099   C0420A/org.map...rmony/WMSLife  pid-60099             I     [] Create(637): SetIsAbilityHookOff 0
10-28 23:54:24.757   60099-60099   C0420A/org.map...rmony/WMSLife  pid-60099             W     [] IsWindowSessionInvalid(361): already destroyed or not created! id: 0 state_: 0
10-28 23:54:24.757   60099-60099   C04200/org.map...neSessionImpl  pid-60099             W     (3882)[WMSCom]AdjustWindowAnimationFlag failed since session invalid!
10-28 23:54:24.757   60099-60099   C04200/org.map...neSessionImpl  pid-60099             I     (642)Remove window flag WINDOW_FLAG_SHOW_WHEN_LOCKED
10-28 23:54:24.757   60099-60099   C0420A/org.map...rmony/WMSLife  pid-60099             I     [] Connect(497): Called
10-28 23:54:24.758   60099-60183   C0421D/org.map...y/WMSRotation  pid-60099             I     [] SetCurrentRotation(4824): currentRotation: 0
10-28 23:54:24.759   60099-60183   C04208/org.map...ony/WMSLayout  pid-60099             I     [] UpdateRect(767): [0 0 1216 2688], preRect:[0 0 0 0], reason:0, hasRSTransaction:0,duration:400, [name:harmony0, id:0]
10-28 23:54:24.760   60099-60183   C04208/org.map...ony/WMSLayout  pid-60099             W     [] NotifySingleHandTransformChange(4505): id:0, uiContent is nullptr
10-28 23:54:24.760   60099-60099   C04208/org.map...ony/WMSLayout  pid-60099             I     [] Connect(281): updateRect when connect.preRect:[0,0,1216,2688]rect:[0,0,1216,2688]
10-28 23:54:24.760   60099-60099   C0420A/org.map...rmony/WMSLife  pid-60099             I     [] Connect(515): Window Connect [name:harmony0, id:798, type:1], ret:0
10-28 23:54:24.761   60099-60099   C0420A/org.map...rmony/WMSLife  pid-60099             I     [] MakeSubOrDialogWindowDragableAndMoveble(278): Called 798.
10-28 23:54:24.762   60099-60099   C04201/org.map...isplayManager  pid-60099             W     (634)GetDisplayById: update display from cache, Id: 0
10-28 23:54:24.762   60099-60099   C04200/org.map...neSessionImpl  pid-60099             I     (1014)GetSystemSizeLimits: [System SizeLimits] [maxWidth: 6240, minWidth: 1040, maxHeight: 6240, minHeight: 780]
10-28 23:54:24.762   60099-60099   C04208/org.map...ony/WMSLayout  pid-60099             I     [] GetConfigurationFromAbilityInfo(961): winId: 798, windowModeSupportType: 15
10-28 23:54:24.763   60099-60099   C0420F/org.map...ny/WMSRecover  pid-60099             I     [] RegisterSessionRecoverCallbackFunc(328): persistentId = 798
10-28 23:54:24.763   60099-60099   C04209/org.map...rmony/WMSImms  pid-60099             I     [] UpdateDefaultStatusBarColor(721): winId: 798, type: 1, hasDarkRes: 0, colorMode: light
10-28 23:54:24.763   60099-60099   C04209/org.map...rmony/WMSImms  pid-60099             I     [] SetSpecificBarProperty(2255): windowId:798 harmony0 type:2108, 1 ffffff ff000000 0 4
10-28 23:54:24.763   60099-60099   C04200/org.map...e.harmony/WMS  pid-60099             I     [] IsMainHandlerAvailable(369): id:798, isAvailable:1
10-28 23:54:24.763   60099-60099   C04200/org.map...e.harmony/WMS  pid-60099             I     [] IsMainHandlerAvailable(369): id:798, isAvailable:1
10-28 23:54:24.763   60099-60099   C02800/org.map...utManagerImpl  pid-60099             I     [][SetWindowInputEventConsumer:342] enter
10-28 23:54:24.764   60099-60099   C02801/org.map...tConnectProxy  pid-60099             I     [][MultimodalInputConnectProxy:98] Construct MMI proxy
10-28 23:54:24.764   60099-60099   C02801/org.map...onnectManager  pid-60099             I     [][ConnectMultimodalInputService:546] Get multimodalinput service successful
10-28 23:54:24.765   60099-60099   C02800/org.map...ony/MMIClient  pid-60099             I     [][OnConnected:256] Connection to server succeeded, fd:67
10-28 23:54:24.765   60099-60099   C02800/org.map...utManagerImpl  pid-60099             I     [][OnConnected:1492] enter
10-28 23:54:24.765   60099-60099   C02800/org.map...utManagerImpl  pid-60099             I     [][ReAddInputEventFilter:1662] enter
10-28 23:54:24.765   60099-60099   C02800/org.map...utManagerImpl  pid-60099             I     [][ReAddInputEventFilter] leave
10-28 23:54:24.765   60099-60099   C02800/org.map...utManagerImpl  pid-60099             I     [][PackEnhanceConfig:618] enter
10-28 23:54:24.765   60099-60099   C02800/org.map...utManagerImpl  pid-60099             E     [][PackEnhanceConfig:619] CHKPR(enhanceCfg_) is null, return value is -1
10-28 23:54:24.765   60099-60099   C02800/org.map...utManagerImpl  pid-60099             I     [][PackEnhanceConfig] leave
10-28 23:54:24.765   60099-60099   C02800/org.map...utManagerImpl  pid-60099             E     [][PrintEnhanceConfig:881] CHKPV(enhanceCfg_) is null
10-28 23:54:24.765   60099-60099   C02800/org.map...utManagerImpl  pid-60099             I     [][OnConnected] leave
10-28 23:54:24.765   60099-60099   C02800/org.map...andlerManager  pid-60099             I     [][OnConnected:644] Reregister gesture monitors on reconnection
10-28 23:54:24.765   60099-60099   C02800/org.map...andlerManager  pid-60099             I     [][OnConnected:646] Enable event monitors(interceptors) on reconnection
10-28 23:54:24.765   60099-60099   C02800/org.map...andlerManager  pid-60099             I     [][OnConnected:644] Reregister gesture monitors on reconnection
10-28 23:54:24.765   60099-60099   C02800/org.map...andlerManager  pid-60099             I     [][OnConnected:646] Enable event monitors(interceptors) on reconnection
10-28 23:54:24.765   60099-60099   C02800/org.map...ony/MMIClient  pid-60099             I     [][StartEventRunner:121] Create event handler, thread name:OS_mmi_EventHdr
10-28 23:54:24.765   60099-60099   C02800/org.map...ony/MMIClient  pid-60099             I     [][AddFdListener:158] Server was listening
10-28 23:54:24.765   60099-60099   C02800/org.map...utManagerImpl  pid-60099             I     [][SetWindowInputEventConsumer] leave
10-28 23:54:24.765   60099-60099   C0420C/org.map...mony/WMSEvent  pid-60099             I     [] AddInputWindow(143): SetWindowInputEventConsumer success, wid:798
10-28 23:54:24.765   60099-60099   C04200/org.map...etonContainer  pid-60099             E     (82)GetSingleton: can not get OHOS::Rosen::WindowInfoReporter
10-28 23:54:24.765   60099-60099   C01332/org.map...ony/UIAbility  pid-60099             E     [ui_ability.cpp:267]appRecovery not recovery restart
10-28 23:54:24.765   60099-60205   C02800/org.map...ony/MMIClient  pid-60099             I     [][SetScheduler:109] enter
10-28 23:54:24.765   60099-60205   C02800/org.map...ony/MMIClient  pid-60099             I     [][SetScheduler] leave
10-28 23:54:24.765   60099-60099   A00000/org.map...rmony/testTag  pid-60099             I     Ability onWindowStageCreate
10-28 23:54:24.766   60099-60099   C04200/org.map...JsWindowStage  pid-60099             I     (87)LoadContent: [NAPI]
10-28 23:54:24.766   60099-60099   C01332/org.map...ony/UIAbility  pid-60099             I     [js_ui_ability.cpp:1408]end, name: onWindowStageCreate, time: 0
10-28 23:54:24.766   60099-60099   C04202/org.map...rmony/WMSMain  pid-60099             I     [] GoForeground(159): reason: 0
10-28 23:54:24.766   60099-60099   C0420A/org.map...rmony/WMSLife  pid-60099             I     [] Show(1186): Window show [name: harmony0, id: 798, type: 1], reason: 0, state:1, requestState:1
10-28 23:54:24.766   60099-60099   C04201/org.map...isplayManager  pid-60099             W     (634)GetDisplayById: update display from cache, Id: 0
10-28 23:54:24.766   60099-60099   C04201/org.map...isplayManager  pid-60099             W     (634)GetDisplayById: update display from cache, Id: 0
10-28 23:54:24.766   60099-60099   C04200/org.map...neSessionImpl  pid-60099             I     (1014)GetSystemSizeLimits: [System SizeLimits] [maxWidth: 6240, minWidth: 1040, maxHeight: 6240, minHeight: 780]
10-28 23:54:24.766   60099-60099   C04208/org.map...ony/WMSLayout  pid-60099             I     [] UpdateNewSize(4274): Fullscreen window could not update new size, winId: 798
10-28 23:54:24.766   60099-60099   C04217/org.mapl...WMSAttribute  pid-60099             I     [] IsSystemDensityChanged(5034): windowId: 798, lastDensity: -1.000000, currDensity: 3.250000
10-28 23:54:24.767   60099-60099   C04201/org.map...isplayManager  pid-60099             W     (634)GetDisplayById: update display from cache, Id: 0
10-28 23:54:24.767   60099-60099   C04208/org.map...ony/WMSLayout  pid-60099             I     [] UpdateViewportConfig(1214): [rotation,deviceRotation,transformHint,virtualPixelRatio]:[0,0,0,3.250000]
10-28 23:54:24.767   60099-60099   C04200/org.map...owSessionImpl  pid-60099             W     (1219)UpdateViewportConfig: uiContent is null!
10-28 23:54:24.767   60099-60099   C04200/org.map...neSessionImpl  pid-60099             I     (4596)UpdateDensityInner: WindowSceneSessionImpl::UpdateDensity [0, 0, 1216, 2688]
10-28 23:54:24.767   60099-60099   C01332/org.map...ony/UIAbility  pid-60099             I     [ui_ability_impl.cpp:434]Lifecycle:Call
10-28 23:54:24.767   60099-60099   C01406/org.map...mony/OHOS::RS  pid-60099             I     RSFrameRateLinker::Create id: 258123239522305
10-28 23:54:24.768   60099-60099   C01706/org.map...rameReportExt  pid-60099             I     RsFrameReportExt:[LoadLibrary] load library success!
10-28 23:54:24.768   60099-60099   C01706/org.map...rameReportExt  pid-60099             I     RsFrameReportExt:[Init] dlopen libframe_ui_intf.so success!
10-28 23:54:24.769   60099-60185   C04207/org.map...mony/WMSFocus  pid-60099             I     [] UpdateFocus(1069): Report update focus: 1, id: 798
10-28 23:54:24.770   60099-60099   C01706/org.map...t-FrameUiIntf  pid-60099             I     [Init]:ret:1, inited:1
10-28 23:54:24.770   60099-60099   C0420A/org.map...rmony/WMSLife  pid-60099             I     [] Show(1254): Window show success [name:harmony0, id:798, type:1]
10-28 23:54:24.770   60099-60099   C04201/org.map...e.harmony/DMS  pid-60099             W     [] OnDisplayInfoChange(91): not need notify display info, data is not changed.
10-28 23:54:24.770   60099-60099   C01324/org.map...armony/JsNapi  pid-60099             W     [napi_common_want.cpp:1131]not wantpram
10-28 23:54:24.770   60099-60099   C01324/org.map...armony/JsNapi  pid-60099             W     [napi_common_want.cpp:1131]not wantpram
10-28 23:54:24.770   60099-60099   C01324/org.map...armony/JsNapi  pid-60099             W     [napi_common_want.cpp:1131]not wantpram
10-28 23:54:24.770   60099-60099   C01324/org.map...armony/JsNapi  pid-60099             W     [napi_common_want.cpp:1131]not wantpram
10-28 23:54:24.770   60099-60099   C01324/org.map...armony/JsNapi  pid-60099             W     [napi_common_want.cpp:1131]not wantpram
10-28 23:54:24.770   60099-60099   C01324/org.map...armony/JsNapi  pid-60099             W     [napi_common_want.cpp:1131]not wantpram
10-28 23:54:24.770   60099-60099   C01324/org.map...armony/JsNapi  pid-60099             W     [napi_common_want.cpp:1131]not wantpram
10-28 23:54:24.770   60099-60099   C01324/org.map...armony/JsNapi  pid-60099             W     [napi_common_want.cpp:1131]not wantpram
10-28 23:54:24.770   60099-60099   C01324/org.map...armony/JsNapi  pid-60099             W     [napi_common_want.cpp:1131]not wantpram
10-28 23:54:24.770   60099-60099   C01324/org.map...armony/JsNapi  pid-60099             W     [napi_common_want.cpp:1131]not wantpram
10-28 23:54:24.770   60099-60099   C01324/org.map...armony/JsNapi  pid-60099             W     [napi_common_want.cpp:1131]not wantpram
10-28 23:54:24.770   60099-60099   C01324/org.map...armony/JsNapi  pid-60099             W     [napi_common_want.cpp:1131]not wantpram
10-28 23:54:24.770   60099-60099   C01324/org.map...armony/JsNapi  pid-60099             W     [napi_common_want.cpp:1131]not wantpram
10-28 23:54:24.770   60099-60099   A00000/org.map...rmony/testTag  pid-60099             I     Ability onForeground
10-28 23:54:24.770   60099-60099   C01332/org.map...ony/UIAbility  pid-60099             I     [js_ui_ability.cpp:1408]end, name: onForeground, time: 0
10-28 23:54:24.771   60099-60099   C0420A/org.map...rmony/WMSLife  pid-60099             I     [] SetUIContentComplete(4639): persistentId=798
10-28 23:54:24.771   60099-60099   C03900/org.map...e.harmony/Ace  pid-60099             I     [(-1:-1:undefined)] CreateUIContent.
10-28 23:54:24.771   60099-60099   C03934/org.map...ny/AceUIEvent  pid-60099             I     [(-1:-1:undefined)] report ace loaded
10-28 23:54:24.771   60099-60099   C01719/org.map....harmony/ffrt  pid-60099             I     7:QueueHandler:64 construct sq_EventHandler_QUEUE_1 succ, qos[2]
10-28 23:54:24.771   60099-60099   C04707/org.map...y/HaAceEngine  pid-60099             I     OnAceLoaded end
10-28 23:54:24.772   60099-60099   C02C03/PARAM_WATCHER            pid-60099             I     [watcher_manager_kits.cpp:172]Add watcher keyPrefix persist.ace.trace.layout.enabled remoteWatcherId 6202 success
10-28 23:54:24.773   60099-60099   C02C03/PARAM_WATCHER            pid-60099             I     [watcher_manager_kits.cpp:172]Add watcher keyPrefix const.security.developermode.state remoteWatcherId 6202 success
10-28 23:54:24.773   60099-60099   C02C03/PARAM_WATCHER            org.maplibre.harmony  I     [watcher_manager_kits.cpp:172]Add watcher keyPrefix persist.ace.debug.statemgr.enabled remoteWatcherId 6202 success
10-28 23:54:24.774   60099-60185   C04207/org.map...mony/WMSFocus  org.maplibre.harmony  I     [] NotifyHighlightChange(1650): windowId: 798, isHighlight: 1,
10-28 23:54:24.774   60099-60099   C02C03/PARAM_WATCHER            org.maplibre.harmony  I     [watcher_manager_kits.cpp:172]Add watcher keyPrefix persist.ace.debug.boundary.enabled remoteWatcherId 6202 success
10-28 23:54:24.774   60099-60185   C04208/org.map...ony/WMSLayout  org.maplibre.harmony  W     [] NotifySingleHandTransformChange(4505): id:798, uiContent is nullptr
10-28 23:54:24.774   60099-60185   C04200/org.map...owSessionImpl  org.maplibre.harmony  I     (4483)NotifyTransformChange: NotifyWindowStatusChange
10-28 23:54:24.774   60099-60207   C057C1/org.map...IPCWorkThread  org.maplibre.harmony  I     ThreadHandler 124: proto:0 policy:0 name:OS_IPC_3_60207 invoker:508019712
10-28 23:54:24.774   60099-60099   C02C03/PARAM_WATCHER            org.maplibre.harmony  I     [watcher_manager_kits.cpp:172]Add watcher keyPrefix persist.ace.trace.inputevent.enabled remoteWatcherId 6202 success
10-28 23:54:24.775   60099-60099   C02C03/PARAM_WATCHER            org.maplibre.harmony  I     [watcher_manager_kits.cpp:172]Add watcher keyPrefix persist.ace.performance.monitor.enabled remoteWatcherId 6202 success
10-28 23:54:24.775   60099-60099   C0391F/org.map...mony/AceImage  org.maplibre.harmony  W     [(-2:-1:undefined)] mkdir cache file path failed.
10-28 23:54:24.775   60099-60099   C03900/org.map...e.harmony/Ace  org.maplibre.harmony  I     [(-2:-1:undefined)] Init RenderService UniRender Type:0
10-28 23:54:24.775   60099-60099   C03900/org.map...e.harmony/Ace  org.maplibre.harmony  I     [(-2:-1:undefined)] [org.maplibre.harmony][maplibre_harmony][-1]: UIContent: apiCompatibleVersion: 50000012, apiTargetVersion: 50000012, and apiReleaseType: Release, useNewPipe: 1
10-28 23:54:24.776   60099-60099   C02C03/PARAM_WATCHER            org.maplibre.harmony  I     [watcher_manager_kits.cpp:172]Add watcher keyPrefix persist.sys.arkui.animationscale remoteWatcherId 6202 success
10-28 23:54:24.776   60099-60099   C03900/org.map...e.harmony/Ace  org.maplibre.harmony  I     [(-2:-1:undefined)] SetLocale language tag: zh-CN, select language: zh-CN
10-28 23:54:24.776   60099-60099   C03900/org.map...e.harmony/Ace  org.maplibre.harmony  I     [(-2:-1:undefined)] [org.maplibre.harmony][maplibre_harmony][-1]: SetLanguage: zh, colorMode: light, deviceAccess: 0
10-28 23:54:24.776   60099-60099   C03900/org.map...e.harmony/Ace  org.maplibre.harmony  I     [(-2:-1:undefined)] [org.maplibre.harmony][maplibre_harmony][-1]: Initialize UIContent isModelJson:true
10-28 23:54:24.778   60099-60099   C03900/org.map...e.harmony/Ace  org.maplibre.harmony  I     [(100000:100000:scope)] SetHapPath, Use hap path to load resource
10-28 23:54:24.779   60099-60099   C04200/org.map...e.harmony/WMS  org.maplibre.harmony  I     [] GetSurfaceNode(1580): name:harmony0, id:798
10-28 23:54:24.779   60099-60099   C04200/org.map...e.harmony/WMS  org.maplibre.harmony  I     [] GetSurfaceNode(1580): name:harmony0, id:798
10-28 23:54:24.779   60099-60099   C01406/org.map...mony/OHOS::RS  org.maplibre.harmony  I     RSSurfaceNode::SetAbilityState, surfaceNodeId:[258123239522305], ability state: foreground
10-28 23:54:24.780   60099-60099   C03900/org.map...e.harmony/Ace  org.maplibre.harmony  I     [(100000:100000:scope)] CleanUpIdleTask is a valid function
10-28 23:54:24.781   60099-60099   C03900/org.map...e.harmony/Ace  org.maplibre.harmony  W     [(100000:100000:scope)] Invalid config:zh_CN-long-notround-vertical-light-phone-xxhdpi
10-28 23:54:24.781   60099-60099   C01406/org.map...mony/OHOS::RS  org.maplibre.harmony  I     RSSurfaceNode::SetAbilityState, surfaceNodeId:[258123239522305], ability state: background
10-28 23:54:24.781   60099-60099   C03937/org.map...y/AceResource  org.maplibre.harmony  I     [(100000:100000:scope)] ResourceAdapter UpdateResConfig with colorMode light
10-28 23:54:24.781   60099-60099   C03900/org.map...e.harmony/Ace  org.maplibre.harmony  I     [(100000:100000:scope)] Cannot Get File List from resources/styles/
10-28 23:54:24.781   60099-60099   C03900/org.map...e.harmony/Ace  org.maplibre.harmony  W     [(100000:100000:scope)] GetAsset failed: resources/styles/default.json
10-28 23:54:24.787   60099-60099   C03900/org.map...e.harmony/Ace  org.maplibre.harmony  I     [(100000:100000:scope)] root node OnAttachToFrameNode, id:0
10-28 23:54:24.787   60099-60099   C03900/org.map...e.harmony/Ace  org.maplibre.harmony  I     [(100000:100000:scope)] Rosenwindow set root frame node
10-28 23:54:24.787   60099-60099   C01D02/org.map...ility_asacfwk  org.maplibre.harmony  E     [(AccessibilitySystemAbilityClientImpl:55)]accessibility service is ready.
10-28 23:54:24.788   60099-60099   C01D05/org.map...ity_interface  org.maplibre.harmony  I     [(AccessibleAbilityManagerServiceProxy:32)]AccessibleAbilityManagerServiceProxy construct.
10-28 23:54:24.789   60099-60099   C02C03/PARAM_WATCHER            org.maplibre.harmony  I     [watcher_manager_kits.cpp:172]Add watcher keyPrefix accessibility.config.ready remoteWatcherId 6202 success
10-28 23:54:24.789   60099-60099   C03924/org.map...Accessibility  org.maplibre.harmony  I     [(100000:100000:scope)]  the result of SubscribeStateObserver:0
10-28 23:54:24.789   60099-60099   C03900/org.map...e.harmony/Ace  org.maplibre.harmony  I     [(100000:100000:scope)] focusWindowId: 0, realHostWindowId: 0
10-28 23:54:24.789   60099-60099   C03900/org.map...e.harmony/Ace  org.maplibre.harmony  I     [(100000:100000:scope)] [org.maplibre.harmony][maplibre_harmony][100000]: window focus
10-28 23:54:24.789   60099-60099   C02C03/PARAM_WATCHER            org.maplibre.harmony  I     [watcher_manager_kits.cpp:172]Add watcher keyPrefix debug.graphic.frame remoteWatcherId 6202 success
10-28 23:54:24.789   60099-60099   C03900/org.map...e.harmony/Ace  org.maplibre.harmony  I     [(100000:100000:scope)] ArkUIInvisibleFreeze: 0
10-28 23:54:24.789   60099-60099   C03900/org.map...e.harmony/Ace  org.maplibre.harmony  I     [(100000:100000:scope)] [org.maplibre.harmony][maplibre_harmony][100000]: SetMinPlatformVersion is 50000012
10-28 23:54:24.790   60099-60099   C04209/org.map...rmony/WMSImms  org.maplibre.harmony  I     [] RegisterAvoidAreaChangeListener(3397): Start register avoidAreaChange listener, id:798
10-28 23:54:24.790   60099-60099   C0420F/org.map...ny/WMSRecover  org.maplibre.harmony  I     [] RegisterSMSRecoverListener(250): Register recover listener
10-28 23:54:24.791   60099-60099   C0420F/org.map...ny/WMSRecover  org.maplibre.harmony  I     [] RegisterSMSRecoverListener(455): Register recover listener
10-28 23:54:24.793   60099-60207   C04208/org.map...ony/WMSLayout  org.maplibre.harmony  I     [] UpdateRect(767): [0 0 1216 2688], preRect:[0 0 1216 2688], reason:23, hasRSTransaction:0,duration:400, [name:harmony0, id:798]
10-28 23:54:24.793   60099-60099   C04209/org.map...rmony/WMSImms  org.maplibre.harmony  I     [] GetAvoidAreaByType(2034): Window [798, harmony0] type 0 times 1 area top [0 0 1216 107]
10-28 23:54:24.793   60099-60099   C03900/org.map...e.harmony/Ace  org.maplibre.harmony  I     [(100000:100000:scope)] SafeArea get success, area type is:0 insets area is:SafeAreaInsets left_: [start: 0, end: 0], top_: [start: 0, end: 107], right_: [start: 0, end: 0], bottom_: [start: 0, end: 0]
10-28 23:54:24.793   60099-60099   C03903/org.mapl...AceSubWindow  org.maplibre.harmony  W     [(100000:100000:scope)] Fail to find subwindow in subwindowMap_, instanceId is 100000.
10-28 23:54:24.793   60099-60099   C03903/org.mapl...AceSubWindow  org.maplibre.harmony  W     [(100000:100000:scope)] Fail to find subwindow in toastWindowMap_, instanceId is 100000.
10-28 23:54:24.794   60099-60099   C04209/org.map...rmony/WMSImms  org.maplibre.harmony  I     [] GetAvoidAreaByType(2034): Window [798, harmony0] type 4 times 2 area bottom [395 2597 426 91]
10-28 23:54:24.794   60099-60099   C03900/org.map...e.harmony/Ace  org.maplibre.harmony  I     [(100000:100000:scope)] SafeArea get success, area type is:4 insets area is:SafeAreaInsets left_: [start: 0, end: 0], top_: [start: 0, end: 0], right_: [start: 0, end: 0], bottom_: [start: 2597, end: 2688]
10-28 23:54:24.794   60099-60099   C03903/org.mapl...AceSubWindow  org.maplibre.harmony  W     [(100000:100000:scope)] Fail to find subwindow in subwindowMap_, instanceId is 100000.
10-28 23:54:24.794   60099-60099   C03903/org.mapl...AceSubWindow  org.maplibre.harmony  W     [(100000:100000:scope)] Fail to find subwindow in toastWindowMap_, instanceId is 100000.
10-28 23:54:24.794   60099-60099   C01406/org.map...mony/OHOS::RS  org.maplibre.harmony  E     FlushImplicitTransaction return, [renderServiceClient_:1, transactionData empty:1]
10-28 23:54:24.795   60099-60099   C0394E/org.map...ony/AceWindow  org.maplibre.harmony  I     [(100000:100000:scope)] InitializeDisplayAvailableRect : 0, 0, 1216, 2688
10-28 23:54:24.796   60099-60099   C02504/org.map...ony/thp_extra  org.maplibre.harmony  I     GetStringFromFile[89]ThpExtraRunCommand fileData={
                                                                                                   "hotzone" : {
                                                                                                       "enable" : true,
                                                                                                       "height" : 250,
                                                                                                       "width" : 250
                                                                                                   }
                                                                                               }
10-28 23:54:24.796   60099-60099   C03900/org.map...e.harmony/Ace  org.maplibre.harmony  I     [(-2:100000:singleton)] [org.maplibre.harmony][maplibre_harmony][100000]: Initialize: pages/Index
10-28 23:54:24.796   60099-60099   C03900/org.map...e.harmony/Ace  org.maplibre.harmony  I     [(100000:100000:scope)] RunPage:pages/Index
10-28 23:54:24.796   60099-60099   C03900/org.map...e.harmony/Ace  org.maplibre.harmony  W     [(100000:100000:scope)] GetAsset failed: manifest.json
10-28 23:54:24.797   60099-60214   C03951/org.mapl...InputKeyFlow  org.maplibre.harmony  I     [(-1:100000:singleton)] Subscribe touch.events.pass.through Event
10-28 23:54:24.797   60099-60214   C01719/org.map....harmony/ffrt  org.maplibre.harmony  I     8:QueueHandler:64 construct sq_cesResubMain_2 succ, qos[2]
10-28 23:54:24.799   60099-60099   C04200/org.map...owSessionImpl  org.maplibre.harmony  I     (1375)InitUIContent: UIContent Initialize, isUIExtensionSubWindow:0, isUIExtensionAbilityProcess:0
10-28 23:54:24.799   60099-60099   C04208/org.map...ony/WMSLayout  org.maplibre.harmony  I     [] SetUIContentInner(1399): single hand, id:798, posX:0, posY:0, scaleX:1.000000, scaleY:1.000000
10-28 23:54:24.799   60099-60099   C03900/org.map...e.harmony/Ace  org.maplibre.harmony  I     [(-2:100000:singleton)] [org.maplibre.harmony][maplibre_harmony][100000]: UpdateWindowVisible: 1, hasDeco: 0
10-28 23:54:24.800   60099-60099   C03900/org.map...e.harmony/Ace  org.maplibre.harmony  I     [(-2:100000:singleton)] [org.maplibre.harmony][maplibre_harmony][100000]: window foreground
10-28 23:54:24.800   60099-60099   C03900/org.map...e.harmony/Ace  org.maplibre.harmony  I     [(100000:100000:scope)] Update application state , state: ON_SHOW
10-28 23:54:24.800   60099-60099   C01406/org.map...mony/OHOS::RS  org.maplibre.harmony  I     RSSurfaceNode::SetAbilityState, surfaceNodeId:[258123239522305], ability state: foreground
10-28 23:54:24.800   60099-60099   C03900/org.map...e.harmony/Ace  org.maplibre.harmony  I     [(100000:100000:scope)] ArkUI requests first Vsync.
10-28 23:54:24.800   60099-60099   C04202/org.map...rmony/WMSMain  org.maplibre.harmony  I     [] RequestVsync(128): First vsync has requested, nodeId: 258123239522305
10-28 23:54:24.800   60099-60099   C04208/org.map...ony/WMSLayout  org.maplibre.harmony  I     [] UpdateViewportConfig(1214): [rotation,deviceRotation,transformHint,virtualPixelRatio]:[0,0,0,3.250000]
10-28 23:54:24.800   60099-60099   C03959/org.map...ony/AceLayout  org.maplibre.harmony  I     [(-2:100000:singleton)] [org.maplibre.harmony][maplibre_harmony][100000]: UpdateViewportConfig Viewport config: size: (1216, 2688) orientation: 0 density: 3.250000 position: (0, 0) transformHint: 0, windowSizeChangeReason 0, is rsTransaction nullptr 1, updateAvoidAreas size 0, []
10-28 23:54:24.800   60099-60099   C0394E/org.map...ony/AceWindow  org.maplibre.harmony  I     [(-2:100000:singleton)] Update orientation to : 0
10-28 23:54:24.800   60099-60099   C04208/org.map...ony/WMSLayout  org.maplibre.harmony  I     [] UpdateViewportConfig(1231): Id:798 reason:0 windowRect:[0,0,1216,2688] displayOrientation:0
10-28 23:54:24.800   60099-60099   C03900/org.map...e.harmony/Ace  org.maplibre.harmony  I     [(-2:100000:singleton)] [org.maplibre.harmony][maplibre_harmony][100000]: window focus
10-28 23:54:24.800   60099-60099   C04208/org.map...ony/WMSLayout  org.maplibre.harmony  I     [] NotifyAfterUIContentReady(897): Renotify transform, id:798, scaleX:1.000000, scaleY:1.000000
10-28 23:54:24.801   60099-60099   A00000/org.map...rmony/testTag  org.maplibre.harmony  I     Succeeded in loading the content.
10-28 23:54:24.801   60099-60099   C04200/org.map...JsWindowStage  org.maplibre.harmony  I     (387)[NAPI]Window [798, harmony0] load content end, ret = 0
10-28 23:54:24.801   60099-60099   C04209/org.map...rmony/WMSImms  org.maplibre.harmony  I     [] NotifyAvoidAreaChange(3477): window [798, harmony0] type 0 area top [0 0 1216 107]
10-28 23:54:24.801   60099-60099   C04209/org.map...rmony/WMSImms  org.maplibre.harmony  I     [] NotifyAvoidAreaChange(3477): window [798, harmony0] type 1 area top [572 24 71 69]
10-28 23:54:24.801   60099-60099   C04209/org.map...rmony/WMSImms  org.maplibre.harmony  I     [] NotifyAvoidAreaChange(3477): window [798, harmony0] type 2 area empty
10-28 23:54:24.801   60099-60099   C04209/org.map...rmony/WMSImms  org.maplibre.harmony  I     [] NotifyAvoidAreaChange(3477): window [798, harmony0] type 3 area empty
10-28 23:54:24.801   60099-60099   C04209/org.map...rmony/WMSImms  org.maplibre.harmony  I     [] NotifyAvoidAreaChange(3477): window [798, harmony0] type 4 area bottom [395 2597 426 91]
10-28 23:54:24.801   60099-60099   C04201/org.map...isplayManager  org.maplibre.harmony  W     (634)GetDisplayById: update display from cache, Id: 0
10-28 23:54:24.801   60099-60099   C04208/org.map...ony/WMSLayout  org.maplibre.harmony  I     [] UpdateViewportConfig(1214): [rotation,deviceRotation,transformHint,virtualPixelRatio]:[0,0,0,3.250000]
10-28 23:54:24.801   60099-60099   C03959/org.map...ony/AceLayout  org.maplibre.harmony  I     [(-2:100000:singleton)] [org.maplibre.harmony][maplibre_harmony][100000]: UpdateViewportConfig Viewport config: size: (1216, 2688) orientation: 0 density: 3.250000 position: (0, 0) transformHint: 0, windowSizeChangeReason 0, is rsTransaction nullptr 1, updateAvoidAreas size 5, [(0,top [0 0 1216 107] )(1,top [572 24 71 69] )(2,empty)(3,empty)(4,bottom [395 2597 426 91] )]
10-28 23:54:24.801   60099-60099   C0394E/org.map...ony/AceWindow  org.maplibre.harmony  I     [(-2:100000:singleton)] Update orientation to : 0
10-28 23:54:24.801   60099-60099   C04208/org.map...ony/WMSLayout  org.maplibre.harmony  I     [] UpdateViewportConfig(1231): Id:798 reason:0 windowRect:[0,0,1216,2688] displayOrientation:0
10-28 23:54:24.801   60099-60099   C01332/org.map...ony/UIAbility  org.maplibre.harmony  E     [ui_ability_impl.cpp:414]null applicationContext or lifecycleCallback
10-28 23:54:24.801   60099-60099   C03900/org.map...e.harmony/Ace  org.maplibre.harmony  I     [(100000:100000:scope)] Update application state , state: ON_ACTIVE
10-28 23:54:24.801   60099-60099   C01D02/org.map...ility_asacfwk  org.maplibre.harmony  I     [(SubscribeStateObserver:463)]Observer has subscribed!
10-28 23:54:24.801   60099-60099   C03924/org.map...Accessibility  org.maplibre.harmony  I     [(100000:100000:scope)]  the result of SubscribeStateObserver:4001
10-28 23:54:24.801   60099-60099   C0391C/org.map...mony/AceFocus  org.maplibre.harmony  I     [(100000:100000:scope)] Window id: 798 get focus.
10-28 23:54:24.801   60099-60099   C0391C/org.map...mony/AceFocus  org.maplibre.harmony  W     [(100000:100000:scope)] Current focus view can not found!
10-28 23:54:24.801   60099-60099   C04201/org.map...isplayManager  org.maplibre.harmony  W     (634)GetDisplayById: update display from cache, Id: 0
10-28 23:54:24.801   60099-60099   C04208/org.map...ony/WMSLayout  org.maplibre.harmony  I     [] UpdateViewportConfig(1214): [rotation,deviceRotation,transformHint,virtualPixelRatio]:[0,0,0,3.250000]
10-28 23:54:24.801   60099-60099   C03959/org.map...ony/AceLayout  org.maplibre.harmony  I     [(-2:100000:singleton)] [org.maplibre.harmony][maplibre_harmony][100000]: UpdateViewportConfig Viewport config: size: (1216, 2688) orientation: 0 density: 3.250000 position: (0, 0) transformHint: 0, windowSizeChangeReason 23, is rsTransaction nullptr 1, updateAvoidAreas size 5, [(0,top [0 0 1216 107] )(1,top [572 24 71 69] )(2,empty)(3,empty)(4,bottom [395 2597 426 91] )]
10-28 23:54:24.801   60099-60099   C0394E/org.map...ony/AceWindow  org.maplibre.harmony  I     [(-2:100000:singleton)] Update orientation to : 0
10-28 23:54:24.801   60099-60099   C04208/org.map...ony/WMSLayout  org.maplibre.harmony  I     [] UpdateViewportConfig(1231): Id:798 reason:23 windowRect:[0,0,1216,2688] displayOrientation:0
10-28 23:54:24.801   60099-60099   C03925/org.map...ony/AceRouter  org.maplibre.harmony  I     [(100000:100000:scope)] Page router manager is creating page[1]: url: pages/Index path: pages/Index.js, recoverable: yes, namedRouter: no
10-28 23:54:24.803   60099-60099   C03900/org.map...e.harmony/Ace  org.maplibre.harmony  I     [(100000:100000:scope)] build ohmUrl for forward compatibility
10-28 23:54:24.803   60099-60099   C03925/org.map...ony/AceRouter  org.maplibre.harmony  I     [(100000:100000:scope)] add named router record, name: , bundleName: org.maplibre.harmony, moduleName: maplibre_harmony, pagePath: pages/Index, pageFullPath: maplibre_harmony/src/main/ets/pages/Index, ohmUrl: @bundle:org.maplibre.harmony/maplibre_harmony/ets/pages/Index
10-28 23:54:24.805   60099-60099   C03926/org.map...mony/AceTheme  org.maplibre.harmony  W     [(100000:100000:scope)] style text_pattern not contains linear_split_child_min_size!
10-28 23:54:24.805   60099-60099   C03926/org.map...mony/AceTheme  org.maplibre.harmony  W     [(100000:100000:scope)] style text_pattern not contains text_url_disabled_color!
10-28 23:54:24.805   60099-60099   C03926/org.map...mony/AceTheme  org.maplibre.harmony  W     [(100000:100000:scope)] style text_pattern not contains text_url_default_color!
10-28 23:54:24.805   60099-60099   C03926/org.map...mony/AceTheme  org.maplibre.harmony  W     [(100000:100000:scope)] style text_pattern not contains text_url_hover_color!
10-28 23:54:24.805   60099-60099   C03926/org.map...mony/AceTheme  org.maplibre.harmony  W     [(100000:100000:scope)] style text_pattern not contains text_url_press_color!
10-28 23:54:24.809   60099-60099   C03926/org.map...mony/AceTheme  org.maplibre.harmony  W     [(100000:100000:scope)] style -1 not contains scroll_bar_pattern!
10-28 23:54:24.809   60099-60099   C0391C/org.map...mony/AceFocus  org.maplibre.harmony  I     [(100000:100000:scope)] Focus view: page/2 show
10-28 23:54:24.810   60099-60099   C03922/org.map...AceNavigation  org.maplibre.harmony  I     [(100000:100000:scope)] can't find inner navigation
10-28 23:54:24.810   60099-60099   C03933/org.map...y/AceKeyboard  org.maplibre.harmony  I     [(100000:100000:scope)] StageManager FrameNode notNeedSoftKeyboard.
10-28 23:54:24.810   60099-60099   C03933/org.map...y/AceKeyboard  org.maplibre.harmony  I     [(100000:100000:scope)] Container not ScenceBoardWindow.
10-28 23:54:24.810   60099-60099   C03925/org.map...ony/AceRouter  org.maplibre.harmony  I     [(100000:100000:scope)] LoadPage Success
10-28 23:54:24.811   60099-60099   C04209/org.map...rmony/WMSImms  org.maplibre.harmony  I     [] GetAvoidAreaByType(2034): Window [798, harmony0] type 1 times 3 area top [572 24 71 69]
10-28 23:54:24.811   60099-60099   C03900/org.map...e.harmony/Ace  org.maplibre.harmony  I     [(100000:100000:scope)] SafeArea get success, area type is:1 insets area is:SafeAreaInsets left_: [start: 0, end: 0], top_: [start: 24, end: 93], right_: [start: 0, end: 0], bottom_: [start: 0, end: 0]
10-28 23:54:24.811   60099-60099   C0394E/org.map...ony/AceWindow  org.maplibre.harmony  I     [(100000:100000:scope)] Update displayAvailableRect in UpdateViewportConfig to : Rect (0.00, 0.00) - [1216.00 x 2688.00]
10-28 23:54:24.811   60099-60099   C03900/org.map...e.harmony/Ace  org.maplibre.harmony  I     [(100000:100000:scope)] SafeAreaManager::SetIsFullScreen 1
10-28 23:54:24.811   60099-60099   C03903/org.mapl...AceSubWindow  org.maplibre.harmony  W     [(100000:100000:scope)] Fail to find subwindow in subwindowMap_, instanceId is 100000.
10-28 23:54:24.811   60099-60099   C03903/org.mapl...AceSubWindow  org.maplibre.harmony  W     [(100000:100000:scope)] Fail to find subwindow in toastWindowMap_, instanceId is 100000.
10-28 23:54:24.811   60099-60099   C03926/org.map...mony/AceTheme  org.maplibre.harmony  W     [(100000:100000:scope)] style select_pattern not contains select_option_show_count!
10-28 23:54:24.811   60099-60099   C03926/org.map...mony/AceTheme  org.maplibre.harmony  W     [(100000:100000:scope)] style select_pattern not contains text_font_family_regular!
10-28 23:54:24.811   60099-60099   C03926/org.map...mony/AceTheme  org.maplibre.harmony  W     [(100000:100000:scope)] style select_pattern not contains menu_default_width!
10-28 23:54:24.811   60099-60099   C03926/org.map...mony/AceTheme  org.maplibre.harmony  W     [(100000:100000:scope)] style select_pattern not contains menu_min_width!
10-28 23:54:24.811   60099-60099   C03926/org.map...mony/AceTheme  org.maplibre.harmony  W     [(100000:100000:scope)] style select_pattern not contains menu_max_width!
10-28 23:54:24.811   60099-60099   C03926/org.map...mony/AceTheme  org.maplibre.harmony  W     [(100000:100000:scope)] style select_pattern not contains menu_max_width_ratio!
10-28 23:54:24.811   60099-60099   C03900/org.map...e.harmony/Ace  org.maplibre.harmony  I     [(100000:100000:scope)] Root node request first frame.
10-28 23:54:24.811   60099-60099   C03900/org.map...e.harmony/Ace  org.maplibre.harmony  I     [(100000:100000:scope)] Update application state , state: ON_ACTIVE
10-28 23:54:24.811   60099-60099   C01D02/org.map...ility_asacfwk  org.maplibre.harmony  I     [(SubscribeStateObserver:463)]Observer has subscribed!
10-28 23:54:24.811   60099-60099   C03924/org.map...Accessibility  org.maplibre.harmony  I     [(100000:100000:scope)]  the result of SubscribeStateObserver:4001
10-28 23:54:24.811   60099-60099   C0391C/org.map...mony/AceFocus  org.maplibre.harmony  I     [(100000:100000:scope)] Window id: 798 get focus.
10-28 23:54:24.811   60099-60099   C04202/org.map...rmony/WMSMain  org.maplibre.harmony  I     [] VsyncCallbackInner(184): First vsync has come back, nodeId: 258123239522305
10-28 23:54:24.814   60099-60099   C01408/org.map....harmony/Text  org.maplibre.harmony  I     operator(): Adapter text height enabled: 0
10-28 23:54:24.827   60099-60198   C04707/org.map...y/HaAceEngine  org.maplibre.harmony  I     UTG state is not on.
10-28 23:54:24.832   60099-60099   C03900/org.map...e.harmony/Ace  org.maplibre.harmony  I     [(100000:100000:scope)] ArkUi flush first frame messages.
10-28 23:54:24.833   60099-60099   C0391C/org.map...mony/AceFocus  org.maplibre.harmony  I     [(100000:100000:scope)] Request focus on focus view: page/2.
10-28 23:54:24.833   60099-60099   C0391C/org.map...mony/AceFocus  org.maplibre.harmony  I     [(100000:100000:scope)] Focus view has no default focus.
10-28 23:54:24.833   60099-60099   C0391C/org.map...mony/AceFocus  org.maplibre.harmony  I     [(100000:100000:scope)] Request focus on view root scope: Column/5 return: 1.
10-28 23:54:24.833   60099-60099   C0391C/org.map...mony/AceFocus  org.maplibre.harmony  I     [(100000:100000:scope)] WinFocusMove end, root/secure_field onBlur, Column/secure_field onFocus, start: 2, end: 1, update: 2
10-28 23:54:24.833   60099-60099   C03933/org.map...y/AceKeyboard  org.maplibre.harmony  I     [(100000:100000:scope)] current focus node info : (Column/5).
10-28 23:54:24.833   60099-60099   C03933/org.map...y/AceKeyboard  org.maplibre.harmony  I     [(100000:100000:scope)] Normal Window focus first, set focus flag to window.
10-28 23:54:24.833   60099-60099   C03933/org.map...y/AceKeyboard  org.maplibre.harmony  I     [(100000:100000:scope)] Trigger Window Focus Callback
10-28 23:54:24.833   60099-60099   C03933/org.map...y/AceKeyboard  org.maplibre.harmony  I     [(100000:100000:scope)] need keyboard : 0.
10-28 23:54:24.833   60099-60099   C0420B/org.map...y/WMSKeyboard  org.maplibre.harmony  I     [] operator()(3031): isNeedKeyboard: 0, keepKeyboardFlag: 0
10-28 23:54:24.833   60099-60099   C0420B/org.map...y/WMSKeyboard  org.maplibre.harmony  I     [] RequestInputMethodCloseKeyboard(2999): Notify InputMethod framework close keyboard start.
10-28 23:54:24.833   60099-60099   C01C10/org.map...rmony/ImsaKit  org.maplibre.harmony  I     line: 147, function: GetSystemAbilityProxy,get input method service proxy.
10-28 23:54:24.834   60099-60099   C0420B/org.map...y/WMSKeyboard  org.maplibre.harmony  I     [] RequestInputMethodCloseKeyboard(3002): Notify InputMethod framework close keyboard end.
10-28 23:54:24.834   60099-60099   C03903/org.mapl...AceSubWindow  org.maplibre.harmony  I     [(100000:100000:scope)] hide menu ng enter
10-28 23:54:24.834   60099-60099   C03903/org.mapl...AceSubWindow  org.maplibre.harmony  W     [(100000:100000:scope)] Fail to find subwindow in toastWindowMap_, instanceId is 100000.
10-28 23:54:24.834   60099-60099   C03903/org.mapl...AceSubWindow  org.maplibre.harmony  W     [(100000:100000:scope)] Fail to find subwindow in systemToastWindowMap_, instanceId is 100000.
10-28 23:54:24.834   60099-60099   C03903/org.mapl...AceSubWindow  org.maplibre.harmony  W     [(100000:100000:scope)] can not find systemTopMost window when clear system toast
10-28 23:54:24.834   60099-60099   C04208/org.map...ony/WMSLayout  org.maplibre.harmony  I     [] FlushLayoutSize(941): NotifyFrameLayoutFinishFromApp, id: 798, rect: [0 0 1216 2688], notifyListener: 0
10-28 23:54:26.216   60099-60205   C02805/org.mapl...InputKeyFlow  org.maplibre.harmony  I     [][OnPointerEvent:216] ac: down: 298712
10-28 23:54:26.216   60099-60205   C02805/org.mapl...InputKeyFlow  org.maplibre.harmony  I     [P:D:298712][OnPointerEvent:544] id:298712 recv
10-28 23:54:26.216   60099-60205   C04213/org.mapl...InputKeyFlow  org.maplibre.harmony  I     [] OnInputEvent(86): eid:0,InputId:298712,wid:798,ac:2
10-28 23:54:26.217   60099-60205   C04219/org.map...mony/WMSDecor  org.maplibre.harmony  W     [] GetDecorHeight(2241): Get app window decor height failed
10-28 23:54:26.217   60099-60205   C03919/org.map...InputTracking  org.maplibre.harmony  I     [(-1:100000:singleton)] pointdown windowId: 798
10-28 23:54:26.218   60099-60205   C04213/org.mapl...InputKeyFlow  org.maplibre.harmony  I     [] ConsumePointerEventInner(876): InputId:298712,wid:798,pointId:0,srcType:2,rect:[0,0,1216,2688],notify:1
10-28 23:54:26.218   60099-60099   C03951/org.mapl...InputKeyFlow  org.maplibre.harmony  I     [(100000:100000:scope)] InputTracking id:298712, fingerId:0, type=0, inject=0, isPrivacyMode=0
10-28 23:54:26.218   60099-60099   C03951/org.mapl...InputKeyFlow  org.maplibre.harmony  I     [(100000:100000:scope)] InputTracking id:298712, touch test hitted node info: fingerId: 0{ tag: List, depth: 6 };
10-28 23:54:26.218   60099-60099   C03951/org.mapl...InputKeyFlow  org.maplibre.harmony  I     [(100000:100000:scope)] InputTracking id:298712, touch test hitted recognizer type info: recognizer type ClickRecognizer node info: { tag: List }; { tag: Column };recognizer type PanRecognizer node info: { tag: List };
10-28 23:54:26.219   60099-60099   C03F00/MUSL-LDSO                org.maplibre.harmony  E     Open absolute_path library: check ns accessible failed, pathname /system/lib64/libstylus_innerapi.z.so namespace ndk.
10-28 23:54:26.219   60099-60099   C03F00/MUSL-LDSO                org.maplibre.harmony  E     Error loading header /system/lib64/libstylus_innerapi.z.so, namespace ndk has no inherits, errno=2
10-28 23:54:26.219   60099-60099   C03F00/MUSL-LDSO                org.maplibre.harmony  E     Error loading header: can't find library /system/lib64/libstylus_innerapi.z.so in namespace: default
10-28 23:54:26.219   60099-60099   C03F00/MUSL-LDSO                org.maplibre.harmony  E     dlopen_impl load library header failed for /system/lib64/libstylus_innerapi.z.so
10-28 23:54:26.219   60099-60099   C0394B/org.mapl...AceScrollBar  org.maplibre.harmony  I     [(100000:100000:scope)] inner scrollBar touch down, panDirection: 0
10-28 23:54:26.219   60099-60099   C03951/org.mapl...InputKeyFlow  org.maplibre.harmony  I     [(100000:100000:scope)] Id:298712, exclusive 0 type: 0
10-28 23:54:26.219   60099-60099   C03951/org.mapl...InputKeyFlow  org.maplibre.harmony  I     [(100000:100000:scope)] Id:298712, click 0 down, ETF: 0, CTP: 0, state: 0
10-28 23:54:26.219   60099-60099   C03951/org.mapl...InputKeyFlow  org.maplibre.harmony  I     [(100000:100000:scope)] Id:298712, click 0 down, ETF: 0, CTP: 0, state: 0
10-28 23:54:26.219   60099-60099   C03951/org.mapl...InputKeyFlow  org.maplibre.harmony  I     [(100000:100000:scope)] Id:298712, pan 0 down, state: 0
10-28 23:54:26.220   60099-60099   C03919/org.map...InputTracking  org.maplibre.harmony  I     [(100000:100000:scope)] Consumed new event id=298712 in ace_container, lastEventInfo: id:-1
10-28 23:54:26.220   60099-60205   C02805/org.mapl...InputKeyFlow  org.maplibre.harmony  I     [][OnPointerEvent:216] ac: move: 298713
10-28 23:54:26.347   60099-60099   C03951/org.mapl...InputKeyFlow  org.maplibre.harmony  I     [(100000:100000:scope)] Pan accepted, tag = List
10-28 23:54:26.347   60099-60099   C0390B/org.map...AceScrollable  org.maplibre.harmony  I     [(100000:100000:scope)] Scroll drag start, id:10, tag:List
10-28 23:54:26.456   60099-60099   C01406/org.map...mony/OHOS::RS  org.maplibre.harmony  I     RSUIDirector::ProcessMessages messageId:1, cmdCount:2, instanceId:100000
10-28 23:54:26.456   60099-60099   C01406/org.map...mony/OHOS::RS  org.maplibre.harmony  I     RSUIDirector::PostTask messageId:1, cmdCount:2, instanceId:100000
10-28 23:54:26.505   60099-60099   C01406/org.map...mony/OHOS::RS  org.maplibre.harmony  I     RSUIDirector::ProcessMessages messageId:2, cmdCount:2, instanceId:100000
10-28 23:54:26.506   60099-60099   C01406/org.map...mony/OHOS::RS  org.maplibre.harmony  I     RSUIDirector::PostTask messageId:2, cmdCount:2, instanceId:100000
10-28 23:54:26.521   60099-60099   C01406/org.map...mony/OHOS::RS  org.maplibre.harmony  I     RSUIDirector::ProcessMessages messageId:3, cmdCount:2, instanceId:100000
10-28 23:54:26.522   60099-60099   C01406/org.map...mony/OHOS::RS  org.maplibre.harmony  I     RSUIDirector::PostTask messageId:3, cmdCount:2, instanceId:100000
10-28 23:54:26.524   60099-60205   C02805/org.mapl...InputKeyFlow  org.maplibre.harmony  I     [][OnPointerEvent:216] ac: move, first: 298714-(2025-10-28 23:54:26.222ms), 298754, count: 41, last: ac: up: 298755
10-28 23:54:26.524   60099-60205   C02805/org.mapl...InputKeyFlow  org.maplibre.harmony  I     [P:U:298755][OnPointerEvent:544] id:298755 recv
10-28 23:54:26.524   60099-60205   C04213/org.mapl...InputKeyFlow  org.maplibre.harmony  I     [] OnInputEvent(86): eid:1,InputId:298755,wid:798,ac:4
10-28 23:54:26.524   60099-60205   C04213/org.mapl...InputKeyFlow  org.maplibre.harmony  I     [] ConsumePointerEventInner(876): InputId:298755,wid:798,pointId:0,srcType:2,rect:[0,0,1216,2688],notify:1
10-28 23:54:26.525   60099-60099   C03951/org.mapl...InputKeyFlow  org.maplibre.harmony  I     [(100000:100000:scope)] InputTracking id:298755, fingerId:0, type=1, inject=0, isPrivacyMode=0
10-28 23:54:26.525   60099-60099   C03951/org.mapl...InputKeyFlow  org.maplibre.harmony  I     [(100000:100000:scope)] Id:298755, exclusive 0 type: 1
10-28 23:54:26.525   60099-60099   C03951/org.mapl...InputKeyFlow  org.maplibre.harmony  I     [(100000:100000:scope)] Id:298755, click 0 up, state: 6
10-28 23:54:26.525   60099-60099   C03951/org.mapl...InputKeyFlow  org.maplibre.harmony  I     [(100000:100000:scope)] Id:298755, click 0 up, state: 6
10-28 23:54:26.525   60099-60099   C03951/org.mapl...InputKeyFlow  org.maplibre.harmony  I     [(100000:100000:scope)] Id:298755, pan 0 up, state: 5
10-28 23:54:26.525   60099-60099   C0390B/org.map...AceScrollable  org.maplibre.harmony  I     [(100000:100000:scope)] Scroll drag end, velocity is -9027.580214 id:10, tag:List
10-28 23:54:26.525   60099-60099   C03951/org.mapl...InputKeyFlow  org.maplibre.harmony  I     [(100000:100000:scope)] id: 0, log: {types: Click, node: List, prcd: Down, state: READY, extraInfo: ETF: 0 CFP: 0, prcd: Up, state: FAIL, extraInfo: ETF: 0 CFP: 0}{types: Click, node: Column, prcd: Down, state: READY, extraInfo: ETF: 0 CFP: 0, prcd: Up, state: FAIL, extraInfo: ETF: 0 CFP: 0}{types: Pan, node: List, prcd: Down, state: DETECTING, prcd: Up, state: SUCCEED, prcd: Up, state: READY, extraInfo: currentFingers: 1 fingers: 1}
10-28 23:54:26.525   60099-60099   C03919/org.map...InputTracking  org.maplibre.harmony  I     [(100000:100000:scope)] Consumed new event id=298755 in ace_container, lastEventInfo: id:298754
10-28 23:54:26.534   60099-60099   C01406/org.map...mony/OHOS::RS  org.maplibre.harmony  I     RSUIDirector::ProcessMessages messageId:4, cmdCount:2, instanceId:100000
10-28 23:54:26.535   60099-60099   C01406/org.map...mony/OHOS::RS  org.maplibre.harmony  I     RSUIDirector::PostTask messageId:4, cmdCount:2, instanceId:100000
10-28 23:54:26.555   60099-60099   C01406/org.map...mony/OHOS::RS  org.maplibre.harmony  I     RSUIDirector::ProcessMessages messageId:5, cmdCount:2, instanceId:100000
10-28 23:54:26.555   60099-60099   C01406/org.map...mony/OHOS::RS  org.maplibre.harmony  I     RSUIDirector::PostTask messageId:5, cmdCount:2, instanceId:100000
10-28 23:54:26.587   60099-60099   C01406/org.map...mony/OHOS::RS  org.maplibre.harmony  I     RSUIDirector::ProcessMessages messageId:6, cmdCount:2, instanceId:100000
10-28 23:54:26.588   60099-60099   C01406/org.map...mony/OHOS::RS  org.maplibre.harmony  I     RSUIDirector::PostTask messageId:6, cmdCount:2, instanceId:100000
10-28 23:54:26.621   60099-60099   C01406/org.map...mony/OHOS::RS  org.maplibre.harmony  I     RSUIDirector::ProcessMessages messageId:7, cmdCount:2, instanceId:100000
10-28 23:54:26.622   60099-60099   C01406/org.map...mony/OHOS::RS  org.maplibre.harmony  I     RSUIDirector::PostTask messageId:7, cmdCount:2, instanceId:100000
10-28 23:54:26.637   60099-60099   C01406/org.map...mony/OHOS::RS  org.maplibre.harmony  I     RSUIDirector::ProcessMessages messageId:8, cmdCount:2, instanceId:100000
10-28 23:54:26.638   60099-60099   C01406/org.map...mony/OHOS::RS  org.maplibre.harmony  I     RSUIDirector::PostTask messageId:8, cmdCount:2, instanceId:100000
10-28 23:54:26.662   60099-60099   C01406/org.map...mony/OHOS::RS  org.maplibre.harmony  I     RSUIDirector::ProcessMessages messageId:9, cmdCount:2, instanceId:100000
10-28 23:54:26.663   60099-60099   C01406/org.map...mony/OHOS::RS  org.maplibre.harmony  I     RSUIDirector::PostTask messageId:9, cmdCount:2, instanceId:100000
10-28 23:54:26.704   60099-60099   C01406/org.map...mony/OHOS::RS  org.maplibre.harmony  I     RSUIDirector::ProcessMessages messageId:10, cmdCount:2, instanceId:100000
10-28 23:54:26.704   60099-60099   C01406/org.map...mony/OHOS::RS  org.maplibre.harmony  I     RSUIDirector::PostTask messageId:10, cmdCount:2, instanceId:100000
10-28 23:54:26.724   60099-60188   C03F00/org.map...y/ArkCompiler  org.maplibre.harmony  I     [gc] SmartGC: app cold start just finished
10-28 23:54:26.754   60099-60099   C01406/org.map...mony/OHOS::RS  org.maplibre.harmony  I     RSUIDirector::ProcessMessages messageId:11, cmdCount:2, instanceId:100000
10-28 23:54:26.754   60099-60099   C01406/org.map...mony/OHOS::RS  org.maplibre.harmony  I     RSUIDirector::PostTask messageId:11, cmdCount:2, instanceId:100000
10-28 23:54:26.821   60099-60099   C01406/org.map...mony/OHOS::RS  org.maplibre.harmony  I     RSUIDirector::ProcessMessages messageId:12, cmdCount:2, instanceId:100000
10-28 23:54:26.821   60099-60099   C01406/org.map...mony/OHOS::RS  org.maplibre.harmony  I     RSUIDirector::PostTask messageId:12, cmdCount:2, instanceId:100000
10-28 23:54:26.853   60099-60099   C01406/org.map...mony/OHOS::RS  org.maplibre.harmony  I     RSUIDirector::ProcessMessages messageId:13, cmdCount:2, instanceId:100000
10-28 23:54:26.854   60099-60099   C01406/org.map...mony/OHOS::RS  org.maplibre.harmony  I     RSUIDirector::PostTask messageId:13, cmdCount:2, instanceId:100000
10-28 23:54:26.936   60099-60099   C01406/org.map...mony/OHOS::RS  org.maplibre.harmony  I     RSUIDirector::ProcessMessages messageId:14, cmdCount:2, instanceId:100000
10-28 23:54:26.936   60099-60099   C01406/org.map...mony/OHOS::RS  org.maplibre.harmony  I     RSUIDirector::PostTask messageId:14, cmdCount:2, instanceId:100000
10-28 23:54:26.986   60099-60099   C01406/org.map...mony/OHOS::RS  org.maplibre.harmony  I     RSUIDirector::ProcessMessages messageId:15, cmdCount:2, instanceId:100000
10-28 23:54:26.987   60099-60099   C01406/org.map...mony/OHOS::RS  org.maplibre.harmony  I     RSUIDirector::PostTask messageId:15, cmdCount:2, instanceId:100000
10-28 23:54:27.085   60099-60099   C01406/org.map...mony/OHOS::RS  org.maplibre.harmony  I     RSUIDirector::ProcessMessages messageId:16, cmdCount:2, instanceId:100000
10-28 23:54:27.086   60099-60099   C01406/org.map...mony/OHOS::RS  org.maplibre.harmony  I     RSUIDirector::PostTask messageId:16, cmdCount:2, instanceId:100000
10-28 23:54:27.292   60099-60099   C01406/org.map...mony/OHOS::RS  org.maplibre.harmony  I     RSUIDirector::ProcessMessages messageId:17, cmdCount:2, instanceId:100000
10-28 23:54:27.292   60099-60099   C01406/org.map...mony/OHOS::RS  org.maplibre.harmony  I     RSUIDirector::PostTask messageId:17, cmdCount:2, instanceId:100000
10-28 23:54:27.326   60099-60099   C02504/org.map...ony/thp_extra  org.maplibre.harmony  I     ThpExtraRunCommand[122]ver:5.0.8ThpExtraRunCommand, cmd:THP_UpdateViewsLocation, param:thp#Location#
10-28 23:54:27.326   60099-60099   C02504/org.map...ony/thp_extra  org.maplibre.harmony  I     InitTpInterfaces[33]InitTpInterfaces+
10-28 23:54:27.327   60099-60099   C02504/org.map...ony/thp_extra  org.maplibre.harmony  I     InitTpInterfaces[43]InitTpInterfaces-
10-28 23:54:27.459   60099-60099   C01406/org.map...mony/OHOS::RS  org.maplibre.harmony  I     RSUIDirector::ProcessMessages messageId:18, cmdCount:2, instanceId:100000
10-28 23:54:27.459   60099-60099   C01406/org.map...mony/OHOS::RS  org.maplibre.harmony  I     RSUIDirector::PostTask messageId:18, cmdCount:2, instanceId:100000
10-28 23:54:27.475   60099-60099   C01406/org.map...mony/OHOS::RS  org.maplibre.harmony  I     RSUIDirector::ProcessMessages messageId:19, cmdCount:2, instanceId:100000
10-28 23:54:27.476   60099-60099   C01406/org.map...mony/OHOS::RS  org.maplibre.harmony  I     RSUIDirector::PostTask messageId:19, cmdCount:2, instanceId:100000
10-28 23:54:27.755   60099-60205   C02805/org.mapl...InputKeyFlow  org.maplibre.harmony  I     [][OnPointerEvent:216] ac: down: 298756
10-28 23:54:27.755   60099-60205   C02805/org.mapl...InputKeyFlow  org.maplibre.harmony  I     [P:D:298756][OnPointerEvent:544] id:298756 recv
10-28 23:54:27.755   60099-60205   C04213/org.mapl...InputKeyFlow  org.maplibre.harmony  I     [] OnInputEvent(86): eid:2,InputId:298756,wid:798,ac:2
10-28 23:54:27.756   60099-60205   C04219/org.map...mony/WMSDecor  org.maplibre.harmony  W     [] GetDecorHeight(2241): Get app window decor height failed
10-28 23:54:27.757   60099-60205   C03919/org.map...InputTracking  org.maplibre.harmony  I     [(-1:100000:singleton)] pointdown windowId: 798
10-28 23:54:27.757   60099-60205   C04213/org.mapl...InputKeyFlow  org.maplibre.harmony  I     [] ConsumePointerEventInner(876): InputId:298756,wid:798,pointId:0,srcType:2,rect:[0,0,1216,2688],notify:1
10-28 23:54:27.757   60099-60099   C03951/org.mapl...InputKeyFlow  org.maplibre.harmony  I     [(100000:100000:scope)] InputTracking id:298756, fingerId:0, type=0, inject=0, isPrivacyMode=0
10-28 23:54:27.758   60099-60099   C03951/org.mapl...InputKeyFlow  org.maplibre.harmony  I     [(100000:100000:scope)] InputTracking id:298756, touch test hitted node info: fingerId: 0{ tag: List, depth: 6 };
10-28 23:54:27.758   60099-60099   C03951/org.mapl...InputKeyFlow  org.maplibre.harmony  I     [(100000:100000:scope)] InputTracking id:298756, touch test hitted recognizer type info: recognizer type ClickRecognizer node info: { tag: List }; { tag: Column };recognizer type PanRecognizer node info: { tag: List };
10-28 23:54:27.758   60099-60205   C02805/org.mapl...InputKeyFlow  org.maplibre.harmony  I     [][OnPointerEvent:216] ac: move: 298757
10-28 23:54:27.758   60099-60099   C0394B/org.mapl...AceScrollBar  org.maplibre.harmony  I     [(100000:100000:scope)] inner scrollBar touch down, panDirection: 0
10-28 23:54:27.758   60099-60099   C03951/org.mapl...InputKeyFlow  org.maplibre.harmony  I     [(100000:100000:scope)] Id:298756, exclusive 0 type: 0
10-28 23:54:27.758   60099-60099   C03951/org.mapl...InputKeyFlow  org.maplibre.harmony  I     [(100000:100000:scope)] Id:298756, click 0 down, ETF: 0, CTP: 0, state: 0
10-28 23:54:27.758   60099-60099   C03951/org.mapl...InputKeyFlow  org.maplibre.harmony  I     [(100000:100000:scope)] Id:298756, click 0 down, ETF: 0, CTP: 0, state: 0
10-28 23:54:27.758   60099-60099   C03951/org.mapl...InputKeyFlow  org.maplibre.harmony  I     [(100000:100000:scope)] Id:298756, pan 0 down, state: 0
10-28 23:54:27.758   60099-60099   C03919/org.map...InputTracking  org.maplibre.harmony  I     [(100000:100000:scope)] Consumed new event id=298756 in ace_container, lastEventInfo: id:298754
10-28 23:54:27.782   60099-60099   C03951/org.mapl...InputKeyFlow  org.maplibre.harmony  I     [(100000:100000:scope)] Pan accepted, tag = List
10-28 23:54:27.782   60099-60099   C0390B/org.map...AceScrollable  org.maplibre.harmony  I     [(100000:100000:scope)] Scroll drag start, id:10, tag:List
10-28 23:54:27.783   60099-60205   C02805/org.mapl...InputKeyFlow  org.maplibre.harmony  I     [P:M:298761][OnPointerEvent:228] Last eventId:0, current eventId:298761
10-28 23:54:27.828   60099-60099   C02805/org.mapl...InputKeyFlow  org.maplibre.harmony  I     [B:UK:298767][SetLastProcessedEventId:54] Last eventId:0, current eventId:298767
10-28 23:54:27.828   60099-60255   C02805/org.mapl...InputKeyFlow  org.maplibre.harmony  I     [][MarkProcessed:71] Ffrt PE: 298712 298767
10-28 23:54:27.850   60099-60099   C01406/org.map...mony/OHOS::RS  org.maplibre.harmony  I     RSUIDirector::ProcessMessages messageId:20, cmdCount:2, instanceId:100000
10-28 23:54:27.850   60099-60099   C01406/org.map...mony/OHOS::RS  org.maplibre.harmony  I     RSUIDirector::PostTask messageId:20, cmdCount:2, instanceId:100000
10-28 23:54:27.868   60099-60099   C02504/org.map...ony/thp_extra  org.maplibre.harmony  I     ThpExtraRunCommand[122]ver:5.0.8ThpExtraRunCommand, cmd:THP_UpdateViewsLocation, param:thp#Location#
10-28 23:54:27.868   60099-60099   C02504/org.map...ony/thp_extra  org.maplibre.harmony  I     InitTpInterfaces[33]InitTpInterfaces+
10-28 23:54:27.868   60099-60099   C02504/org.map...ony/thp_extra  org.maplibre.harmony  E     InitTpInterfaces[35]inited +
10-28 23:54:27.923   60099-60099   C01406/org.map...mony/OHOS::RS  org.maplibre.harmony  I     RSUIDirector::ProcessMessages messageId:21, cmdCount:2, instanceId:100000
10-28 23:54:27.924   60099-60099   C01406/org.map...mony/OHOS::RS  org.maplibre.harmony  I     RSUIDirector::PostTask messageId:21, cmdCount:2, instanceId:100000
10-28 23:54:27.973   60099-60099   C01406/org.map...mony/OHOS::RS  org.maplibre.harmony  I     RSUIDirector::ProcessMessages messageId:22, cmdCount:2, instanceId:100000
10-28 23:54:27.973   60099-60099   C01406/org.map...mony/OHOS::RS  org.maplibre.harmony  I     RSUIDirector::PostTask messageId:22, cmdCount:2, instanceId:100000
10-28 23:54:28.107   60099-60205   C02805/org.mapl...InputKeyFlow  org.maplibre.harmony  I     [][OnPointerEvent:216] ac: move, first: 298758-(2025-10-28 23:54:27.760ms), 298805, count: 48, last: ac: up: 298806
10-28 23:54:28.107   60099-60205   C02805/org.mapl...InputKeyFlow  org.maplibre.harmony  I     [P:U:298806][OnPointerEvent:544] id:298806 recv
10-28 23:54:28.107   60099-60205   C04213/org.mapl...InputKeyFlow  org.maplibre.harmony  I     [] OnInputEvent(86): eid:3,InputId:298806,wid:798,ac:4
10-28 23:54:28.108   60099-60205   C04213/org.mapl...InputKeyFlow  org.maplibre.harmony  I     [] ConsumePointerEventInner(876): InputId:298806,wid:798,pointId:0,srcType:2,rect:[0,0,1216,2688],notify:1
10-28 23:54:28.108   60099-60099   C03951/org.mapl...InputKeyFlow  org.maplibre.harmony  I     [(100000:100000:scope)] InputTracking id:298806, fingerId:0, type=1, inject=0, isPrivacyMode=0
10-28 23:54:28.109   60099-60099   C03951/org.mapl...InputKeyFlow  org.maplibre.harmony  I     [(100000:100000:scope)] Id:298806, exclusive 0 type: 1
10-28 23:54:28.109   60099-60099   C03951/org.mapl...InputKeyFlow  org.maplibre.harmony  I     [(100000:100000:scope)] Id:298806, click 0 up, state: 6
10-28 23:54:28.109   60099-60099   C03951/org.mapl...InputKeyFlow  org.maplibre.harmony  I     [(100000:100000:scope)] Id:298806, click 0 up, state: 6
10-28 23:54:28.109   60099-60099   C03951/org.mapl...InputKeyFlow  org.maplibre.harmony  I     [(100000:100000:scope)] Id:298806, pan 0 up, state: 5
10-28 23:54:28.109   60099-60099   C03900/org.map...e.harmony/Ace  org.maplibre.harmony  I     [(100000:100000:scope)] xAxis last tracker points[5] x=0.351230 y=89.000000
10-28 23:54:28.109   60099-60099   C03900/org.map...e.harmony/Ace  org.maplibre.harmony  I     [(100000:100000:scope)] xAxis last tracker points[4] x=0.343991 y=89.000000
10-28 23:54:28.109   60099-60099   C03900/org.map...e.harmony/Ace  org.maplibre.harmony  I     [(100000:100000:scope)] xAxis last tracker points[3] x=0.335989 y=89.000000
10-28 23:54:28.109   60099-60099   C03900/org.map...e.harmony/Ace  org.maplibre.harmony  I     [(100000:100000:scope)] xAxis last tracker points[2] x=0.328715 y=89.000000
10-28 23:54:28.109   60099-60099   C03900/org.map...e.harmony/Ace  org.maplibre.harmony  I     [(100000:100000:scope)] xAxis last tracker points[1] x=0.321061 y=89.000000
10-28 23:54:28.109   60099-60099   C03900/org.map...e.harmony/Ace  org.maplibre.harmony  I     [(100000:100000:scope)] yAxis last tracker points[5] x=0.351230 y=-761.000000
10-28 23:54:28.109   60099-60099   C03900/org.map...e.harmony/Ace  org.maplibre.harmony  I     [(100000:100000:scope)] yAxis last tracker points[4] x=0.343991 y=-761.000000
10-28 23:54:28.109   60099-60099   C03900/org.map...e.harmony/Ace  org.maplibre.harmony  I     [(100000:100000:scope)] yAxis last tracker points[3] x=0.335989 y=-761.000000
10-28 23:54:28.109   60099-60099   C03900/org.map...e.harmony/Ace  org.maplibre.harmony  I     [(100000:100000:scope)] yAxis last tracker points[2] x=0.328715 y=-761.000000
10-28 23:54:28.109   60099-60099   C03900/org.map...e.harmony/Ace  org.maplibre.harmony  I     [(100000:100000:scope)] yAxis last tracker points[1] x=0.321061 y=-761.000000
10-28 23:54:28.109   60099-60099   C0390B/org.map...AceScrollable  org.maplibre.harmony  I     [(100000:100000:scope)] Scroll drag end, velocity is -0.001000 id:10, tag:List
10-28 23:54:28.110   60099-60099   C03951/org.mapl...InputKeyFlow  org.maplibre.harmony  I     [(100000:100000:scope)] id: 0, log: {types: Click, node: List, prcd: Down, state: READY, extraInfo: ETF: 0 CFP: 0, prcd: Up, state: FAIL, extraInfo: ETF: 0 CFP: 0}{types: Click, node: Column, prcd: Down, state: READY, extraInfo: ETF: 0 CFP: 0, prcd: Up, state: FAIL, extraInfo: ETF: 0 CFP: 0}{types: Pan, node: List, prcd: Down, state: DETECTING, prcd: Up, state: SUCCEED, prcd: Up, state: READY, extraInfo: currentFingers: 1 fingers: 1}
10-28 23:54:28.110   60099-60099   C03919/org.map...InputTracking  org.maplibre.harmony  I     [(100000:100000:scope)] Consumed new event id=298806 in ace_container, lastEventInfo: id:298805
10-28 23:54:28.217   60099-60099   C02504/org.map...ony/thp_extra  org.maplibre.harmony  I     ThpExtraRunCommand[122]ver:5.0.8ThpExtraRunCommand, cmd:THP_UpdateViewsLocation, param:thp#Location#
10-28 23:54:28.217   60099-60099   C02504/org.map...ony/thp_extra  org.maplibre.harmony  I     InitTpInterfaces[33]InitTpInterfaces+
10-28 23:54:28.217   60099-60099   C02504/org.map...ony/thp_extra  org.maplibre.harmony  E     InitTpInterfaces[35]inited +
10-28 23:54:28.421   60099-60205   C02805/org.mapl...InputKeyFlow  org.maplibre.harmony  I     [][OnPointerEvent:216] ac: down: 298807
10-28 23:54:28.421   60099-60205   C02805/org.mapl...InputKeyFlow  org.maplibre.harmony  I     [P:D:298807][OnPointerEvent:544] id:298807 recv
10-28 23:54:28.421   60099-60205   C04213/org.mapl...InputKeyFlow  org.maplibre.harmony  I     [] OnInputEvent(86): eid:4,InputId:298807,wid:798,ac:2
10-28 23:54:28.422   60099-60205   C04219/org.map...mony/WMSDecor  org.maplibre.harmony  W     [] GetDecorHeight(2241): Get app window decor height failed
10-28 23:54:28.422   60099-60205   C03919/org.map...InputTracking  org.maplibre.harmony  I     [(-1:100000:singleton)] pointdown windowId: 798
10-28 23:54:28.422   60099-60205   C04213/org.mapl...InputKeyFlow  org.maplibre.harmony  I     [] ConsumePointerEventInner(876): InputId:298807,wid:798,pointId:0,srcType:2,rect:[0,0,1216,2688],notify:1
10-28 23:54:28.423   60099-60099   C03951/org.mapl...InputKeyFlow  org.maplibre.harmony  I     [(100000:100000:scope)] InputTracking id:298807, fingerId:0, type=0, inject=0, isPrivacyMode=0
10-28 23:54:28.423   60099-60099   C03951/org.mapl...InputKeyFlow  org.maplibre.harmony  I     [(100000:100000:scope)] InputTracking id:298807, touch test hitted node info: fingerId: 0{ tag: List, depth: 6 };
10-28 23:54:28.423   60099-60099   C03951/org.mapl...InputKeyFlow  org.maplibre.harmony  I     [(100000:100000:scope)] InputTracking id:298807, touch test hitted recognizer type info: recognizer type ClickRecognizer node info: { tag: List }; { tag: Column };recognizer type PanRecognizer node info: { tag: List };
10-28 23:54:28.423   60099-60099   C0394B/org.mapl...AceScrollBar  org.maplibre.harmony  I     [(100000:100000:scope)] inner scrollBar touch down, panDirection: 0
10-28 23:54:28.423   60099-60099   C03951/org.mapl...InputKeyFlow  org.maplibre.harmony  I     [(100000:100000:scope)] Id:298807, exclusive 0 type: 0
10-28 23:54:28.423   60099-60099   C03951/org.mapl...InputKeyFlow  org.maplibre.harmony  I     [(100000:100000:scope)] Id:298807, click 0 down, ETF: 0, CTP: 0, state: 0
10-28 23:54:28.423   60099-60099   C03951/org.mapl...InputKeyFlow  org.maplibre.harmony  I     [(100000:100000:scope)] Id:298807, click 0 down, ETF: 0, CTP: 0, state: 0
10-28 23:54:28.423   60099-60099   C03951/org.mapl...InputKeyFlow  org.maplibre.harmony  I     [(100000:100000:scope)] Id:298807, pan 0 down, state: 0
10-28 23:54:28.423   60099-60099   C03919/org.map...InputTracking  org.maplibre.harmony  I     [(100000:100000:scope)] Consumed new event id=298807 in ace_container, lastEventInfo: id:298805
10-28 23:54:28.424   60099-60205   C02805/org.mapl...InputKeyFlow  org.maplibre.harmony  I     [][OnPointerEvent:216] ac: move: 298808
10-28 23:54:28.441   60099-60205   C02805/org.mapl...InputKeyFlow  org.maplibre.harmony  I     [P:M:298811][OnPointerEvent:228] Last eventId:298761, current eventId:298811
10-28 23:54:28.487   60099-60205   C02805/org.mapl...InputKeyFlow  org.maplibre.harmony  I     [][OnPointerEvent:216] ac: move, first: 298809-(2025-10-28 23:54:28.426ms), 298816, count: 8, last: ac: up: 298817
10-28 23:54:28.487   60099-60205   C02805/org.mapl...InputKeyFlow  org.maplibre.harmony  I     [P:U:298817][OnPointerEvent:544] id:298817 recv
10-28 23:54:28.487   60099-60205   C04213/org.mapl...InputKeyFlow  org.maplibre.harmony  I     [] OnInputEvent(86): eid:5,InputId:298817,wid:798,ac:4
10-28 23:54:28.488   60099-60205   C04213/org.mapl...InputKeyFlow  org.maplibre.harmony  I     [] ConsumePointerEventInner(876): InputId:298817,wid:798,pointId:0,srcType:2,rect:[0,0,1216,2688],notify:1
10-28 23:54:28.489   60099-60099   C03951/org.mapl...InputKeyFlow  org.maplibre.harmony  I     [(100000:100000:scope)] InputTracking id:298817, fingerId:0, type=1, inject=0, isPrivacyMode=0
10-28 23:54:28.489   60099-60099   C03951/org.mapl...InputKeyFlow  org.maplibre.harmony  I     [(100000:100000:scope)] Id:298817, exclusive 0 type: 1
10-28 23:54:28.489   60099-60099   C03951/org.mapl...InputKeyFlow  org.maplibre.harmony  I     [(100000:100000:scope)] Id:298817, click 0 up, state: 0
10-28 23:54:28.489   60099-60099   C0391E/org.map...ny/AceGesture  org.maplibre.harmony  I     [(100000:100000:scope)] Click try accept
10-28 23:54:28.489   60099-60099   C0390B/org.map...AceScrollable  org.maplibre.harmony  I     [(100000:100000:scope)] Scrollable GestureJudge:0, 0
10-28 23:54:28.489   60099-60099   C03951/org.mapl...InputKeyFlow  org.maplibre.harmony  I     [(100000:100000:scope)] Id:298817, click 0 up, state: 0
10-28 23:54:28.489   60099-60099   C0391E/org.map...ny/AceGesture  org.maplibre.harmony  I     [(100000:100000:scope)] Click try accept
10-28 23:54:28.489   60099-60099   C03951/org.mapl...InputKeyFlow  org.maplibre.harmony  I     [(100000:100000:scope)] Click accepted, tag: Column
10-28 23:54:28.491   60099-60099   A00000/org.map...harmony/Index  org.maplibre.harmony  I     Attempting to navigate to: pages/MultiMapTestPage
10-28 23:54:28.491   60099-60099   C03925/org.map...ony/AceRouter  org.maplibre.harmony  I     [(100000:100000:scope)] Page router manager is creating page[2]: url: pages/MultiMapTestPage path: pages/MultiMapTestPage.js, recoverable: yes, namedRouter: no
10-28 23:54:28.492   60099-60099   C03F01/org.map....harmony/NAPI  org.maplibre.harmony  I     [(native_module_manager.cpp:605)(LoadNativeModule)] key is default/maplibre_native
10-28 23:54:28.495   60099-60099   C03F00/MUSL-LDSO                org.maplibre.harmony  E     Error loading header libpixelmap_ndk.z.so, namespace default has no inherits, errno=2
10-28 23:54:28.495   60099-60099   C03F00/MUSL-LDSO                org.maplibre.harmony  E     Error loading header libzstd.so.1, namespace ndk has no inherits, errno=2
10-28 23:54:28.495   60099-60099   C03F00/MUSL-LDSO                org.maplibre.harmony  E     Error loading header: can't find library libzstd.so.1 in namespace: moduleNs_default
10-28 23:54:28.495   60099-60099   C03F00/MUSL-LDSO                org.maplibre.harmony  E     Error loading shared library libzstd.so.1: (needed by /data/storage/el1/bundle/libs/arm64/libcurl.so.4)
10-28 23:54:28.495   60099-60099   C03F01/org.map....harmony/NAPI  org.maplibre.harmony  E     [(native_module_manager.cpp:868)(LoadModuleLibrary)] First attempt: load app module failed. Error loading shared library libzstd.so.1: No such file or directory (needed by /data/storage/el1/bundle/libs/arm64/libcurl.so.4)
                                                                                               Second attempt: load module default/maplibre_native failed. module path is empty
10-28 23:54:28.495   60099-60099   C03F01/org.map....harmony/NAPI  org.maplibre.harmony  E     [(native_module_manager.cpp:932)(GetFileBuffer)]  is not existed.
10-28 23:54:28.495   60099-60099   C03F01/org.map....harmony/NAPI  org.maplibre.harmony  E     [(native_module_manager.cpp:1040)(FindNativeModuleByDisk)] First attempt: load app module failed. Error loading shared library libzstd.so.1: No such file or directory (needed by /data/storage/el1/bundle/libs/arm64/libcurl.so.4)
                                                                                               Second attempt: load module default/maplibre_native failed. module path is empty
                                                                                               try to load abc file from  failed
10-28 23:54:28.495   60099-60099   C03F01/org.map....harmony/NAPI  org.maplibre.harmony  I     [(ark_native_engine.cpp:490)(operator())] First attempt: load app module failed. Error loading shared library libzstd.so.1: No such file or directory (needed by /data/storage/el1/bundle/libs/arm64/libcurl.so.4)
                                                                                               Second attempt: load module default/maplibre_native failed. module path is empty
                                                                                               try to load abc file from  failed
10-28 23:54:28.495   60099-60099   C03F00/org.map...y/ArkCompiler  org.maplibre.harmony  E     [default] [LoadNativeModule:468] export objects of native so is undefined, so name is maplibre_harmony
10-28 23:54:28.495   60099-60099   C03F00/org.map...y/ArkCompiler  org.maplibre.harmony  I     [default] [EvaluateNativeModule:495] LoadNativeModule @normalized:Y&&&libmaplibre_native.so& failed
10-28 23:54:28.499   60099-60099   C03F01/org.map....harmony/NAPI  org.maplibre.harmony  I     [(native_module_manager.cpp:297)(Register)] At tail register module name is 'promptAction', isAppModule is 0
10-28 23:54:28.500   60099-60099   C03900/org.map...e.harmony/Ace  org.maplibre.harmony  I     [(100000:100000:scope)] build ohmUrl for forward compatibility
10-28 23:54:28.500   60099-60099   C03925/org.map...ony/AceRouter  org.maplibre.harmony  I     [(100000:100000:scope)] add named router record, name: , bundleName: org.maplibre.harmony, moduleName: maplibre_harmony, pagePath: pages/MultiMapTestPage, pageFullPath: maplibre_harmony/src/main/ets/pages/MultiMapTestPage, ohmUrl: @bundle:org.maplibre.harmony/maplibre_harmony/ets/pages/MultiMapTestPage
10-28 23:54:28.504   60099-60099   A00000/org.map...stureDetector  org.maplibre.harmony  I     Initialized pixelRatio: 3.25 (DPI: 520)
10-28 23:54:28.505   60099-60099   C03926/org.map...mony/AceTheme  org.maplibre.harmony  W     [(100000:100000:scope)] style -1 not contains divider_pattern!
10-28 23:54:28.505   60099-60099   C04201/org.map...isplayManager  org.maplibre.harmony  W     (634)GetDisplayById: update display from cache, Id: 0
10-28 23:54:28.505   60099-60099   A00000/org.map...stureDetector  org.maplibre.harmony  I     Initialized pixelRatio: 3.25 (DPI: 520)
10-28 23:54:28.506   60099-60099   C04201/org.map...isplayManager  org.maplibre.harmony  W     (634)GetDisplayById: update display from cache, Id: 0
10-28 23:54:28.506   60099-60099   A00000/org.map...stureDetector  org.maplibre.harmony  I     Initialized pixelRatio: 3.25 (DPI: 520)
10-28 23:54:28.507   60099-60099   A00000/org.map...NativeMapView  org.maplibre.harmony  I     Component aboutToAppear
10-28 23:54:28.507   60099-60099   A00000/org.map...NativeMapView  org.maplibre.harmony  I     Initial config: lat=30.2489, lng=120.1363, zoom=10, bearing=0, pitch=0
10-28 23:54:28.508   60099-60099   C03931/org.map...AceXcomponent  org.maplibre.harmony  I     [(100000:100000:scope)] InitializeAccessibilityCallback
10-28 23:54:28.508   60099-60099   C03931/org.map...AceXcomponent  org.maplibre.harmony  I     [(100000:100000:scope)] InitializeAccessibility accessibilityId: 321
10-28 23:54:28.509   60099-60099   C03931/org.map...AceXcomponent  org.maplibre.harmony  I     [(100000:100000:scope)] XComponent[nodeId:323] AttachToMainTree
10-28 23:54:28.509   60099-60099   A00000/org.map...NativeMapView  org.maplibre.harmony  I     Component aboutToAppear
10-28 23:54:28.509   60099-60099   A00000/org.map...NativeMapView  org.maplibre.harmony  I     Initial config: lat=39.9042, lng=116.4074, zoom=10, bearing=0, pitch=0
10-28 23:54:28.509   60099-60099   C03931/org.map...AceXcomponent  org.maplibre.harmony  I     [(100000:100000:scope)] InitializeAccessibilityCallback
10-28 23:54:28.509   60099-60099   C03931/org.map...AceXcomponent  org.maplibre.harmony  I     [(100000:100000:scope)] InitializeAccessibility accessibilityId: 325
10-28 23:54:28.510   60099-60099   C03931/org.map...AceXcomponent  org.maplibre.harmony  I     [(100000:100000:scope)] XComponent[nodeId:327] AttachToMainTree
10-28 23:54:28.510   60099-60099   A00000/org.map...NativeMapView  org.maplibre.harmony  I     Component aboutToAppear
10-28 23:54:28.510   60099-60099   A00000/org.map...NativeMapView  org.maplibre.harmony  I     Initial config: lat=31.2397, lng=121.4997, zoom=10, bearing=0, pitch=0
10-28 23:54:28.511   60099-60099   C03931/org.map...AceXcomponent  org.maplibre.harmony  I     [(100000:100000:scope)] InitializeAccessibilityCallback
10-28 23:54:28.511   60099-60099   C03931/org.map...AceXcomponent  org.maplibre.harmony  I     [(100000:100000:scope)] InitializeAccessibility accessibilityId: 329
10-28 23:54:28.511   60099-60099   C03931/org.map...AceXcomponent  org.maplibre.harmony  I     [(100000:100000:scope)] XComponent[nodeId:331] AttachToMainTree
10-28 23:54:28.511   60099-60099   C0391C/org.map...mony/AceFocus  org.maplibre.harmony  I     [(100000:100000:scope)] Focus view: page/2 hide
10-28 23:54:28.511   60099-60099   C0391C/org.map...mony/AceFocus  org.maplibre.harmony  I     [(100000:100000:scope)] Focus view: page/2 lost focus
10-28 23:54:28.511   60099-60099   C03922/org.map...AceNavigation  org.maplibre.harmony  I     [(100000:100000:scope)] can't find inner navigation
10-28 23:54:28.511   60099-60099   C0391C/org.map...mony/AceFocus  org.maplibre.harmony  I     [(100000:100000:scope)] Focus view: page/259 show
10-28 23:54:28.511   60099-60099   C03922/org.map...AceNavigation  org.maplibre.harmony  I     [(100000:100000:scope)] can't find inner navigation
10-28 23:54:28.511   60099-60099   C03933/org.map...y/AceKeyboard  org.maplibre.harmony  I     [(100000:100000:scope)] StageManager FrameNode notNeedSoftKeyboard.
10-28 23:54:28.511   60099-60099   C03933/org.map...y/AceKeyboard  org.maplibre.harmony  I     [(100000:100000:scope)] Container not ScenceBoardWindow.
10-28 23:54:28.511   60099-60099   C03933/org.map...y/AceKeyboard  org.maplibre.harmony  I     [(100000:100000:scope)] Ime Not Shown, Ime Not Attached, No need to close keyboard
10-28 23:54:28.511   60099-60099   C03925/org.map...ony/AceRouter  org.maplibre.harmony  I     [(100000:100000:scope)] LoadPage Success
10-28 23:54:28.511   60099-60099   A00000/org.map...harmony/Index  org.maplibre.harmony  I     Successfully navigated to: pages/MultiMapTestPage
10-28 23:54:28.511   60099-60099   C03951/org.mapl...InputKeyFlow  org.maplibre.harmony  I     [(100000:100000:scope)] Id:298817, pan 0 up, state: 6
10-28 23:54:28.511   60099-60099   C03951/org.mapl...InputKeyFlow  org.maplibre.harmony  I     [(100000:100000:scope)] id: 0, log: {types: Click, node: List, prcd: Down, state: READY, extraInfo: ETF: 0 CFP: 0, prcd: Up, state: FAIL, extraInfo: ETF: 0 CFP: 0}{types: Click, node: Column, prcd: Down, state: READY, extraInfo: ETF: 0 CFP: 0, prcd: Up, state: SUCCEED, extraInfo: ETF: 0 CFP: 0}{types: Pan, node: List, prcd: Down, state: DETECTING, prcd: Up, state: FAIL, extraInfo: currentFingers: 1 fingers: 1}
10-28 23:54:28.511   60099-60099   C03919/org.map...InputTracking  org.maplibre.harmony  I     [(100000:100000:scope)] Consumed new event id=298817 in ace_container, lastEventInfo: id:298816
10-28 23:54:28.512   60099-60099   C03914/org.mapl...AceTextField  org.maplibre.harmony  I     [(100000:100000:scope)] destroy TxtParagraph with placeholderCnt_ 0, textAlign_ 0, count 0
10-28 23:54:28.516   60099-60099   C03931/org.map...AceXcomponent  org.maplibre.harmony  I     [(100000:100000:scope)] XComponent[nodeId:323] triggers onLoad and OnSurfaceCreated callback
10-28 23:54:28.517   60099-60099   A00000/org.map...NativeMapView  org.maplibre.harmony  W     NativeMapView: onSurfaceCreated surfaceId: 6339371731730, delaying initialization
10-28 23:54:28.517   60099-60099   A00000/org.map...NativeMapView  org.maplibre.harmony  I     Using cache path: /data/storage/el2/base/haps/maplibre_harmony/cache/maplibre
10-28 23:54:28.517   60099-60099   A00000/org.map...NativeMapView  org.maplibre.harmony  W     [DEBUG] Creating NativeMapView instance with cachePath...
10-28 23:54:28.517   60099-60099   C03F00/org.map...y/ArkCompiler  org.maplibre.harmony  W     [default] [GetNativeOrCjsExports:50] Load native module failed, so is @normalized:Y&&&libmaplibre_native.so&
10-28 23:54:28.517   60099-60099   A00000/org.map...NativeMapView  org.maplibre.harmony  E     Failed to initialize map: Cannot read property NativeMapView of undefined
10-28 23:54:28.517   60099-60099   A00000/org.map...NativeMapView  org.maplibre.harmony  E     Error stack:     at onSurfaceCreated (maplibre_harmony/src/main/ets/maps/NativeMapView.ets:83:35)
10-28 23:54:28.517   60099-60099   A00000/org.map...NativeMapView  org.maplibre.harmony  I     onSurfaceChanged: 1216x813
10-28 23:54:28.517   60099-60099   C01406/org.map...mony/OHOS::RS  org.maplibre.harmony  I     RSNode::AddChild, Id: 258123239522572, SurfaceNode:[Id: 258123239522573, name: nodeId:323Surface]
10-28 23:54:28.517   60099-60099   C03931/org.map...AceXcomponent  org.maplibre.harmony  I     [(100000:100000:scope)] XComponent[nodeId:327] triggers onLoad and OnSurfaceCreated callback
10-28 23:54:28.517   60099-60099   A00000/org.map...NativeMapView  org.maplibre.harmony  W     NativeMapView: onSurfaceCreated surfaceId: 6339371731731, delaying initialization
10-28 23:54:28.517   60099-60099   A00000/org.map...NativeMapView  org.maplibre.harmony  I     Using cache path: /data/storage/el2/base/haps/maplibre_harmony/cache/maplibre
10-28 23:54:28.517   60099-60099   A00000/org.map...NativeMapView  org.maplibre.harmony  W     [DEBUG] Creating NativeMapView instance with cachePath...
10-28 23:54:28.517   60099-60099   C03F00/org.map...y/ArkCompiler  org.maplibre.harmony  W     [default] [GetNativeOrCjsExports:50] Load native module failed, so is @normalized:Y&&&libmaplibre_native.so&
10-28 23:54:28.517   60099-60099   A00000/org.map...NativeMapView  org.maplibre.harmony  E     Failed to initialize map: Cannot read property NativeMapView of undefined
10-28 23:54:28.517   60099-60099   A00000/org.map...NativeMapView  org.maplibre.harmony  E     Error stack:     at onSurfaceCreated (maplibre_harmony/src/main/ets/maps/NativeMapView.ets:83:35)
10-28 23:54:28.517   60099-60099   A00000/org.map...NativeMapView  org.maplibre.harmony  I     onSurfaceChanged: 1216x813
10-28 23:54:28.517   60099-60099   C01406/org.map...mony/OHOS::RS  org.maplibre.harmony  I     RSNode::AddChild, Id: 258123239522575, SurfaceNode:[Id: 258123239522576, name: nodeId:327Surface]
10-28 23:54:28.517   60099-60099   C03931/org.map...AceXcomponent  org.maplibre.harmony  I     [(100000:100000:scope)] XComponent[nodeId:331] triggers onLoad and OnSurfaceCreated callback
10-28 23:54:28.517   60099-60099   A00000/org.map...NativeMapView  org.maplibre.harmony  W     NativeMapView: onSurfaceCreated surfaceId: 6339371731732, delaying initialization
10-28 23:54:28.517   60099-60099   A00000/org.map...NativeMapView  org.maplibre.harmony  I     Using cache path: /data/storage/el2/base/haps/maplibre_harmony/cache/maplibre
10-28 23:54:28.517   60099-60099   A00000/org.map...NativeMapView  org.maplibre.harmony  W     [DEBUG] Creating NativeMapView instance with cachePath...
10-28 23:54:28.517   60099-60099   C03F00/org.map...y/ArkCompiler  org.maplibre.harmony  W     [default] [GetNativeOrCjsExports:50] Load native module failed, so is @normalized:Y&&&libmaplibre_native.so&
10-28 23:54:28.517   60099-60099   A00000/org.map...NativeMapView  org.maplibre.harmony  E     Failed to initialize map: Cannot read property NativeMapView of undefined
10-28 23:54:28.517   60099-60099   A00000/org.map...NativeMapView  org.maplibre.harmony  E     Error stack:     at onSurfaceCreated (maplibre_harmony/src/main/ets/maps/NativeMapView.ets:83:35)
10-28 23:54:28.518   60099-60099   A00000/org.map...NativeMapView  org.maplibre.harmony  I     onSurfaceChanged: 1216x813
10-28 23:54:28.518   60099-60099   C01406/org.map...mony/OHOS::RS  org.maplibre.harmony  I     RSNode::AddChild, Id: 258123239522578, SurfaceNode:[Id: 258123239522579, name: nodeId:331Surface]
10-28 23:54:28.518   60099-60099   C03930/org.mapl...AceAnimation  org.maplibre.harmony  I     [(100000:100000:scope)] start pageTransition, from node 2 to 259
10-28 23:54:28.862   60099-60207   C01406/org.map...mony/OHOS::RS  org.maplibre.harmony  I     RSUIDirector::ProcessMessages messageId:23, cmdCount:1, instanceId:100000
10-28 23:54:28.862   60099-60099   C01406/org.map...mony/OHOS::RS  org.maplibre.harmony  I     RSUIDirector::PostTask messageId:23, cmdCount:1, instanceId:100000
10-28 23:54:28.914   60099-60207   C01406/org.map...mony/OHOS::RS  org.maplibre.harmony  I     RSUIDirector::ProcessMessages messageId:24, cmdCount:4, instanceId:100000
10-28 23:54:28.914   60099-60099   C01406/org.map...mony/OHOS::RS  org.maplibre.harmony  I     RSUIDirector::PostTask messageId:24, cmdCount:4, instanceId:100000
10-28 23:54:28.915   60099-60099   C03930/org.mapl...AceAnimation  org.maplibre.harmony  I     [(100000:100000:scope)] pageTransition in finish, nodeId:259
10-28 23:54:28.915   60099-60099   C0391C/org.map...mony/AceFocus  org.maplibre.harmony  I     [(100000:100000:scope)] Focus view: page/259 show
10-28 23:54:28.915   60099-60099   C03930/org.mapl...AceAnimation  org.maplibre.harmony  I     [(100000:100000:scope)] pageTransition exit finish, nodeId:2
10-28 23:54:28.916   60099-60099   C0391C/org.map...mony/AceFocus  org.maplibre.harmony  I     [(100000:100000:scope)] Focus view: page/2 hide
10-28 23:54:28.916   60099-60099   C0391C/org.map...mony/AceFocus  org.maplibre.harmony  I     [(100000:100000:scope)] Focus view: page/2 lost focus
10-28 23:54:28.918   60099-60099   C0391C/org.map...mony/AceFocus  org.maplibre.harmony  I     [(100000:100000:scope)] Request focus on focus view: page/259.
10-28 23:54:28.918   60099-60099   C0391C/org.map...mony/AceFocus  org.maplibre.harmony  I     [(100000:100000:scope)] Focus view has no default focus.
10-28 23:54:28.918   60099-60099   C0391C/org.map...mony/AceFocus  org.maplibre.harmony  I     [(100000:100000:scope)] FocusSwitch end, Column/secure_field onBlur, Column/secure_field onFocus, start: 2, end: 1, update: 2
10-28 23:54:28.918   60099-60099   C03933/org.map...y/AceKeyboard  org.maplibre.harmony  I     [(100000:100000:scope)] current focus node info : (Column/262).
10-28 23:54:28.918   60099-60099   C03933/org.map...y/AceKeyboard  org.maplibre.harmony  I     [(100000:100000:scope)] FrameNode(Column/262) notNeedSoftKeyboard.
10-28 23:54:28.918   60099-60099   C03933/org.map...y/AceKeyboard  org.maplibre.harmony  I     [(100000:100000:scope)] Ime Not Shown, Ime Not Attached, No need to close keyboard
10-28 23:54:28.918   60099-60099   C0391C/org.map...mony/AceFocus  org.maplibre.harmony  I     [(100000:100000:scope)] Request focus on view root scope: Column/262 return: 1.
10-28 23:54:29.294   60099-60099   C02504/org.map...ony/thp_extra  org.maplibre.harmony  I     ThpExtraRunCommand[122]ver:5.0.8ThpExtraRunCommand, cmd:THP_UpdateViewsLocation, param:thp#Location#16,133,225,263
10-28 23:54:29.294   60099-60099   C02504/org.map...ony/thp_extra  org.maplibre.harmony  I     InitTpInterfaces[33]InitTpInterfaces+
10-28 23:54:29.294   60099-60099   C02504/org.map...ony/thp_extra  org.maplibre.harmony  E     InitTpInterfaces[35]inited +
10-28 23:54:29.745   60099-60200   C01719/org.map....harmony/ffrt  org.maplibre.harmony  W     9:~WorkerThread:72 to exit, qos[0]
10-28 23:54:29.870   60099-60194   C01719/org.map....harmony/ffrt  org.maplibre.harmony  W     10:~WorkerThread:72 to exit, qos[3]
10-28 23:54:30.122   60099-60099   C01406/org.map...mony/OHOS::RS  org.maplibre.harmony  I     [RenderAnimation] Id: 258123239522354 SetExpectedFrameRateRange{0, 90, 15}
10-28 23:54:30.503   60099-60099   C01406/org.map...mony/OHOS::RS  org.maplibre.harmony  I     RSUIDirector::ProcessMessages messageId:25, cmdCount:1, instanceId:100000
10-28 23:54:30.504   60099-60099   C01406/org.map...mony/OHOS::RS  org.maplibre.harmony  I     RSUIDirector::PostTask messageId:25, cmdCount:1, instanceId:100000
10-28 23:54:30.537   60099-60099   C01406/org.map...mony/OHOS::RS  org.maplibre.harmony  I     [RenderAnimation] Id: 258123239522355 SetExpectedFrameRateRange{0, 90, 15}
10-28 23:54:30.916   60099-60099   C01406/org.map...mony/OHOS::RS  org.maplibre.harmony  I     RSUIDirector::ProcessMessages messageId:26, cmdCount:1, instanceId:100000
10-28 23:54:30.917   60099-60099   C01406/org.map...mony/OHOS::RS  org.maplibre.harmony  I     RSUIDirector::PostTask messageId:26, cmdCount:1, instanceId:100000
10-28 23:54:32.724   60099-60214   C01719/org.map....harmony/ffrt  org.maplibre.harmony  W     11:~WorkerThread:72 to exit, qos[3]
10-28 23:54:32.725   60099-60189   C03F00/org.map...y/ArkCompiler  org.maplibre.harmony  I     [gc] SmartGC: app cold start finished
10-28 23:54:33.125   60099-60197   C01719/org.map....harmony/ffrt  org.maplibre.harmony  W     12:~WorkerThread:72 to exit, qos[2]
10-28 23:54:33.459   60099-60255   C01719/org.map....harmony/ffrt  org.maplibre.harmony  W     13:~WorkerThread:72 to exit, qos[4]
10-28 23:54:33.474   60099-60256   C01719/org.map....harmony/ffrt  org.maplibre.harmony  W     14:~WorkerThread:72 to exit, qos[4]
10-28 23:54:33.512   60099-60198   C01719/org.map....harmony/ffrt  org.maplibre.harmony  W     15:~WorkerThread:72 to exit, qos[2]
10-28 23:54:33.513   60099-60254   C01719/org.map....harmony/ffrt  org.maplibre.harmony  W     16:~WorkerThread:72 to exit, qos[4]
10-28 23:54:33.523   60099-60216   C01719/org.map....harmony/ffrt  org.maplibre.harmony  W     17:~WorkerThread:72 to exit, qos[2]
10-28 23:54:34.592   60099-60205   C02805/org.mapl...InputKeyFlow  org.maplibre.harmony  I     [][OnPointerEvent:216] ac: down: 298818
10-28 23:54:34.593   60099-60205   C02805/org.mapl...InputKeyFlow  org.maplibre.harmony  I     [P:D:298818][OnPointerEvent:544] id:298818 recv
10-28 23:54:34.593   60099-60205   C04213/org.mapl...InputKeyFlow  org.maplibre.harmony  I     [] OnInputEvent(86): eid:6,InputId:298818,wid:798,ac:2
10-28 23:54:34.594   60099-60205   C04219/org.map...mony/WMSDecor  org.maplibre.harmony  W     [] GetDecorHeight(2241): Get app window decor height failed
10-28 23:54:34.594   60099-60205   C03919/org.map...InputTracking  org.maplibre.harmony  I     [(-1:100000:singleton)] pointdown windowId: 798
10-28 23:54:34.594   60099-60205   C04213/org.mapl...InputKeyFlow  org.maplibre.harmony  I     [] ConsumePointerEventInner(876): InputId:298818,wid:798,pointId:0,srcType:2,rect:[0,0,1216,2688],notify:1
10-28 23:54:34.595   60099-60099   C03951/org.mapl...InputKeyFlow  org.maplibre.harmony  I     [(100000:100000:scope)] InputTracking id:298818, fingerId:0, type=0, inject=0, isPrivacyMode=0
10-28 23:54:34.595   60099-60099   C03951/org.mapl...InputKeyFlow  org.maplibre.harmony  I     [(100000:100000:scope)] InputTracking id:298818, touch test hitted node info: fingerId: 0{ tag: Scroll, depth: 6 };
10-28 23:54:34.595   60099-60099   C03951/org.mapl...InputKeyFlow  org.maplibre.harmony  I     [(100000:100000:scope)] InputTracking id:298818, touch test hitted recognizer type info: recognizer type ClickRecognizer node info: { tag: Scroll };recognizer type PanRecognizer node info: { tag: Scroll };
10-28 23:54:34.595   60099-60099   C0394B/org.mapl...AceScrollBar  org.maplibre.harmony  I     [(100000:100000:scope)] inner scrollBar touch down, panDirection: 0
10-28 23:54:34.595   60099-60099   C03951/org.mapl...InputKeyFlow  org.maplibre.harmony  I     [(100000:100000:scope)] Id:298818, exclusive 0 type: 0
10-28 23:54:34.595   60099-60099   C03951/org.mapl...InputKeyFlow  org.maplibre.harmony  I     [(100000:100000:scope)] Id:298818, click 0 down, ETF: 0, CTP: 0, state: 0
10-28 23:54:34.595   60099-60099   C03951/org.mapl...InputKeyFlow  org.maplibre.harmony  I     [(100000:100000:scope)] Id:298818, pan 0 down, state: 0
10-28 23:54:34.596   60099-60099   C03919/org.map...InputTracking  org.maplibre.harmony  I     [(100000:100000:scope)] Consumed new event id=298818 in ace_container, lastEventInfo: id:298816
10-28 23:54:34.668   60099-60205   C02805/org.mapl...InputKeyFlow  org.maplibre.harmony  I     [][OnPointerEvent:216] ac: move: 298819
10-28 23:54:34.689   60099-60099   C03951/org.mapl...InputKeyFlow  org.maplibre.harmony  I     [(100000:100000:scope)] Pan accepted, tag = Scroll
10-28 23:54:34.689   60099-60099   C0390B/org.map...AceScrollable  org.maplibre.harmony  I     [(100000:100000:scope)] Scroll drag start, id:275, tag:Scroll
10-28 23:54:34.696   60099-60099   C02805/org.mapl...InputKeyFlow  org.maplibre.harmony  I     [B:UK:298823][SetLastProcessedEventId:54] Last eventId:298767, current eventId:298823
10-28 23:54:34.696   60099-60308   C02805/org.mapl...InputKeyFlow  org.maplibre.harmony  I     [][MarkProcessed:71] Ffrt PE: 298769 298823
10-28 23:54:34.751   60099-60205   C02805/org.mapl...InputKeyFlow  org.maplibre.harmony  I     [][OnPointerEvent:216] ac: move, first: 298820-(2025-10-28 23:54:34.676ms), 298830, count: 11, last: ac: up: 298831
10-28 23:54:34.751   60099-60205   C02805/org.mapl...InputKeyFlow  org.maplibre.harmony  I     [P:U:298831][OnPointerEvent:544] id:298831 recv
10-28 23:54:34.751   60099-60205   C04213/org.mapl...InputKeyFlow  org.maplibre.harmony  I     [] OnInputEvent(86): eid:7,InputId:298831,wid:798,ac:4
10-28 23:54:34.752   60099-60205   C04213/org.mapl...InputKeyFlow  org.maplibre.harmony  I     [] ConsumePointerEventInner(876): InputId:298831,wid:798,pointId:0,srcType:2,rect:[0,0,1216,2688],notify:1
10-28 23:54:34.752   60099-60099   C03951/org.mapl...InputKeyFlow  org.maplibre.harmony  I     [(100000:100000:scope)] InputTracking id:298831, fingerId:0, type=1, inject=0, isPrivacyMode=0
10-28 23:54:34.752   60099-60099   C03951/org.mapl...InputKeyFlow  org.maplibre.harmony  I     [(100000:100000:scope)] Id:298831, exclusive 0 type: 1
10-28 23:54:34.752   60099-60099   C03951/org.mapl...InputKeyFlow  org.maplibre.harmony  I     [(100000:100000:scope)] Id:298831, click 0 up, state: 6
10-28 23:54:34.752   60099-60099   C03951/org.mapl...InputKeyFlow  org.maplibre.harmony  I     [(100000:100000:scope)] Id:298831, pan 0 up, state: 5
10-28 23:54:34.752   60099-60099   C0390B/org.map...AceScrollable  org.maplibre.harmony  I     [(100000:100000:scope)] Scroll drag end, velocity is -9451.786037 id:275, tag:Scroll
10-28 23:54:34.753   60099-60099   C03951/org.mapl...InputKeyFlow  org.maplibre.harmony  I     [(100000:100000:scope)] id: 0, log: {types: Click, node: Scroll, prcd: Down, state: READY, extraInfo: ETF: 0 CFP: 0, prcd: Up, state: FAIL, extraInfo: ETF: 0 CFP: 0}{types: Pan, node: Scroll, prcd: Down, state: DETECTING, prcd: Up, state: SUCCEED, prcd: Up, state: READY, extraInfo: currentFingers: 1 fingers: 1}
10-28 23:54:34.753   60099-60099   C03919/org.map...InputTracking  org.maplibre.harmony  I     [(100000:100000:scope)] Consumed new event id=298831 in ace_container, lastEventInfo: id:298830
10-28 23:54:34.780   60099-60099   C01406/org.map...mony/OHOS::RS  org.maplibre.harmony  I     RSUIDirector::ProcessMessages messageId:27, cmdCount:1, instanceId:100000
10-28 23:54:34.781   60099-60099   C01406/org.map...mony/OHOS::RS  org.maplibre.harmony  I     RSUIDirector::PostTask messageId:27, cmdCount:1, instanceId:100000
10-28 23:54:35.555   60099-60099   C02504/org.map...ony/thp_extra  org.maplibre.harmony  I     ThpExtraRunCommand[122]ver:5.0.8ThpExtraRunCommand, cmd:THP_UpdateViewsLocation, param:thp#Location#16,133,225,263
10-28 23:54:35.555   60099-60099   C02504/org.map...ony/thp_extra  org.maplibre.harmony  I     InitTpInterfaces[33]InitTpInterfaces+
10-28 23:54:35.555   60099-60099   C02504/org.map...ony/thp_extra  org.maplibre.harmony  E     InitTpInterfaces[35]inited +
10-28 23:54:35.618   60099-60099   C01406/org.map...mony/OHOS::RS  org.maplibre.harmony  I     RSUIDirector::ProcessMessages messageId:28, cmdCount:1, instanceId:100000
10-28 23:54:35.619   60099-60099   C01406/org.map...mony/OHOS::RS  org.maplibre.harmony  I     RSUIDirector::PostTask messageId:28, cmdCount:1, instanceId:100000
10-28 23:54:35.696   60099-60205   C02805/org.mapl...InputKeyFlow  org.maplibre.harmony  I     [][OnPointerEvent:216] ac: down: 298832
10-28 23:54:35.696   60099-60205   C02805/org.mapl...InputKeyFlow  org.maplibre.harmony  I     [P:D:298832][OnPointerEvent:544] id:298832 recv
10-28 23:54:35.696   60099-60205   C04213/org.mapl...InputKeyFlow  org.maplibre.harmony  I     [] OnInputEvent(86): eid:8,InputId:298832,wid:798,ac:2
10-28 23:54:35.697   60099-60205   C04219/org.map...mony/WMSDecor  org.maplibre.harmony  W     [] GetDecorHeight(2241): Get app window decor height failed
10-28 23:54:35.698   60099-60205   C03919/org.map...InputTracking  org.maplibre.harmony  I     [(-1:100000:singleton)] pointdown windowId: 798
10-28 23:54:35.698   60099-60205   C04213/org.mapl...InputKeyFlow  org.maplibre.harmony  I     [] ConsumePointerEventInner(876): InputId:298832,wid:798,pointId:0,srcType:2,rect:[0,0,1216,2688],notify:1
10-28 23:54:35.698   60099-60099   C03951/org.mapl...InputKeyFlow  org.maplibre.harmony  I     [(100000:100000:scope)] InputTracking id:298832, fingerId:0, type=0, inject=0, isPrivacyMode=0
10-28 23:54:35.699   60099-60099   C03951/org.mapl...InputKeyFlow  org.maplibre.harmony  I     [(100000:100000:scope)] InputTracking id:298832, touch test hitted node info: fingerId: 0{ tag: Scroll, depth: 6 };
10-28 23:54:35.699   60099-60099   C03951/org.mapl...InputKeyFlow  org.maplibre.harmony  I     [(100000:100000:scope)] InputTracking id:298832, touch test hitted recognizer type info: recognizer type ClickRecognizer node info: { tag: Scroll };recognizer type PanRecognizer node info: { tag: Scroll };
10-28 23:54:35.699   60099-60099   C0394B/org.mapl...AceScrollBar  org.maplibre.harmony  I     [(100000:100000:scope)] inner scrollBar touch down, panDirection: 0
10-28 23:54:35.699   60099-60099   C03951/org.mapl...InputKeyFlow  org.maplibre.harmony  I     [(100000:100000:scope)] Id:298832, exclusive 0 type: 0
10-28 23:54:35.699   60099-60099   C03951/org.mapl...InputKeyFlow  org.maplibre.harmony  I     [(100000:100000:scope)] Id:298832, click 0 down, ETF: 0, CTP: 0, state: 0
10-28 23:54:35.699   60099-60099   C03951/org.mapl...InputKeyFlow  org.maplibre.harmony  I     [(100000:100000:scope)] Id:298832, pan 0 down, state: 0
10-28 23:54:35.699   60099-60099   C03919/org.map...InputTracking  org.maplibre.harmony  I     [(100000:100000:scope)] Consumed new event id=298832 in ace_container, lastEventInfo: id:298830
10-28 23:54:35.702   60099-60205   C02805/org.mapl...InputKeyFlow  org.maplibre.harmony  I     [][OnPointerEvent:216] ac: move: 298833
10-28 23:54:35.729   60099-60099   C02504/org.map...ony/thp_extra  org.maplibre.harmony  I     ThpExtraRunCommand[122]ver:5.0.8ThpExtraRunCommand, cmd:THP_UpdateViewsLocation, param:thp#Location#16,133,225,263
10-28 23:54:35.729   60099-60099   C02504/org.map...ony/thp_extra  org.maplibre.harmony  I     InitTpInterfaces[33]InitTpInterfaces+
10-28 23:54:35.729   60099-60099   C02504/org.map...ony/thp_extra  org.maplibre.harmony  E     InitTpInterfaces[35]inited +
10-28 23:54:35.817   60099-60099   C03951/org.mapl...InputKeyFlow  org.maplibre.harmony  I     [(100000:100000:scope)] Pan accepted, tag = Scroll
10-28 23:54:35.817   60099-60099   C0390B/org.map...AceScrollable  org.maplibre.harmony  I     [(100000:100000:scope)] Scroll drag start, id:275, tag:Scroll
10-28 23:54:35.879   60099-60205   C02805/org.mapl...InputKeyFlow  org.maplibre.harmony  I     [][OnPointerEvent:216] ac: move, first: 298834-(2025-10-28 23:54:35.707ms), 298852, count: 19, last: ac: up: 298853
10-28 23:54:35.879   60099-60205   C02805/org.mapl...InputKeyFlow  org.maplibre.harmony  I     [P:U:298853][OnPointerEvent:544] id:298853 recv
10-28 23:54:35.879   60099-60205   C04213/org.mapl...InputKeyFlow  org.maplibre.harmony  I     [] OnInputEvent(86): eid:9,InputId:298853,wid:798,ac:4
10-28 23:54:35.880   60099-60205   C04213/org.mapl...InputKeyFlow  org.maplibre.harmony  I     [] ConsumePointerEventInner(876): InputId:298853,wid:798,pointId:0,srcType:2,rect:[0,0,1216,2688],notify:1
10-28 23:54:35.880   60099-60099   C03951/org.mapl...InputKeyFlow  org.maplibre.harmony  I     [(100000:100000:scope)] InputTracking id:298853, fingerId:0, type=1, inject=0, isPrivacyMode=0
10-28 23:54:35.880   60099-60099   C03951/org.mapl...InputKeyFlow  org.maplibre.harmony  I     [(100000:100000:scope)] Id:298853, exclusive 0 type: 1
10-28 23:54:35.880   60099-60099   C03951/org.mapl...InputKeyFlow  org.maplibre.harmony  I     [(100000:100000:scope)] Id:298853, click 0 up, state: 6
10-28 23:54:35.880   60099-60099   C03951/org.mapl...InputKeyFlow  org.maplibre.harmony  I     [(100000:100000:scope)] Id:298853, pan 0 up, state: 5
10-28 23:54:35.880   60099-60099   C0390B/org.map...AceScrollable  org.maplibre.harmony  I     [(100000:100000:scope)] Scroll drag end, velocity is 4935.359834 id:275, tag:Scroll
10-28 23:54:35.880   60099-60099   C03951/org.mapl...InputKeyFlow  org.maplibre.harmony  I     [(100000:100000:scope)] id: 0, log: {types: Click, node: Scroll, prcd: Down, state: READY, extraInfo: ETF: 0 CFP: 0, prcd: Up, state: FAIL, extraInfo: ETF: 0 CFP: 0}{types: Pan, node: Scroll, prcd: Down, state: DETECTING, prcd: Up, state: SUCCEED, prcd: Up, state: READY, extraInfo: currentFingers: 1 fingers: 1}
10-28 23:54:35.880   60099-60099   C03919/org.map...InputTracking  org.maplibre.harmony  I     [(100000:100000:scope)] Consumed new event id=298853 in ace_container, lastEventInfo: id:298852
10-28 23:54:36.683   60099-60099   C02504/org.map...ony/thp_extra  org.maplibre.harmony  I     ThpExtraRunCommand[122]ver:5.0.8ThpExtraRunCommand, cmd:THP_UpdateViewsLocation, param:thp#Location#16,133,225,263
10-28 23:54:36.683   60099-60099   C02504/org.map...ony/thp_extra  org.maplibre.harmony  I     InitTpInterfaces[33]InitTpInterfaces+
10-28 23:54:36.683   60099-60099   C02504/org.map...ony/thp_extra  org.maplibre.harmony  E     InitTpInterfaces[35]inited +
10-28 23:54:36.771   60099-60099   C01406/org.map...mony/OHOS::RS  org.maplibre.harmony  I     RSUIDirector::ProcessMessages messageId:29, cmdCount:1, instanceId:100000
10-28 23:54:36.772   60099-60099   C01406/org.map...mony/OHOS::RS  org.maplibre.harmony  I     RSUIDirector::PostTask messageId:29, cmdCount:1, instanceId:100000
10-28 23:54:36.887   60099-60099   C02504/org.map...ony/thp_extra  org.maplibre.harmony  I     ThpExtraRunCommand[122]ver:5.0.8ThpExtraRunCommand, cmd:THP_UpdateViewsLocation, param:thp#Location#16,133,225,263
10-28 23:54:36.887   60099-60099   C02504/org.map...ony/thp_extra  org.maplibre.harmony  I     InitTpInterfaces[33]InitTpInterfaces+
10-28 23:54:36.887   60099-60099   C02504/org.map...ony/thp_extra  org.maplibre.harmony  E     InitTpInterfaces[35]inited +
10-28 23:54:38.724   60099-60307   C01719/org.map....harmony/ffrt  org.maplibre.harmony  W     18:~WorkerThread:72 to exit, qos[3]
10-28 23:54:38.788   60099-60099   C01406/org.map...mony/OHOS::RS  org.maplibre.harmony  I     [RenderAnimation] Id: 258123239522361 SetExpectedFrameRateRange{0, 90, 15}
10-28 23:54:39.113   60099-60099   C01406/org.map...mony/OHOS::RS  org.maplibre.harmony  I     RSUIDirector::ProcessMessages messageId:30, cmdCount:1, instanceId:100000
10-28 23:54:39.116   60099-60099   C01406/org.map...mony/OHOS::RS  org.maplibre.harmony  I     RSUIDirector::PostTask messageId:30, cmdCount:1, instanceId:100000
10-28 23:54:40.886   60099-60308   C01719/org.map....harmony/ffrt  org.maplibre.harmony  W     19:~WorkerThread:72 to exit, qos[4]
