> hvigor [32mUP-TO-DATE :maplibre_harmony:default@PreBuild...  [39m
> hvigor [32mFinished :maplibre_harmony:default@CreateModuleInfo... after 1 ms [39m
> hvigor [32mUP-TO-DATE :maplibre_harmony:default@GenerateMetadata...  [39m
> hvigor [32mFinished :maplibre_harmony:default@ConfigureCmake... after 75 ms [39m
> hvigor [32mUP-TO-DATE :maplibre_harmony:default@MergeProfile...  [39m
> hvigor [32mUP-TO-DATE :maplibre_harmony:default@CreateBuildProfile...  [39m
> hvigor [32mFinished :maplibre_harmony:default@PreCheckSyscap... after 1 ms [39m
> hvigor [32mFinished :maplibre_harmony:default@ProcessIntegratedHsp... after 1 ms [39m
> hvigor [32mUP-TO-DATE :maplibre_harmony:default@MakePackInfo...  [39m
> hvigor [32mFinished :maplibre_harmony:default@SyscapTransform... after 9 ms [39m
> hvigor [33mWARN: CMake Warning at /Users/yidafu/github/maplibre-native/vendor/freetype/builds/cmake/FindHarfBuzz.cmake:99 (message):
  Required version (2.0.0) is higher than found version ()
Call Stack (most recent call first):
  /Users/yidafu/github/maplibre-native/vendor/freetype/CMakeLists.txt:258 (find_package)


[39m
> hvigor [33mWARN: WARNHarfBuzz has a Meson port and tries to migrate all the other build systems to it, please consider using it as we might remove our cmake port soon.
[39m
> hvigor [32mFinished :maplibre_harmony:default@BuildNativeWithCmake... after 3 s 478 ms [39m
> hvigor [32mUP-TO-DATE :maplibre_harmony:default@GeneratePkgContextInfo...  [39m
> hvigor [32mUP-TO-DATE :maplibre_harmony:default@ProcessProfile...  [39m
> hvigor [32mUP-TO-DATE :maplibre_harmony:default@ProcessRouterMap...  [39m
> hvigor [32mUP-TO-DATE :maplibre_harmony:default@ProcessShareConfig...  [39m
> hvigor [32mFinished :maplibre_harmony:default@ProcessStartupConfig... after 3 ms [39m
> hvigor [32mUP-TO-DATE :maplibre_harmony:default@ProcessResource...  [39m
> hvigor [32mUP-TO-DATE :maplibre_harmony:default@GenerateLoaderJson...  [39m
> hvigor [32mUP-TO-DATE :maplibre_harmony:default@CompileResource...  [39m
> hvigor [32mUP-TO-DATE :maplibre_harmony:default@CompileArkTS...  [39m
> hvigor [32mFinished :maplibre_harmony:default@BuildJS... after 1 ms [39m
> hvigor [91mERROR: Failed :maplibre_harmony:default@BuildNativeWithNinja... [39m
> hvigor [91mERROR: Exceptions happened while executing /Applications/DevEco-Studio.app/Contents/sdk/default/openharmony/native/build-tools/cmake/bin/ninja -C /Users/yidafu/github/maplibre-native/platform/harmony/maplibre_harmony/.cxx/default/default/debug/arm64-v8a.
[32mninja: Entering directory `/Users/yidafu/github/maplibre-native/platform/harmony/maplibre_harmony/.cxx/default/default/debug/arm64-v8a'[32m[39m
[32m[1/576] Building CXX object CMakeFiles/maplibre_native.dir/napi_utils.cpp.o[32m[39m
[33mclang++: warning: argument unused during compilation: '--gcc-toolchain=/Applications/DevEco-Studio.app/Contents/sdk/default/openharmony/native/llvm' [-Wunused-command-line-argument][33m[39m
[32m[2/576] Building CXX object CMakeFiles/maplibre_native.dir/Render.cpp.o[32m[39m
[33mclang++: warning: argument unused during compilation: '--gcc-toolchain=/Applications/DevEco-Studio.app/Contents/sdk/default/openharmony/native/llvm' [-Wunused-command-line-argument][33m[39m
[32m[3/576] Building CXX object CMakeFiles/maplibre_native.dir/EGLCore.cpp.o[32m[39m
[33mclang++: warning: argument unused during compilation: '--gcc-toolchain=/Applications/DevEco-Studio.app/Contents/sdk/default/openharmony/native/llvm' [-Wunused-command-line-argument][33m[39m
[32m[4/576] Building CXX object CMakeFiles/maplibre_native.dir/logger.cpp.o[32m[39m
[33mclang++: warning: argument unused during compilation: '--gcc-toolchain=/Applications/DevEco-Studio.app/Contents/sdk/default/openharmony/native/llvm' [-Wunused-command-line-argument][33m[39m
[32m[5/576] Building CXX object CMakeFiles/maplibre_native.dir/harmony_renderer_backend.cpp.o[32m[39m
[33mclang++: warning: argument unused during compilation: '--gcc-toolchain=/Applications/DevEco-Studio.app/Contents/sdk/default/openharmony/native/llvm' [-Wunused-command-line-argument][33m[39m
[32m[6/576] Building CXX object CMakeFiles/maplibre_native.dir/PluginManager.cpp.o[32m[39m
[33mclang++: warning: argument unused during compilation: '--gcc-toolchain=/Applications/DevEco-Studio.app/Contents/sdk/default/openharmony/native/llvm' [-Wunused-command-line-argument][33m[39m
[33m/Users/yidafu/github/maplibre-native/platform/harmony/maplibre_harmony/src/main/cpp/PluginManager.cpp:57:13: warning: deleting pointer to incomplete type 'NativeWindow' may cause undefined behavior [-Wdelete-incomplete][33m[39m
[33m            delete iter->second;[33m[39m
[33m            ^      ~~~~~~~~~~~~[33m[39m
[33m/Applications/DevEco-Studio.app/Contents/sdk/default/openharmony/native/sysroot/usr/include/ace/xcomponent/native_interface_xcomponent.h:1159:16: note: forward declaration of 'NativeWindow'[33m[39m
[33mtypedef struct NativeWindow OHNativeWindow;[33m[39m
[33m               ^[33m[39m
[33m1 warning generated.[33m[39m
[32m[7/576] Building CXX object CMakeFiles/maplibre_native_loop.dir/Users/yidafu/github/maplibre-native/platform/default/src/mbgl/util/timer.cpp.o[32m[39m
[33mclang++: warning: argument unused during compilation: '--gcc-toolchain=/Applications/DevEco-Studio.app/Contents/sdk/default/openharmony/native/llvm' [-Wunused-command-line-argument][33m[39m
[32m[8/576] Building CXX object CMakeFiles/maplibre_native_loop.dir/Users/yidafu/github/maplibre-native/platform/default/src/mbgl/util/async_task.cpp.o[32m[39m
[33mclang++: warning: argument unused during compilation: '--gcc-toolchain=/Applications/DevEco-Studio.app/Contents/sdk/default/openharmony/native/llvm' [-Wunused-command-line-argument][33m[39m
[32m[9/576] Building CXX object CMakeFiles/maplibre_native.dir/curl_event_loop.cpp.o[32m[39m
[33mclang++: warning: argument unused during compilation: '--gcc-toolchain=/Applications/DevEco-Studio.app/Contents/sdk/default/openharmony/native/llvm' [-Wunused-command-line-argument][33m[39m
[32m[10/576] Building CXX object CMakeFiles/maplibre_native_loop.dir/Users/yidafu/github/maplibre-native/platform/default/src/mbgl/util/run_loop.cpp.o[32m[39m
[33mclang++: warning: argument unused during compilation: '--gcc-toolchain=/Applications/DevEco-Studio.app/Contents/sdk/default/openharmony/native/llvm' [-Wunused-command-line-argument][33m[39m
[32m[11/576] Linking CXX static library libmaplibre_native_loop.a[32m[39m
[32m[12/576] Building CXX object CMakeFiles/maplibre_native.dir/http_file_source_harmony.cpp.o[32m[39m
[33mclang++: warning: argument unused during compilation: '--gcc-toolchain=/Applications/DevEco-Studio.app/Contents/sdk/default/openharmony/native/llvm' [-Wunused-command-line-argument][33m[39m
[32m[13/576] Building CXX object CMakeFiles/maplibre_native.dir/napi_init.cpp.o[32m[39m
[33mclang++: warning: argument unused during compilation: '--gcc-toolchain=/Applications/DevEco-Studio.app/Contents/sdk/default/openharmony/native/llvm' [-Wunused-command-line-argument][33m[39m
[32m[14/576] Building CXX object maplibre/CMakeFiles/mbgl-core.dir/src/mbgl/gfx/dynamic_texture.cpp.o[32m[39m
[33mclang++: warning: argument unused during compilation: '--gcc-toolchain=/Applications/DevEco-Studio.app/Contents/sdk/default/openharmony/native/llvm' [-Wunused-command-line-argument][33m[39m
[32m[15/576] Building CXX object maplibre/CMakeFiles/mbgl-core.dir/src/mbgl/gfx/drawable.cpp.o[32m[39m
[33mclang++: warning: argument unused during compilation: '--gcc-toolchain=/Applications/DevEco-Studio.app/Contents/sdk/default/openharmony/native/llvm' [-Wunused-command-line-argument][33m[39m
[32m[16/576] Building CXX object CMakeFiles/maplibre_native.dir/harmony_renderer.cpp.o[32m[39m
[33mclang++: warning: argument unused during compilation: '--gcc-toolchain=/Applications/DevEco-Studio.app/Contents/sdk/default/openharmony/native/llvm' [-Wunused-command-line-argument][33m[39m
[32m[17/576] Building CXX object CMakeFiles/maplibre_native.dir/harmony_renderer_frontend.cpp.o[32m[39m
[33mclang++: warning: argument unused during compilation: '--gcc-toolchain=/Applications/DevEco-Studio.app/Contents/sdk/default/openharmony/native/llvm' [-Wunused-command-line-argument][33m[39m
[32m[18/576] Building CXX object CMakeFiles/maplibre_native.dir/native_map_view_harmony.cpp.o[32m[39m
[33mclang++: warning: argument unused during compilation: '--gcc-toolchain=/Applications/DevEco-Studio.app/Contents/sdk/default/openharmony/native/llvm' [-Wunused-command-line-argument][33m[39m
[32m[19/576] Building CXX object maplibre/CMakeFiles/mbgl-core.dir/src/mbgl/gfx/uniform_buffer.cpp.o[32m[39m
[33mclang++: warning: argument unused during compilation: '--gcc-toolchain=/Applications/DevEco-Studio.app/Contents/sdk/default/openharmony/native/llvm' [-Wunused-command-line-argument][33m[39m
[32m[20/576] Building CXX object maplibre/CMakeFiles/mbgl-core.dir/src/mbgl/gfx/drawable_custom_layer_host_tweaker.cpp.o[32m[39m
[33mclang++: warning: argument unused during compilation: '--gcc-toolchain=/Applications/DevEco-Studio.app/Contents/sdk/default/openharmony/native/llvm' [-Wunused-command-line-argument][33m[39m
[32m[21/576] Building CXX object maplibre/CMakeFiles/mbgl-core.dir/src/mbgl/gfx/dynamic_texture_atlas.cpp.o[32m[39m
[33mclang++: warning: argument unused during compilation: '--gcc-toolchain=/Applications/DevEco-Studio.app/Contents/sdk/default/openharmony/native/llvm' [-Wunused-command-line-argument][33m[39m
[32m[22/576] Building CXX object CMakeFiles/maplibre_native.dir/harmony_vulkan_renderer_backend.cpp.o[32m[39m
[33mclang++: warning: argument unused during compilation: '--gcc-toolchain=/Applications/DevEco-Studio.app/Contents/sdk/default/openharmony/native/llvm' [-Wunused-command-line-argument][33m[39m
[32m[23/576] Building CXX object maplibre/CMakeFiles/mbgl-core.dir/src/mbgl/renderer/tile_layer_group.cpp.o[32m[39m
[33mclang++: warning: argument unused during compilation: '--gcc-toolchain=/Applications/DevEco-Studio.app/Contents/sdk/default/openharmony/native/llvm' [-Wunused-command-line-argument][33m[39m
[32m[24/576] Building CXX object maplibre/CMakeFiles/mbgl-core.dir/src/mbgl/gfx/drawable_builder.cpp.o[32m[39m
[33mclang++: warning: argument unused during compilation: '--gcc-toolchain=/Applications/DevEco-Studio.app/Contents/sdk/default/openharmony/native/llvm' [-Wunused-command-line-argument][33m[39m
[32m[25/576] Building CXX object maplibre/CMakeFiles/mbgl-core.dir/src/mbgl/gfx/drawable_atlases_tweaker.cpp.o[32m[39m
[33mclang++: warning: argument unused during compilation: '--gcc-toolchain=/Applications/DevEco-Studio.app/Contents/sdk/default/openharmony/native/llvm' [-Wunused-command-line-argument][33m[39m
[32m[26/576] Building CXX object maplibre/CMakeFiles/mbgl-core.dir/src/mbgl/gfx/drawable_builder_impl.cpp.o[32m[39m
[33mclang++: warning: argument unused during compilation: '--gcc-toolchain=/Applications/DevEco-Studio.app/Contents/sdk/default/openharmony/native/llvm' [-Wunused-command-line-argument][33m[39m
[32m[27/576] Building CXX object maplibre/CMakeFiles/mbgl-core.dir/src/mbgl/gfx/gpu_expression.cpp.o[32m[39m
[33mclang++: warning: argument unused during compilation: '--gcc-toolchain=/Applications/DevEco-Studio.app/Contents/sdk/default/openharmony/native/llvm' [-Wunused-command-line-argument][33m[39m
[32m[28/576] Building CXX object maplibre/CMakeFiles/mbgl-core.dir/src/mbgl/renderer/render_target.cpp.o[32m[39m
[33mclang++: warning: argument unused during compilation: '--gcc-toolchain=/Applications/DevEco-Studio.app/Contents/sdk/default/openharmony/native/llvm' [-Wunused-command-line-argument][33m[39m
[32m[29/576] Building CXX object maplibre/CMakeFiles/mbgl-core.dir/src/mbgl/gfx/vertex_attribute.cpp.o[32m[39m
[33mclang++: warning: argument unused during compilation: '--gcc-toolchain=/Applications/DevEco-Studio.app/Contents/sdk/default/openharmony/native/llvm' [-Wunused-command-line-argument][33m[39m
[32m[30/576] Building CXX object maplibre/CMakeFiles/mbgl-core.dir/src/mbgl/renderer/layer_tweaker.cpp.o[32m[39m
[33mclang++: warning: argument unused during compilation: '--gcc-toolchain=/Applications/DevEco-Studio.app/Contents/sdk/default/openharmony/native/llvm' [-Wunused-command-line-argument][33m[39m
[32m[31/576] Building CXX object maplibre/CMakeFiles/mbgl-core.dir/src/mbgl/renderer/layers/background_layer_tweaker.cpp.o[32m[39m
[33mclang++: warning: argument unused during compilation: '--gcc-toolchain=/Applications/DevEco-Studio.app/Contents/sdk/default/openharmony/native/llvm' [-Wunused-command-line-argument][33m[39m
[32m[32/576] Building CXX object maplibre/CMakeFiles/mbgl-core.dir/src/mbgl/renderer/change_request.cpp.o[32m[39m
[33mclang++: warning: argument unused during compilation: '--gcc-toolchain=/Applications/DevEco-Studio.app/Contents/sdk/default/openharmony/native/llvm' [-Wunused-command-line-argument][33m[39m
[32m[33/576] Building CXX object maplibre/CMakeFiles/mbgl-core.dir/src/mbgl/renderer/layer_group.cpp.o[32m[39m
[33mclang++: warning: argument unused during compilation: '--gcc-toolchain=/Applications/DevEco-Studio.app/Contents/sdk/default/openharmony/native/llvm' [-Wunused-command-line-argument][33m[39m
[32m[34/576] Building CXX object maplibre/CMakeFiles/mbgl-core.dir/src/mbgl/renderer/layers/circle_layer_tweaker.cpp.o[32m[39m
[33mclang++: warning: argument unused during compilation: '--gcc-toolchain=/Applications/DevEco-Studio.app/Contents/sdk/default/openharmony/native/llvm' [-Wunused-command-line-argument][33m[39m
[32m[35/576] Building CXX object maplibre/CMakeFiles/mbgl-core.dir/src/mbgl/renderer/layers/hillshade_prepare_layer_tweaker.cpp.o[32m[39m
[33mclang++: warning: argument unused during compilation: '--gcc-toolchain=/Applications/DevEco-Studio.app/Contents/sdk/default/openharmony/native/llvm' [-Wunused-command-line-argument][33m[39m
[32m[36/576] Building CXX object maplibre/CMakeFiles/mbgl-core.dir/src/mbgl/renderer/layers/hillshade_layer_tweaker.cpp.o[32m[39m
[33mclang++: warning: argument unused during compilation: '--gcc-toolchain=/Applications/DevEco-Studio.app/Contents/sdk/default/openharmony/native/llvm' [-Wunused-command-line-argument][33m[39m
[32m[37/576] Building CXX object maplibre/CMakeFiles/mbgl-core.dir/src/mbgl/renderer/layers/fill_layer_tweaker.cpp.o[32m[39m
[33mclang++: warning: argument unused during compilation: '--gcc-toolchain=/Applications/DevEco-Studio.app/Contents/sdk/default/openharmony/native/llvm' [-Wunused-command-line-argument][33m[39m
[32m[38/576] Building CXX object maplibre/CMakeFiles/mbgl-core.dir/src/mbgl/renderer/layers/fill_extrusion_layer_tweaker.cpp.o[32m[39m
[33mclang++: warning: argument unused during compilation: '--gcc-toolchain=/Applications/DevEco-Studio.app/Contents/sdk/default/openharmony/native/llvm' [-Wunused-command-line-argument][33m[39m
[32m[39/576] Building CXX object maplibre/CMakeFiles/mbgl-core.dir/src/mbgl/renderer/layers/raster_layer_tweaker.cpp.o[32m[39m
[33mclang++: warning: argument unused during compilation: '--gcc-toolchain=/Applications/DevEco-Studio.app/Contents/sdk/default/openharmony/native/llvm' [-Wunused-command-line-argument][33m[39m
[32m[40/576] Building CXX object maplibre/CMakeFiles/mbgl-core.dir/src/mbgl/renderer/layers/heatmap_texture_layer_tweaker.cpp.o[32m[39m
[33mclang++: warning: argument unused during compilation: '--gcc-toolchain=/Applications/DevEco-Studio.app/Contents/sdk/default/openharmony/native/llvm' [-Wunused-command-line-argument][33m[39m
[32m[41/576] Building CXX object maplibre/CMakeFiles/mbgl-core.dir/src/mbgl/renderer/layers/location_indicator_layer_tweaker.cpp.o[32m[39m
[33mclang++: warning: argument unused during compilation: '--gcc-toolchain=/Applications/DevEco-Studio.app/Contents/sdk/default/openharmony/native/llvm' [-Wunused-command-line-argument][33m[39m
[32m[42/576] Building CXX object maplibre/CMakeFiles/mbgl-core.dir/src/mbgl/actor/mailbox.cpp.o[32m[39m
[33mclang++: warning: argument unused during compilation: '--gcc-toolchain=/Applications/DevEco-Studio.app/Contents/sdk/default/openharmony/native/llvm' [-Wunused-command-line-argument][33m[39m
[32m[43/576] Building CXX object maplibre/CMakeFiles/mbgl-core.dir/src/mbgl/renderer/layers/heatmap_layer_tweaker.cpp.o[32m[39m
[33mclang++: warning: argument unused during compilation: '--gcc-toolchain=/Applications/DevEco-Studio.app/Contents/sdk/default/openharmony/native/llvm' [-Wunused-command-line-argument][33m[39m
[32m[44/576] Building CXX object maplibre/CMakeFiles/mbgl-core.dir/src/mbgl/actor/scheduler.cpp.o[32m[39m
[33mclang++: warning: argument unused during compilation: '--gcc-toolchain=/Applications/DevEco-Studio.app/Contents/sdk/default/openharmony/native/llvm' [-Wunused-command-line-argument][33m[39m
[32m[45/576] Building CXX object maplibre/CMakeFiles/mbgl-core.dir/src/mbgl/renderer/layers/line_layer_tweaker.cpp.o[32m[39m
[33mclang++: warning: argument unused during compilation: '--gcc-toolchain=/Applications/DevEco-Studio.app/Contents/sdk/default/openharmony/native/llvm' [-Wunused-command-line-argument][33m[39m
[32m[46/576] Building CXX object maplibre/CMakeFiles/mbgl-core.dir/src/mbgl/geometry/dem_data.cpp.o[32m[39m
[33mclang++: warning: argument unused during compilation: '--gcc-toolchain=/Applications/DevEco-Studio.app/Contents/sdk/default/openharmony/native/llvm' [-Wunused-command-line-argument][33m[39m
[32m[47/576] Building CXX object maplibre/CMakeFiles/mbgl-core.dir/src/mbgl/gfx/attribute.cpp.o[32m[39m
[33mclang++: warning: argument unused during compilation: '--gcc-toolchain=/Applications/DevEco-Studio.app/Contents/sdk/default/openharmony/native/llvm' [-Wunused-command-line-argument][33m[39m
[32m[48/576] Building CXX object maplibre/CMakeFiles/mbgl-core.dir/src/mbgl/renderer/layers/symbol_layer_tweaker.cpp.o[32m[39m
[33mclang++: warning: argument unused during compilation: '--gcc-toolchain=/Applications/DevEco-Studio.app/Contents/sdk/default/openharmony/native/llvm' [-Wunused-command-line-argument][33m[39m
[32m[49/576] Building CXX object maplibre/CMakeFiles/mbgl-core.dir/src/mbgl/shaders/shader_program_base.cpp.o[32m[39m
[33mclang++: warning: argument unused during compilation: '--gcc-toolchain=/Applications/DevEco-Studio.app/Contents/sdk/default/openharmony/native/llvm' [-Wunused-command-line-argument][33m[39m
[32m[50/576] Building CXX object maplibre/CMakeFiles/mbgl-core.dir/src/mbgl/renderer/layers/collision_layer_tweaker.cpp.o[32m[39m
[33mclang++: warning: argument unused during compilation: '--gcc-toolchain=/Applications/DevEco-Studio.app/Contents/sdk/default/openharmony/native/llvm' [-Wunused-command-line-argument][33m[39m
[32m[51/576] Building CXX object maplibre/CMakeFiles/mbgl-core.dir/src/mbgl/geometry/line_atlas.cpp.o[32m[39m
[33mclang++: warning: argument unused during compilation: '--gcc-toolchain=/Applications/DevEco-Studio.app/Contents/sdk/default/openharmony/native/llvm' [-Wunused-command-line-argument][33m[39m
[32m[52/576] Building CXX object maplibre/CMakeFiles/mbgl-core.dir/src/mbgl/gfx/renderer_backend.cpp.o[32m[39m
[33mclang++: warning: argument unused during compilation: '--gcc-toolchain=/Applications/DevEco-Studio.app/Contents/sdk/default/openharmony/native/llvm' [-Wunused-command-line-argument][33m[39m
[32m[53/576] Building CXX object maplibre/CMakeFiles/mbgl-core.dir/src/mbgl/gfx/shader_group.cpp.o[32m[39m
[33mclang++: warning: argument unused during compilation: '--gcc-toolchain=/Applications/DevEco-Studio.app/Contents/sdk/default/openharmony/native/llvm' [-Wunused-command-line-argument][33m[39m
[32m[54/576] Building CXX object maplibre/CMakeFiles/mbgl-core.dir/src/mbgl/gfx/shader_registry.cpp.o[32m[39m
[33mclang++: warning: argument unused during compilation: '--gcc-toolchain=/Applications/DevEco-Studio.app/Contents/sdk/default/openharmony/native/llvm' [-Wunused-command-line-argument][33m[39m
[32m[55/576] Building CXX object maplibre/CMakeFiles/mbgl-core.dir/src/mbgl/annotation/render_annotation_source.cpp.o[32m[39m
[33mclang++: warning: argument unused during compilation: '--gcc-toolchain=/Applications/DevEco-Studio.app/Contents/sdk/default/openharmony/native/llvm' [-Wunused-command-line-argument][33m[39m
[32m[56/576] Building CXX object maplibre/CMakeFiles/mbgl-core.dir/src/mbgl/annotation/annotation_source.cpp.o[32m[39m
[33mclang++: warning: argument unused during compilation: '--gcc-toolchain=/Applications/DevEco-Studio.app/Contents/sdk/default/openharmony/native/llvm' [-Wunused-command-line-argument][33m[39m
[32m[57/576] Building CXX object maplibre/CMakeFiles/mbgl-core.dir/src/mbgl/geometry/feature_index.cpp.o[32m[39m
[33mclang++: warning: argument unused during compilation: '--gcc-toolchain=/Applications/DevEco-Studio.app/Contents/sdk/default/openharmony/native/llvm' [-Wunused-command-line-argument][33m[39m
[32m[58/576] Building CXX object maplibre/CMakeFiles/mbgl-core.dir/src/mbgl/gfx/rendering_stats.cpp.o[32m[39m
[33mclang++: warning: argument unused during compilation: '--gcc-toolchain=/Applications/DevEco-Studio.app/Contents/sdk/default/openharmony/native/llvm' [-Wunused-command-line-argument][33m[39m
[32m[59/576] Building CXX object maplibre/CMakeFiles/mbgl-core.dir/src/mbgl/gfx/polyline_generator.cpp.o[32m[39m
[33mclang++: warning: argument unused during compilation: '--gcc-toolchain=/Applications/DevEco-Studio.app/Contents/sdk/default/openharmony/native/llvm' [-Wunused-command-line-argument][33m[39m
[32m[60/576] Building CXX object maplibre/CMakeFiles/mbgl-core.dir/src/mbgl/layermanager/background_layer_factory.cpp.o[32m[39m
[33mclang++: warning: argument unused during compilation: '--gcc-toolchain=/Applications/DevEco-Studio.app/Contents/sdk/default/openharmony/native/llvm' [-Wunused-command-line-argument][33m[39m
[32m[61/576] Building CXX object maplibre/CMakeFiles/mbgl-core.dir/src/mbgl/gfx/fill_generator.cpp.o[32m[39m
[33mclang++: warning: argument unused during compilation: '--gcc-toolchain=/Applications/DevEco-Studio.app/Contents/sdk/default/openharmony/native/llvm' [-Wunused-command-line-argument][33m[39m
[32m[62/576] Building CXX object maplibre/CMakeFiles/mbgl-core.dir/src/mbgl/annotation/fill_annotation_impl.cpp.o[32m[39m
[33mclang++: warning: argument unused during compilation: '--gcc-toolchain=/Applications/DevEco-Studio.app/Contents/sdk/default/openharmony/native/llvm' [-Wunused-command-line-argument][33m[39m
[32m[63/576] Building CXX object maplibre/CMakeFiles/mbgl-core.dir/src/mbgl/annotation/line_annotation_impl.cpp.o[32m[39m
[33mclang++: warning: argument unused during compilation: '--gcc-toolchain=/Applications/DevEco-Studio.app/Contents/sdk/default/openharmony/native/llvm' [-Wunused-command-line-argument][33m[39m
[32m[64/576] Building CXX object maplibre/CMakeFiles/mbgl-core.dir/src/mbgl/annotation/annotation_tile.cpp.o[32m[39m
[33mclang++: warning: argument unused during compilation: '--gcc-toolchain=/Applications/DevEco-Studio.app/Contents/sdk/default/openharmony/native/llvm' [-Wunused-command-line-argument][33m[39m
[32m[65/576] Building CXX object maplibre/CMakeFiles/mbgl-core.dir/src/mbgl/annotation/symbol_annotation_impl.cpp.o[32m[39m
[33mclang++: warning: argument unused during compilation: '--gcc-toolchain=/Applications/DevEco-Studio.app/Contents/sdk/default/openharmony/native/llvm' [-Wunused-command-line-argument][33m[39m
[32m[66/576] Building CXX object maplibre/CMakeFiles/mbgl-core.dir/src/mbgl/layermanager/layer_factory.cpp.o[32m[39m
[33mclang++: warning: argument unused during compilation: '--gcc-toolchain=/Applications/DevEco-Studio.app/Contents/sdk/default/openharmony/native/llvm' [-Wunused-command-line-argument][33m[39m
[32m[67/576] Building CXX object maplibre/CMakeFiles/mbgl-core.dir/src/mbgl/layermanager/fill_extrusion_layer_factory.cpp.o[32m[39m
[33mclang++: warning: argument unused during compilation: '--gcc-toolchain=/Applications/DevEco-Studio.app/Contents/sdk/default/openharmony/native/llvm' [-Wunused-command-line-argument][33m[39m
[32m[68/576] Building CXX object maplibre/CMakeFiles/mbgl-core.dir/src/mbgl/layermanager/circle_layer_factory.cpp.o[32m[39m
[33mclang++: warning: argument unused during compilation: '--gcc-toolchain=/Applications/DevEco-Studio.app/Contents/sdk/default/openharmony/native/llvm' [-Wunused-command-line-argument][33m[39m
[32m[69/576] Building CXX object maplibre/CMakeFiles/mbgl-core.dir/src/mbgl/layermanager/heatmap_layer_factory.cpp.o[32m[39m
[33mclang++: warning: argument unused during compilation: '--gcc-toolchain=/Applications/DevEco-Studio.app/Contents/sdk/default/openharmony/native/llvm' [-Wunused-command-line-argument][33m[39m
[32m[70/576] Building CXX object maplibre/CMakeFiles/mbgl-core.dir/src/mbgl/layermanager/fill_layer_factory.cpp.o[32m[39m
[33mclang++: warning: argument unused during compilation: '--gcc-toolchain=/Applications/DevEco-Studio.app/Contents/sdk/default/openharmony/native/llvm' [-Wunused-command-line-argument][33m[39m
[32m[71/576] Building CXX object maplibre/CMakeFiles/mbgl-core.dir/src/mbgl/layermanager/hillshade_layer_factory.cpp.o[32m[39m
[33mclang++: warning: argument unused during compilation: '--gcc-toolchain=/Applications/DevEco-Studio.app/Contents/sdk/default/openharmony/native/llvm' [-Wunused-command-line-argument][33m[39m
[32m[72/576] Building CXX object maplibre/CMakeFiles/mbgl-core.dir/src/mbgl/layermanager/layer_manager.cpp.o[32m[39m
[33mclang++: warning: argument unused during compilation: '--gcc-toolchain=/Applications/DevEco-Studio.app/Contents/sdk/default/openharmony/native/llvm' [-Wunused-command-line-argument][33m[39m
[32m[73/576] Building CXX object maplibre/CMakeFiles/mbgl-core.dir/src/mbgl/annotation/shape_annotation_impl.cpp.o[32m[39m
[33mclang++: warning: argument unused during compilation: '--gcc-toolchain=/Applications/DevEco-Studio.app/Contents/sdk/default/openharmony/native/llvm' [-Wunused-command-line-argument][33m[39m
[32m[74/576] Building CXX object maplibre/CMakeFiles/mbgl-core.dir/src/mbgl/annotation/annotation_manager.cpp.o[32m[39m
[33mclang++: warning: argument unused during compilation: '--gcc-toolchain=/Applications/DevEco-Studio.app/Contents/sdk/default/openharmony/native/llvm' [-Wunused-command-line-argument][33m[39m
[32m[75/576] Building CXX object maplibre/CMakeFiles/mbgl-core.dir/src/mbgl/layermanager/raster_layer_factory.cpp.o[32m[39m
[33mclang++: warning: argument unused during compilation: '--gcc-toolchain=/Applications/DevEco-Studio.app/Contents/sdk/default/openharmony/native/llvm' [-Wunused-command-line-argument][33m[39m
[32m[76/576] Building CXX object maplibre/CMakeFiles/mbgl-core.dir/src/mbgl/layout/clip_lines.cpp.o[32m[39m
[33mclang++: warning: argument unused during compilation: '--gcc-toolchain=/Applications/DevEco-Studio.app/Contents/sdk/default/openharmony/native/llvm' [-Wunused-command-line-argument][33m[39m
[32m[77/576] Building CXX object maplibre/CMakeFiles/mbgl-core.dir/src/mbgl/layermanager/location_indicator_layer_factory.cpp.o[32m[39m
[33mclang++: warning: argument unused during compilation: '--gcc-toolchain=/Applications/DevEco-Studio.app/Contents/sdk/default/openharmony/native/llvm' [-Wunused-command-line-argument][33m[39m
[32m[78/576] Building CXX object maplibre/CMakeFiles/mbgl-core.dir/src/mbgl/map/map_options.cpp.o[32m[39m
[33mclang++: warning: argument unused during compilation: '--gcc-toolchain=/Applications/DevEco-Studio.app/Contents/sdk/default/openharmony/native/llvm' [-Wunused-command-line-argument][33m[39m
[32m[79/576] Building CXX object maplibre/CMakeFiles/mbgl-core.dir/src/mbgl/layermanager/line_layer_factory.cpp.o[32m[39m
[33mclang++: warning: argument unused during compilation: '--gcc-toolchain=/Applications/DevEco-Studio.app/Contents/sdk/default/openharmony/native/llvm' [-Wunused-command-line-argument][33m[39m
[32m[80/576] Building CXX object maplibre/CMakeFiles/mbgl-core.dir/src/mbgl/layout/merge_lines.cpp.o[32m[39m
[33mclang++: warning: argument unused during compilation: '--gcc-toolchain=/Applications/DevEco-Studio.app/Contents/sdk/default/openharmony/native/llvm' [-Wunused-command-line-argument][33m[39m
[32m[81/576] Building CXX object maplibre/CMakeFiles/mbgl-core.dir/src/mbgl/math/log2.cpp.o[32m[39m
[33mclang++: warning: argument unused during compilation: '--gcc-toolchain=/Applications/DevEco-Studio.app/Contents/sdk/default/openharmony/native/llvm' [-Wunused-command-line-argument][33m[39m
[32m[82/576] Building CXX object maplibre/CMakeFiles/mbgl-core.dir/src/mbgl/style/layers/location_indicator_layer_impl.cpp.o[32m[39m
[33mclang++: warning: argument unused during compilation: '--gcc-toolchain=/Applications/DevEco-Studio.app/Contents/sdk/default/openharmony/native/llvm' [-Wunused-command-line-argument][33m[39m
[32m[83/576] Building CXX object maplibre/CMakeFiles/mbgl-core.dir/src/mbgl/layermanager/symbol_layer_factory.cpp.o[32m[39m
[33mclang++: warning: argument unused during compilation: '--gcc-toolchain=/Applications/DevEco-Studio.app/Contents/sdk/default/openharmony/native/llvm' [-Wunused-command-line-argument][33m[39m
[32m[84/576] Building CXX object maplibre/CMakeFiles/mbgl-core.dir/src/mbgl/style/layers/location_indicator_layer_properties.cpp.o[32m[39m
[33mclang++: warning: argument unused during compilation: '--gcc-toolchain=/Applications/DevEco-Studio.app/Contents/sdk/default/openharmony/native/llvm' [-Wunused-command-line-argument][33m[39m
[32m[85/576] Building CXX object maplibre/CMakeFiles/mbgl-core.dir/src/mbgl/style/layers/location_indicator_layer.cpp.o[32m[39m
[33mclang++: warning: argument unused during compilation: '--gcc-toolchain=/Applications/DevEco-Studio.app/Contents/sdk/default/openharmony/native/llvm' [-Wunused-command-line-argument][33m[39m
[32m[86/576] Building CXX object maplibre/CMakeFiles/mbgl-core.dir/src/mbgl/renderer/backend_scope.cpp.o[32m[39m
[33mclang++: warning: argument unused during compilation: '--gcc-toolchain=/Applications/DevEco-Studio.app/Contents/sdk/default/openharmony/native/llvm' [-Wunused-command-line-argument][33m[39m
[32m[87/576] Building CXX object maplibre/CMakeFiles/mbgl-core.dir/src/mbgl/renderer/bucket_parameters.cpp.o[32m[39m
[33mclang++: warning: argument unused during compilation: '--gcc-toolchain=/Applications/DevEco-Studio.app/Contents/sdk/default/openharmony/native/llvm' [-Wunused-command-line-argument][33m[39m
[32m[88/576] Building CXX object maplibre/CMakeFiles/mbgl-core.dir/src/mbgl/platform/settings.cpp.o[32m[39m
[33mclang++: warning: argument unused during compilation: '--gcc-toolchain=/Applications/DevEco-Studio.app/Contents/sdk/default/openharmony/native/llvm' [-Wunused-command-line-argument][33m[39m
[32m[89/576] Building CXX object maplibre/CMakeFiles/mbgl-core.dir/src/mbgl/layout/symbol_instance.cpp.o[32m[39m
[33mclang++: warning: argument unused during compilation: '--gcc-toolchain=/Applications/DevEco-Studio.app/Contents/sdk/default/openharmony/native/llvm' [-Wunused-command-line-argument][33m[39m
[32m[90/576] Building CXX object maplibre/CMakeFiles/mbgl-core.dir/src/mbgl/map/transform_state.cpp.o[32m[39m
[33mclang++: warning: argument unused during compilation: '--gcc-toolchain=/Applications/DevEco-Studio.app/Contents/sdk/default/openharmony/native/llvm' [-Wunused-command-line-argument][33m[39m
[32m[91/576] Building CXX object maplibre/CMakeFiles/mbgl-core.dir/src/mbgl/renderer/layers/render_location_indicator_layer.cpp.o[32m[39m
[33mclang++: warning: argument unused during compilation: '--gcc-toolchain=/Applications/DevEco-Studio.app/Contents/sdk/default/openharmony/native/llvm' [-Wunused-command-line-argument][33m[39m
[32m[92/576] Building CXX object maplibre/CMakeFiles/mbgl-core.dir/src/mbgl/map/transform.cpp.o[32m[39m
[33mclang++: warning: argument unused during compilation: '--gcc-toolchain=/Applications/DevEco-Studio.app/Contents/sdk/default/openharmony/native/llvm' [-Wunused-command-line-argument][33m[39m
[32m[93/576] Building CXX object maplibre/CMakeFiles/mbgl-core.dir/src/mbgl/layout/symbol_projection.cpp.o[32m[39m
[33mclang++: warning: argument unused during compilation: '--gcc-toolchain=/Applications/DevEco-Studio.app/Contents/sdk/default/openharmony/native/llvm' [-Wunused-command-line-argument][33m[39m
[32m[94/576] Building CXX object maplibre/CMakeFiles/mbgl-core.dir/src/mbgl/renderer/buckets/debug_bucket.cpp.o[32m[39m
[33mclang++: warning: argument unused during compilation: '--gcc-toolchain=/Applications/DevEco-Studio.app/Contents/sdk/default/openharmony/native/llvm' [-Wunused-command-line-argument][33m[39m
[32m[95/576] Building CXX object maplibre/CMakeFiles/mbgl-core.dir/src/mbgl/renderer/cross_faded_property_evaluator.cpp.o[32m[39m
[33mclang++: warning: argument unused during compilation: '--gcc-toolchain=/Applications/DevEco-Studio.app/Contents/sdk/default/openharmony/native/llvm' [-Wunused-command-line-argument][33m[39m
[32m[96/576] Building CXX object maplibre/CMakeFiles/mbgl-core.dir/src/mbgl/renderer/buckets/hillshade_bucket.cpp.o[32m[39m
[33mclang++: warning: argument unused during compilation: '--gcc-toolchain=/Applications/DevEco-Studio.app/Contents/sdk/default/openharmony/native/llvm' [-Wunused-command-line-argument][33m[39m
[32m[97/576] Building CXX object maplibre/CMakeFiles/mbgl-core.dir/src/mbgl/renderer/buckets/circle_bucket.cpp.o[32m[39m
[33mclang++: warning: argument unused during compilation: '--gcc-toolchain=/Applications/DevEco-Studio.app/Contents/sdk/default/openharmony/native/llvm' [-Wunused-command-line-argument][33m[39m
[32m[98/576] Building CXX object maplibre/CMakeFiles/mbgl-core.dir/src/mbgl/map/map_projection.cpp.o[32m[39m
[33mclang++: warning: argument unused during compilation: '--gcc-toolchain=/Applications/DevEco-Studio.app/Contents/sdk/default/openharmony/native/llvm' [-Wunused-command-line-argument][33m[39m
[32m[99/576] Building CXX object maplibre/CMakeFiles/mbgl-core.dir/src/mbgl/renderer/buckets/heatmap_bucket.cpp.o[32m[39m
[33mclang++: warning: argument unused during compilation: '--gcc-toolchain=/Applications/DevEco-Studio.app/Contents/sdk/default/openharmony/native/llvm' [-Wunused-command-line-argument][33m[39m
[32m[100/576] Building CXX object maplibre/CMakeFiles/mbgl-core.dir/src/mbgl/map/map_impl.cpp.o[32m[39m
[33mclang++: warning: argument unused during compilation: '--gcc-toolchain=/Applications/DevEco-Studio.app/Contents/sdk/default/openharmony/native/llvm' [-Wunused-command-line-argument][33m[39m
[32m[101/576] Building CXX object maplibre/CMakeFiles/mbgl-core.dir/src/mbgl/map/map.cpp.o[32m[39m
[33mclang++: warning: argument unused during compilation: '--gcc-toolchain=/Applications/DevEco-Studio.app/Contents/sdk/default/openharmony/native/llvm' [-Wunused-command-line-argument][33m[39m
[32m[102/576] Building CXX object maplibre/CMakeFiles/mbgl-core.dir/src/mbgl/renderer/buckets/fill_bucket.cpp.o[32m[39m
[33mclang++: warning: argument unused during compilation: '--gcc-toolchain=/Applications/DevEco-Studio.app/Contents/sdk/default/openharmony/native/llvm' [-Wunused-command-line-argument][33m[39m
[32m[103/576] Building CXX object maplibre/CMakeFiles/mbgl-core.dir/src/mbgl/renderer/buckets/raster_bucket.cpp.o[32m[39m
[33mclang++: warning: argument unused during compilation: '--gcc-toolchain=/Applications/DevEco-Studio.app/Contents/sdk/default/openharmony/native/llvm' [-Wunused-command-line-argument][33m[39m
[32m[104/576] Building CXX object maplibre/CMakeFiles/mbgl-core.dir/src/mbgl/renderer/buckets/fill_extrusion_bucket.cpp.o[32m[39m
[33mclang++: warning: argument unused during compilation: '--gcc-toolchain=/Applications/DevEco-Studio.app/Contents/sdk/default/openharmony/native/llvm' [-Wunused-command-line-argument][33m[39m
[32m[105/576] Building CXX object maplibre/CMakeFiles/mbgl-core.dir/src/mbgl/renderer/group_by_layout.cpp.o[32m[39m
[33mclang++: warning: argument unused during compilation: '--gcc-toolchain=/Applications/DevEco-Studio.app/Contents/sdk/default/openharmony/native/llvm' [-Wunused-command-line-argument][33m[39m
[32m[106/576] Building CXX object maplibre/CMakeFiles/mbgl-core.dir/src/mbgl/layout/symbol_layout.cpp.o[32m[39m
[33mclang++: warning: argument unused during compilation: '--gcc-toolchain=/Applications/DevEco-Studio.app/Contents/sdk/default/openharmony/native/llvm' [-Wunused-command-line-argument][33m[39m
[32m[107/576] Building CXX object maplibre/CMakeFiles/mbgl-core.dir/src/mbgl/renderer/image_manager.cpp.o[32m[39m
[33mclang++: warning: argument unused during compilation: '--gcc-toolchain=/Applications/DevEco-Studio.app/Contents/sdk/default/openharmony/native/llvm' [-Wunused-command-line-argument][33m[39m
[32m[108/576] Building CXX object maplibre/CMakeFiles/mbgl-core.dir/src/mbgl/renderer/buckets/line_bucket.cpp.o[32m[39m
[33mclang++: warning: argument unused during compilation: '--gcc-toolchain=/Applications/DevEco-Studio.app/Contents/sdk/default/openharmony/native/llvm' [-Wunused-command-line-argument][33m[39m
[32m[109/576] Building CXX object maplibre/CMakeFiles/mbgl-core.dir/src/mbgl/renderer/buckets/symbol_bucket.cpp.o[32m[39m
[33mclang++: warning: argument unused during compilation: '--gcc-toolchain=/Applications/DevEco-Studio.app/Contents/sdk/default/openharmony/native/llvm' [-Wunused-command-line-argument][33m[39m
[32m[110/576] Building CXX object maplibre/CMakeFiles/mbgl-core.dir/src/mbgl/renderer/pattern_atlas.cpp.o[32m[39m
[33mclang++: warning: argument unused during compilation: '--gcc-toolchain=/Applications/DevEco-Studio.app/Contents/sdk/default/openharmony/native/llvm' [-Wunused-command-line-argument][33m[39m
[32m[111/576] Building CXX object maplibre/CMakeFiles/mbgl-core.dir/src/mbgl/renderer/render_light.cpp.o[32m[39m
[33mclang++: warning: argument unused during compilation: '--gcc-toolchain=/Applications/DevEco-Studio.app/Contents/sdk/default/openharmony/native/llvm' [-Wunused-command-line-argument][33m[39m
[32m[112/576] Building CXX object maplibre/CMakeFiles/mbgl-core.dir/src/mbgl/renderer/layers/render_background_layer.cpp.o[32m[39m
[33mclang++: warning: argument unused during compilation: '--gcc-toolchain=/Applications/DevEco-Studio.app/Contents/sdk/default/openharmony/native/llvm' [-Wunused-command-line-argument][33m[39m
[32m[113/576] Building CXX object maplibre/CMakeFiles/mbgl-core.dir/src/mbgl/renderer/layers/render_circle_layer.cpp.o[32m[39m
[33mclang++: warning: argument unused during compilation: '--gcc-toolchain=/Applications/DevEco-Studio.app/Contents/sdk/default/openharmony/native/llvm' [-Wunused-command-line-argument][33m[39m
[32m[114/576] Building CXX object maplibre/CMakeFiles/mbgl-core.dir/src/mbgl/renderer/layers/render_raster_layer.cpp.o[32m[39m
[33mclang++: warning: argument unused during compilation: '--gcc-toolchain=/Applications/DevEco-Studio.app/Contents/sdk/default/openharmony/native/llvm' [-Wunused-command-line-argument][33m[39m
[32m[115/576] Building CXX object maplibre/CMakeFiles/mbgl-core.dir/src/mbgl/renderer/layers/render_hillshade_layer.cpp.o[32m[39m
[33mclang++: warning: argument unused during compilation: '--gcc-toolchain=/Applications/DevEco-Studio.app/Contents/sdk/default/openharmony/native/llvm' [-Wunused-command-line-argument][33m[39m
[32m[116/576] Building CXX object maplibre/CMakeFiles/mbgl-core.dir/src/mbgl/renderer/render_layer.cpp.o[32m[39m
[33mclang++: warning: argument unused during compilation: '--gcc-toolchain=/Applications/DevEco-Studio.app/Contents/sdk/default/openharmony/native/llvm' [-Wunused-command-line-argument][33m[39m
[32m[117/576] Building CXX object maplibre/CMakeFiles/mbgl-core.dir/src/mbgl/renderer/layers/render_heatmap_layer.cpp.o[32m[39m
[33mclang++: warning: argument unused during compilation: '--gcc-toolchain=/Applications/DevEco-Studio.app/Contents/sdk/default/openharmony/native/llvm' [-Wunused-command-line-argument][33m[39m
[32m[118/576] Building CXX object maplibre/CMakeFiles/mbgl-core.dir/src/mbgl/renderer/layers/render_fill_layer.cpp.o[32m[39m
[33mclang++: warning: argument unused during compilation: '--gcc-toolchain=/Applications/DevEco-Studio.app/Contents/sdk/default/openharmony/native/llvm' [-Wunused-command-line-argument][33m[39m
[32m[119/576] Building CXX object maplibre/CMakeFiles/mbgl-core.dir/src/mbgl/renderer/layers/render_fill_extrusion_layer.cpp.o[32m[39m
[33mclang++: warning: argument unused during compilation: '--gcc-toolchain=/Applications/DevEco-Studio.app/Contents/sdk/default/openharmony/native/llvm' [-Wunused-command-line-argument][33m[39m
[32m[120/576] Building CXX object maplibre/CMakeFiles/mbgl-core.dir/src/mbgl/renderer/render_source.cpp.o[32m[39m
[33mclang++: warning: argument unused during compilation: '--gcc-toolchain=/Applications/DevEco-Studio.app/Contents/sdk/default/openharmony/native/llvm' [-Wunused-command-line-argument][33m[39m
[32m[121/576] Building CXX object maplibre/CMakeFiles/mbgl-core.dir/src/mbgl/renderer/layers/render_line_layer.cpp.o[32m[39m
[33mclang++: warning: argument unused during compilation: '--gcc-toolchain=/Applications/DevEco-Studio.app/Contents/sdk/default/openharmony/native/llvm' [-Wunused-command-line-argument][33m[39m
[32m[122/576] Building CXX object maplibre/CMakeFiles/mbgl-core.dir/src/mbgl/renderer/paint_parameters.cpp.o[32m[39m
[33mclang++: warning: argument unused during compilation: '--gcc-toolchain=/Applications/DevEco-Studio.app/Contents/sdk/default/openharmony/native/llvm' [-Wunused-command-line-argument][33m[39m
[32m[123/576] Building CXX object maplibre/CMakeFiles/mbgl-core.dir/src/mbgl/renderer/renderer_state.cpp.o[32m[39m
[33mclang++: warning: argument unused during compilation: '--gcc-toolchain=/Applications/DevEco-Studio.app/Contents/sdk/default/openharmony/native/llvm' [-Wunused-command-line-argument][33m[39m
[32m[124/576] Building CXX object maplibre/CMakeFiles/mbgl-core.dir/src/mbgl/renderer/layers/render_symbol_layer.cpp.o[32m[39m
[33mclang++: warning: argument unused during compilation: '--gcc-toolchain=/Applications/DevEco-Studio.app/Contents/sdk/default/openharmony/native/llvm' [-Wunused-command-line-argument][33m[39m
[32m[125/576] Building CXX object maplibre/CMakeFiles/mbgl-core.dir/src/mbgl/renderer/render_static_data.cpp.o[32m[39m
[33mclang++: warning: argument unused during compilation: '--gcc-toolchain=/Applications/DevEco-Studio.app/Contents/sdk/default/openharmony/native/llvm' [-Wunused-command-line-argument][33m[39m
[32m[126/576] Building CXX object maplibre/CMakeFiles/mbgl-core.dir/src/mbgl/renderer/render_tile.cpp.o[32m[39m
[33mclang++: warning: argument unused during compilation: '--gcc-toolchain=/Applications/DevEco-Studio.app/Contents/sdk/default/openharmony/native/llvm' [-Wunused-command-line-argument][33m[39m
[32m[127/576] Building CXX object maplibre/CMakeFiles/mbgl-core.dir/src/mbgl/renderer/sources/render_custom_geometry_source.cpp.o[32m[39m
[33mclang++: warning: argument unused during compilation: '--gcc-toolchain=/Applications/DevEco-Studio.app/Contents/sdk/default/openharmony/native/llvm' [-Wunused-command-line-argument][33m[39m
[32m[128/576] Building CXX object maplibre/CMakeFiles/mbgl-core.dir/src/mbgl/renderer/sources/render_geojson_source.cpp.o[32m[39m
[33mclang++: warning: argument unused during compilation: '--gcc-toolchain=/Applications/DevEco-Studio.app/Contents/sdk/default/openharmony/native/llvm' [-Wunused-command-line-argument][33m[39m
[32m[129/576] Building CXX object maplibre/CMakeFiles/mbgl-core.dir/src/mbgl/renderer/source_state.cpp.o[32m[39m
[33mclang++: warning: argument unused during compilation: '--gcc-toolchain=/Applications/DevEco-Studio.app/Contents/sdk/default/openharmony/native/llvm' [-Wunused-command-line-argument][33m[39m
[32m[130/576] Building CXX object maplibre/CMakeFiles/mbgl-core.dir/src/mbgl/renderer/sources/render_raster_source.cpp.o[32m[39m
[33mclang++: warning: argument unused during compilation: '--gcc-toolchain=/Applications/DevEco-Studio.app/Contents/sdk/default/openharmony/native/llvm' [-Wunused-command-line-argument][33m[39m
[32m[131/576] Building CXX object maplibre/CMakeFiles/mbgl-core.dir/src/mbgl/shaders/shader_source.cpp.o[32m[39m
[33mclang++: warning: argument unused during compilation: '--gcc-toolchain=/Applications/DevEco-Studio.app/Contents/sdk/default/openharmony/native/llvm' [-Wunused-command-line-argument][33m[39m
[32m[132/576] Building CXX object maplibre/CMakeFiles/mbgl-core.dir/src/mbgl/renderer/renderer_impl.cpp.o[32m[39m
[33mclang++: warning: argument unused during compilation: '--gcc-toolchain=/Applications/DevEco-Studio.app/Contents/sdk/default/openharmony/native/llvm' [-Wunused-command-line-argument][33m[39m
[32m[133/576] Building CXX object maplibre/CMakeFiles/mbgl-core.dir/src/mbgl/renderer/sources/render_raster_dem_source.cpp.o[32m[39m
[33mclang++: warning: argument unused during compilation: '--gcc-toolchain=/Applications/DevEco-Studio.app/Contents/sdk/default/openharmony/native/llvm' [-Wunused-command-line-argument][33m[39m
[32m[134/576] Building CXX object maplibre/CMakeFiles/mbgl-core.dir/src/mbgl/renderer/sources/render_image_source.cpp.o[32m[39m
[33mclang++: warning: argument unused during compilation: '--gcc-toolchain=/Applications/DevEco-Studio.app/Contents/sdk/default/openharmony/native/llvm' [-Wunused-command-line-argument][33m[39m
[32m[135/576] Building CXX object maplibre/CMakeFiles/mbgl-core.dir/src/mbgl/renderer/tile_render_data.cpp.o[32m[39m
[33mclang++: warning: argument unused during compilation: '--gcc-toolchain=/Applications/DevEco-Studio.app/Contents/sdk/default/openharmony/native/llvm' [-Wunused-command-line-argument][33m[39m
[32m[136/576] Building CXX object maplibre/CMakeFiles/mbgl-core.dir/src/mbgl/shaders/program_parameters.cpp.o[32m[39m
[33mclang++: warning: argument unused during compilation: '--gcc-toolchain=/Applications/DevEco-Studio.app/Contents/sdk/default/openharmony/native/llvm' [-Wunused-command-line-argument][33m[39m
[32m[137/576] Building CXX object maplibre/CMakeFiles/mbgl-core.dir/src/mbgl/renderer/style_diff.cpp.o[32m[39m
[33mclang++: warning: argument unused during compilation: '--gcc-toolchain=/Applications/DevEco-Studio.app/Contents/sdk/default/openharmony/native/llvm' [-Wunused-command-line-argument][33m[39m
[32m[138/576] Building CXX object maplibre/CMakeFiles/mbgl-core.dir/src/mbgl/storage/resource_options.cpp.o[32m[39m
[33mclang++: warning: argument unused during compilation: '--gcc-toolchain=/Applications/DevEco-Studio.app/Contents/sdk/default/openharmony/native/llvm' [-Wunused-command-line-argument][33m[39m
[32m[139/576] Building CXX object maplibre/CMakeFiles/mbgl-core.dir/src/mbgl/storage/network_status.cpp.o[32m[39m
[33mclang++: warning: argument unused during compilation: '--gcc-toolchain=/Applications/DevEco-Studio.app/Contents/sdk/default/openharmony/native/llvm' [-Wunused-command-line-argument][33m[39m
[32m[140/576] Building CXX object maplibre/CMakeFiles/mbgl-core.dir/src/mbgl/storage/response.cpp.o[32m[39m
[33mclang++: warning: argument unused during compilation: '--gcc-toolchain=/Applications/DevEco-Studio.app/Contents/sdk/default/openharmony/native/llvm' [-Wunused-command-line-argument][33m[39m
[32m[141/576] Building CXX object maplibre/CMakeFiles/mbgl-core.dir/src/mbgl/renderer/sources/render_vector_source.cpp.o[32m[39m
[33mclang++: warning: argument unused during compilation: '--gcc-toolchain=/Applications/DevEco-Studio.app/Contents/sdk/default/openharmony/native/llvm' [-Wunused-command-line-argument][33m[39m
[32m[142/576] Building CXX object maplibre/CMakeFiles/mbgl-core.dir/src/mbgl/sprite/sprite_parser.cpp.o[32m[39m
[33mclang++: warning: argument unused during compilation: '--gcc-toolchain=/Applications/DevEco-Studio.app/Contents/sdk/default/openharmony/native/llvm' [-Wunused-command-line-argument][33m[39m
[32m[143/576] Building CXX object maplibre/CMakeFiles/mbgl-core.dir/src/mbgl/renderer/tile_pyramid.cpp.o[32m[39m
[33mclang++: warning: argument unused during compilation: '--gcc-toolchain=/Applications/DevEco-Studio.app/Contents/sdk/default/openharmony/native/llvm' [-Wunused-command-line-argument][33m[39m
[32m[144/576] Building CXX object maplibre/CMakeFiles/mbgl-core.dir/src/mbgl/storage/resource.cpp.o[32m[39m
[33mclang++: warning: argument unused during compilation: '--gcc-toolchain=/Applications/DevEco-Studio.app/Contents/sdk/default/openharmony/native/llvm' [-Wunused-command-line-argument][33m[39m
[32m[145/576] Building CXX object maplibre/CMakeFiles/mbgl-core.dir/src/mbgl/storage/file_source_manager.cpp.o[32m[39m
[33mclang++: warning: argument unused during compilation: '--gcc-toolchain=/Applications/DevEco-Studio.app/Contents/sdk/default/openharmony/native/llvm' [-Wunused-command-line-argument][33m[39m
[32m[146/576] Building CXX object maplibre/CMakeFiles/mbgl-core.dir/src/mbgl/storage/resource_transform.cpp.o[32m[39m
[33mclang++: warning: argument unused during compilation: '--gcc-toolchain=/Applications/DevEco-Studio.app/Contents/sdk/default/openharmony/native/llvm' [-Wunused-command-line-argument][33m[39m
[32m[147/576] Building CXX object maplibre/CMakeFiles/mbgl-core.dir/src/mbgl/sprite/sprite_loader.cpp.o[32m[39m
[33mclang++: warning: argument unused during compilation: '--gcc-toolchain=/Applications/DevEco-Studio.app/Contents/sdk/default/openharmony/native/llvm' [-Wunused-command-line-argument][33m[39m
[32m[148/576] Building CXX object maplibre/CMakeFiles/mbgl-core.dir/src/mbgl/renderer/sources/render_tile_source.cpp.o[32m[39m
[33mclang++: warning: argument unused during compilation: '--gcc-toolchain=/Applications/DevEco-Studio.app/Contents/sdk/default/openharmony/native/llvm' [-Wunused-command-line-argument][33m[39m
[32m[149/576] Building CXX object maplibre/CMakeFiles/mbgl-core.dir/src/mbgl/style/conversion/color_ramp_property_value.cpp.o[32m[39m
[33mclang++: warning: argument unused during compilation: '--gcc-toolchain=/Applications/DevEco-Studio.app/Contents/sdk/default/openharmony/native/llvm' [-Wunused-command-line-argument][33m[39m
[32m[150/576] Building CXX object maplibre/CMakeFiles/mbgl-core.dir/src/mbgl/style/conversion/sprite.cpp.o[32m[39m
[33mclang++: warning: argument unused during compilation: '--gcc-toolchain=/Applications/DevEco-Studio.app/Contents/sdk/default/openharmony/native/llvm' [-Wunused-command-line-argument][33m[39m
[32m[151/576] Building CXX object maplibre/CMakeFiles/mbgl-core.dir/src/mbgl/style/conversion/coordinate.cpp.o[32m[39m
[33mclang++: warning: argument unused during compilation: '--gcc-toolchain=/Applications/DevEco-Studio.app/Contents/sdk/default/openharmony/native/llvm' [-Wunused-command-line-argument][33m[39m
[32m[152/576] Building CXX object maplibre/CMakeFiles/mbgl-core.dir/src/mbgl/style/conversion/custom_geometry_source_options.cpp.o[32m[39m
[33mclang++: warning: argument unused during compilation: '--gcc-toolchain=/Applications/DevEco-Studio.app/Contents/sdk/default/openharmony/native/llvm' [-Wunused-command-line-argument][33m[39m
[32m[153/576] Building CXX object maplibre/CMakeFiles/mbgl-core.dir/src/mbgl/style/conversion/constant.cpp.o[32m[39m
[33mclang++: warning: argument unused during compilation: '--gcc-toolchain=/Applications/DevEco-Studio.app/Contents/sdk/default/openharmony/native/llvm' [-Wunused-command-line-argument][33m[39m
[32m[154/576] Building CXX object maplibre/CMakeFiles/mbgl-core.dir/src/mbgl/renderer/renderer.cpp.o[32m[39m
[33mclang++: warning: argument unused during compilation: '--gcc-toolchain=/Applications/DevEco-Studio.app/Contents/sdk/default/openharmony/native/llvm' [-Wunused-command-line-argument][33m[39m
[32m[155/576] Building CXX object maplibre/CMakeFiles/mbgl-core.dir/src/mbgl/style/conversion/get_json_type.cpp.o[32m[39m
[33mclang++: warning: argument unused during compilation: '--gcc-toolchain=/Applications/DevEco-Studio.app/Contents/sdk/default/openharmony/native/llvm' [-Wunused-command-line-argument][33m[39m
[32m[156/576] Building CXX object maplibre/CMakeFiles/mbgl-core.dir/src/mbgl/style/conversion/filter.cpp.o[32m[39m
[33mclang++: warning: argument unused during compilation: '--gcc-toolchain=/Applications/DevEco-Studio.app/Contents/sdk/default/openharmony/native/llvm' [-Wunused-command-line-argument][33m[39m
[32m[157/576] Building CXX object maplibre/CMakeFiles/mbgl-core.dir/src/mbgl/style/conversion/geojson_options.cpp.o[32m[39m
[33mclang++: warning: argument unused during compilation: '--gcc-toolchain=/Applications/DevEco-Studio.app/Contents/sdk/default/openharmony/native/llvm' [-Wunused-command-line-argument][33m[39m
[32m[158/576] Building CXX object maplibre/CMakeFiles/mbgl-core.dir/src/mbgl/style/conversion/layer.cpp.o[32m[39m
[33mclang++: warning: argument unused during compilation: '--gcc-toolchain=/Applications/DevEco-Studio.app/Contents/sdk/default/openharmony/native/llvm' [-Wunused-command-line-argument][33m[39m
[32m[159/576] Building CXX object maplibre/CMakeFiles/mbgl-core.dir/src/mbgl/style/conversion/geojson.cpp.o[32m[39m
[33mclang++: warning: argument unused during compilation: '--gcc-toolchain=/Applications/DevEco-Studio.app/Contents/sdk/default/openharmony/native/llvm' [-Wunused-command-line-argument][33m[39m
[32m[160/576] Building CXX object maplibre/CMakeFiles/mbgl-core.dir/src/mbgl/renderer/render_orchestrator.cpp.o[32m[39m
[33mclang++: warning: argument unused during compilation: '--gcc-toolchain=/Applications/DevEco-Studio.app/Contents/sdk/default/openharmony/native/llvm' [-Wunused-command-line-argument][33m[39m
[32m[161/576] Building CXX object maplibre/CMakeFiles/mbgl-core.dir/src/mbgl/style/conversion/light.cpp.o[32m[39m
[33mclang++: warning: argument unused during compilation: '--gcc-toolchain=/Applications/DevEco-Studio.app/Contents/sdk/default/openharmony/native/llvm' [-Wunused-command-line-argument][33m[39m
[32m[162/576] Building CXX object maplibre/CMakeFiles/mbgl-core.dir/src/mbgl/style/conversion/position.cpp.o[32m[39m
[33mclang++: warning: argument unused during compilation: '--gcc-toolchain=/Applications/DevEco-Studio.app/Contents/sdk/default/openharmony/native/llvm' [-Wunused-command-line-argument][33m[39m
[32m[163/576] Building CXX object maplibre/CMakeFiles/mbgl-core.dir/src/mbgl/style/conversion/rotation.cpp.o[32m[39m
[33mclang++: warning: argument unused during compilation: '--gcc-toolchain=/Applications/DevEco-Studio.app/Contents/sdk/default/openharmony/native/llvm' [-Wunused-command-line-argument][33m[39m
[32m[164/576] Building CXX object maplibre/CMakeFiles/mbgl-core.dir/src/mbgl/style/conversion/raster_dem_options.cpp.o[32m[39m
[33mclang++: warning: argument unused during compilation: '--gcc-toolchain=/Applications/DevEco-Studio.app/Contents/sdk/default/openharmony/native/llvm' [-Wunused-command-line-argument][33m[39m
[32m[165/576] Building CXX object maplibre/CMakeFiles/mbgl-core.dir/src/mbgl/style/expression/check_subtype.cpp.o[32m[39m
[33mclang++: warning: argument unused during compilation: '--gcc-toolchain=/Applications/DevEco-Studio.app/Contents/sdk/default/openharmony/native/llvm' [-Wunused-command-line-argument][33m[39m
[32m[166/576] Building CXX object maplibre/CMakeFiles/mbgl-core.dir/src/mbgl/style/conversion/transition_options.cpp.o[32m[39m
[33mclang++: warning: argument unused during compilation: '--gcc-toolchain=/Applications/DevEco-Studio.app/Contents/sdk/default/openharmony/native/llvm' [-Wunused-command-line-argument][33m[39m
[32m[167/576] Building CXX object maplibre/CMakeFiles/mbgl-core.dir/src/mbgl/style/conversion/tileset.cpp.o[32m[39m
[33mclang++: warning: argument unused during compilation: '--gcc-toolchain=/Applications/DevEco-Studio.app/Contents/sdk/default/openharmony/native/llvm' [-Wunused-command-line-argument][33m[39m
[32m[168/576] Building CXX object maplibre/CMakeFiles/mbgl-core.dir/src/mbgl/style/expression/collator.cpp.o[32m[39m
[33mclang++: warning: argument unused during compilation: '--gcc-toolchain=/Applications/DevEco-Studio.app/Contents/sdk/default/openharmony/native/llvm' [-Wunused-command-line-argument][33m[39m
[32m[169/576] Building CXX object maplibre/CMakeFiles/mbgl-core.dir/src/mbgl/style/conversion/source.cpp.o[32m[39m
[33mclang++: warning: argument unused during compilation: '--gcc-toolchain=/Applications/DevEco-Studio.app/Contents/sdk/default/openharmony/native/llvm' [-Wunused-command-line-argument][33m[39m
[32m[170/576] Building CXX object maplibre/CMakeFiles/mbgl-core.dir/src/mbgl/style/expression/at.cpp.o[32m[39m
[33mclang++: warning: argument unused during compilation: '--gcc-toolchain=/Applications/DevEco-Studio.app/Contents/sdk/default/openharmony/native/llvm' [-Wunused-command-line-argument][33m[39m
[32m[171/576] Building CXX object maplibre/CMakeFiles/mbgl-core.dir/src/mbgl/style/expression/boolean_operator.cpp.o[32m[39m
[33mclang++: warning: argument unused during compilation: '--gcc-toolchain=/Applications/DevEco-Studio.app/Contents/sdk/default/openharmony/native/llvm' [-Wunused-command-line-argument][33m[39m
[32m[172/576] Building CXX object maplibre/CMakeFiles/mbgl-core.dir/src/mbgl/style/expression/assertion.cpp.o[32m[39m
[33mclang++: warning: argument unused during compilation: '--gcc-toolchain=/Applications/DevEco-Studio.app/Contents/sdk/default/openharmony/native/llvm' [-Wunused-command-line-argument][33m[39m
[32m[173/576] Building CXX object maplibre/CMakeFiles/mbgl-core.dir/src/mbgl/style/conversion/function.cpp.o[32m[39m
[33mclang++: warning: argument unused during compilation: '--gcc-toolchain=/Applications/DevEco-Studio.app/Contents/sdk/default/openharmony/native/llvm' [-Wunused-command-line-argument][33m[39m
[32m[174/576] Building CXX object maplibre/CMakeFiles/mbgl-core.dir/src/mbgl/style/expression/case.cpp.o[32m[39m
[33mclang++: warning: argument unused during compilation: '--gcc-toolchain=/Applications/DevEco-Studio.app/Contents/sdk/default/openharmony/native/llvm' [-Wunused-command-line-argument][33m[39m
[32m[175/576] Building CXX object maplibre/CMakeFiles/mbgl-core.dir/src/mbgl/style/conversion/property_value.cpp.o[32m[39m
[33mclang++: warning: argument unused during compilation: '--gcc-toolchain=/Applications/DevEco-Studio.app/Contents/sdk/default/openharmony/native/llvm' [-Wunused-command-line-argument][33m[39m
[32m[176/576] Building CXX object maplibre/CMakeFiles/mbgl-core.dir/src/mbgl/style/expression/coalesce.cpp.o[32m[39m
[33mclang++: warning: argument unused during compilation: '--gcc-toolchain=/Applications/DevEco-Studio.app/Contents/sdk/default/openharmony/native/llvm' [-Wunused-command-line-argument][33m[39m
[32m[177/576] Building CXX object maplibre/CMakeFiles/mbgl-core.dir/src/mbgl/style/expression/collator_expression.cpp.o[32m[39m
[33mclang++: warning: argument unused during compilation: '--gcc-toolchain=/Applications/DevEco-Studio.app/Contents/sdk/default/openharmony/native/llvm' [-Wunused-command-line-argument][33m[39m
[32m[178/576] Building CXX object maplibre/CMakeFiles/mbgl-core.dir/src/mbgl/style/expression/coercion.cpp.o[32m[39m
[33mclang++: warning: argument unused during compilation: '--gcc-toolchain=/Applications/DevEco-Studio.app/Contents/sdk/default/openharmony/native/llvm' [-Wunused-command-line-argument][33m[39m
[32m[179/576] Building CXX object maplibre/CMakeFiles/mbgl-core.dir/src/mbgl/style/custom_tile_loader.cpp.o[32m[39m
[33mclang++: warning: argument unused during compilation: '--gcc-toolchain=/Applications/DevEco-Studio.app/Contents/sdk/default/openharmony/native/llvm' [-Wunused-command-line-argument][33m[39m
[32m[180/576] Building CXX object maplibre/CMakeFiles/mbgl-core.dir/src/mbgl/style/expression/expression.cpp.o[32m[39m
[33mclang++: warning: argument unused during compilation: '--gcc-toolchain=/Applications/DevEco-Studio.app/Contents/sdk/default/openharmony/native/llvm' [-Wunused-command-line-argument][33m[39m
[32m[181/576] Building CXX object maplibre/CMakeFiles/mbgl-core.dir/src/mbgl/style/expression/comparison.cpp.o[32m[39m
[33mclang++: warning: argument unused during compilation: '--gcc-toolchain=/Applications/DevEco-Studio.app/Contents/sdk/default/openharmony/native/llvm' [-Wunused-command-line-argument][33m[39m
[32m[182/576] Building CXX object maplibre/CMakeFiles/mbgl-core.dir/src/mbgl/style/expression/find_zoom_curve.cpp.o[32m[39m
[33mclang++: warning: argument unused during compilation: '--gcc-toolchain=/Applications/DevEco-Studio.app/Contents/sdk/default/openharmony/native/llvm' [-Wunused-command-line-argument][33m[39m
[32m[183/576] Building CXX object maplibre/CMakeFiles/mbgl-core.dir/src/mbgl/style/expression/get_covering_stops.cpp.o[32m[39m
[33mclang++: warning: argument unused during compilation: '--gcc-toolchain=/Applications/DevEco-Studio.app/Contents/sdk/default/openharmony/native/llvm' [-Wunused-command-line-argument][33m[39m
[32m[184/576] Building CXX object maplibre/CMakeFiles/mbgl-core.dir/src/mbgl/style/expression/image.cpp.o[32m[39m
[33mclang++: warning: argument unused during compilation: '--gcc-toolchain=/Applications/DevEco-Studio.app/Contents/sdk/default/openharmony/native/llvm' [-Wunused-command-line-argument][33m[39m
[32m[185/576] Building CXX object maplibre/CMakeFiles/mbgl-core.dir/src/mbgl/style/expression/distance.cpp.o[32m[39m
[33mclang++: warning: argument unused during compilation: '--gcc-toolchain=/Applications/DevEco-Studio.app/Contents/sdk/default/openharmony/native/llvm' [-Wunused-command-line-argument][33m[39m
[32m[186/576] Building CXX object maplibre/CMakeFiles/mbgl-core.dir/src/mbgl/style/expression/formatted.cpp.o[32m[39m
[33mclang++: warning: argument unused during compilation: '--gcc-toolchain=/Applications/DevEco-Studio.app/Contents/sdk/default/openharmony/native/llvm' [-Wunused-command-line-argument][33m[39m
[32m[187/576] Building CXX object maplibre/CMakeFiles/mbgl-core.dir/src/mbgl/style/expression/format_expression.cpp.o[32m[39m
[33mclang++: warning: argument unused during compilation: '--gcc-toolchain=/Applications/DevEco-Studio.app/Contents/sdk/default/openharmony/native/llvm' [-Wunused-command-line-argument][33m[39m
[32m[188/576] Building CXX object maplibre/CMakeFiles/mbgl-core.dir/src/mbgl/style/expression/dsl.cpp.o[32m[39m
[33mclang++: warning: argument unused during compilation: '--gcc-toolchain=/Applications/DevEco-Studio.app/Contents/sdk/default/openharmony/native/llvm' [-Wunused-command-line-argument][33m[39m
[32m[189/576] Building CXX object maplibre/CMakeFiles/mbgl-core.dir/src/mbgl/style/expression/image_expression.cpp.o[32m[39m
[33mclang++: warning: argument unused during compilation: '--gcc-toolchain=/Applications/DevEco-Studio.app/Contents/sdk/default/openharmony/native/llvm' [-Wunused-command-line-argument][33m[39m
[32m[190/576] Building CXX object maplibre/CMakeFiles/mbgl-core.dir/src/mbgl/style/expression/compound_expression.cpp.o[32m[39m
[33mclang++: warning: argument unused during compilation: '--gcc-toolchain=/Applications/DevEco-Studio.app/Contents/sdk/default/openharmony/native/llvm' [-Wunused-command-line-argument][33m[39m
[32m[191/576] Building CXX object maplibre/CMakeFiles/mbgl-core.dir/src/mbgl/style/expression/is_constant.cpp.o[32m[39m
[33mclang++: warning: argument unused during compilation: '--gcc-toolchain=/Applications/DevEco-Studio.app/Contents/sdk/default/openharmony/native/llvm' [-Wunused-command-line-argument][33m[39m
[32m[192/576] Building CXX object maplibre/CMakeFiles/mbgl-core.dir/src/mbgl/style/expression/is_expression.cpp.o[32m[39m
[33mclang++: warning: argument unused during compilation: '--gcc-toolchain=/Applications/DevEco-Studio.app/Contents/sdk/default/openharmony/native/llvm' [-Wunused-command-line-argument][33m[39m
[32m[193/576] Building CXX object maplibre/CMakeFiles/mbgl-core.dir/src/mbgl/style/expression/in.cpp.o[32m[39m
[33mclang++: warning: argument unused during compilation: '--gcc-toolchain=/Applications/DevEco-Studio.app/Contents/sdk/default/openharmony/native/llvm' [-Wunused-command-line-argument][33m[39m
[32m[194/576] Building CXX object maplibre/CMakeFiles/mbgl-core.dir/src/mbgl/style/expression/index_of.cpp.o[32m[39m
[33mclang++: warning: argument unused during compilation: '--gcc-toolchain=/Applications/DevEco-Studio.app/Contents/sdk/default/openharmony/native/llvm' [-Wunused-command-line-argument][33m[39m
[32m[195/576] Building CXX object maplibre/CMakeFiles/mbgl-core.dir/src/mbgl/style/expression/length.cpp.o[32m[39m
[33mclang++: warning: argument unused during compilation: '--gcc-toolchain=/Applications/DevEco-Studio.app/Contents/sdk/default/openharmony/native/llvm' [-Wunused-command-line-argument][33m[39m
[32m[196/576] Building CXX object maplibre/CMakeFiles/mbgl-core.dir/src/mbgl/style/expression/let.cpp.o[32m[39m
[33mclang++: warning: argument unused during compilation: '--gcc-toolchain=/Applications/DevEco-Studio.app/Contents/sdk/default/openharmony/native/llvm' [-Wunused-command-line-argument][33m[39m
[32m[197/576] Building CXX object maplibre/CMakeFiles/mbgl-core.dir/src/mbgl/style/expression/interpolate.cpp.o[32m[39m
[33mclang++: warning: argument unused during compilation: '--gcc-toolchain=/Applications/DevEco-Studio.app/Contents/sdk/default/openharmony/native/llvm' [-Wunused-command-line-argument][33m[39m
[32m[198/576] Building CXX object maplibre/CMakeFiles/mbgl-core.dir/src/mbgl/style/expression/literal.cpp.o[32m[39m
[33mclang++: warning: argument unused during compilation: '--gcc-toolchain=/Applications/DevEco-Studio.app/Contents/sdk/default/openharmony/native/llvm' [-Wunused-command-line-argument][33m[39m
[32m[199/576] Building CXX object maplibre/CMakeFiles/mbgl-core.dir/src/mbgl/style/expression/number_format.cpp.o[32m[39m
[33mclang++: warning: argument unused during compilation: '--gcc-toolchain=/Applications/DevEco-Studio.app/Contents/sdk/default/openharmony/native/llvm' [-Wunused-command-line-argument][33m[39m
[32m[200/576] Building CXX object maplibre/CMakeFiles/mbgl-core.dir/src/mbgl/style/sprite.cpp.o[32m[39m
[33mclang++: warning: argument unused during compilation: '--gcc-toolchain=/Applications/DevEco-Studio.app/Contents/sdk/default/openharmony/native/llvm' [-Wunused-command-line-argument][33m[39m
[32m[201/576] Building CXX object maplibre/CMakeFiles/mbgl-core.dir/src/mbgl/style/image.cpp.o[32m[39m
[33mclang++: warning: argument unused during compilation: '--gcc-toolchain=/Applications/DevEco-Studio.app/Contents/sdk/default/openharmony/native/llvm' [-Wunused-command-line-argument][33m[39m
[32m[202/576] Building CXX object maplibre/CMakeFiles/mbgl-core.dir/src/mbgl/style/image_impl.cpp.o[32m[39m
[33mclang++: warning: argument unused during compilation: '--gcc-toolchain=/Applications/DevEco-Studio.app/Contents/sdk/default/openharmony/native/llvm' [-Wunused-command-line-argument][33m[39m
[32m[203/576] Building CXX object maplibre/CMakeFiles/mbgl-core.dir/src/mbgl/style/expression/parsing_context.cpp.o[32m[39m
[33mclang++: warning: argument unused during compilation: '--gcc-toolchain=/Applications/DevEco-Studio.app/Contents/sdk/default/openharmony/native/llvm' [-Wunused-command-line-argument][33m[39m
[32m[204/576] Building CXX object maplibre/CMakeFiles/mbgl-core.dir/src/mbgl/style/expression/util.cpp.o[32m[39m
[33mclang++: warning: argument unused during compilation: '--gcc-toolchain=/Applications/DevEco-Studio.app/Contents/sdk/default/openharmony/native/llvm' [-Wunused-command-line-argument][33m[39m
[32m[205/576] Building CXX object maplibre/CMakeFiles/mbgl-core.dir/src/mbgl/style/expression/match.cpp.o[32m[39m
[33mclang++: warning: argument unused during compilation: '--gcc-toolchain=/Applications/DevEco-Studio.app/Contents/sdk/default/openharmony/native/llvm' [-Wunused-command-line-argument][33m[39m
[32m[206/576] Building CXX object maplibre/CMakeFiles/mbgl-core.dir/src/mbgl/style/expression/slice.cpp.o[32m[39m
[33mclang++: warning: argument unused during compilation: '--gcc-toolchain=/Applications/DevEco-Studio.app/Contents/sdk/default/openharmony/native/llvm' [-Wunused-command-line-argument][33m[39m
[32m[207/576] Building CXX object maplibre/CMakeFiles/mbgl-core.dir/src/mbgl/style/filter.cpp.o[32m[39m
[33mclang++: warning: argument unused during compilation: '--gcc-toolchain=/Applications/DevEco-Studio.app/Contents/sdk/default/openharmony/native/llvm' [-Wunused-command-line-argument][33m[39m
[32m[208/576] Building CXX object maplibre/CMakeFiles/mbgl-core.dir/src/mbgl/style/expression/step.cpp.o[32m[39m
[33mclang++: warning: argument unused during compilation: '--gcc-toolchain=/Applications/DevEco-Studio.app/Contents/sdk/default/openharmony/native/llvm' [-Wunused-command-line-argument][33m[39m
[32m[209/576] Building CXX object maplibre/CMakeFiles/mbgl-core.dir/src/mbgl/style/layer_impl.cpp.o[32m[39m
[33mclang++: warning: argument unused during compilation: '--gcc-toolchain=/Applications/DevEco-Studio.app/Contents/sdk/default/openharmony/native/llvm' [-Wunused-command-line-argument][33m[39m
[32m[210/576] Building CXX object maplibre/CMakeFiles/mbgl-core.dir/src/mbgl/style/expression/within.cpp.o[32m[39m
[33mclang++: warning: argument unused during compilation: '--gcc-toolchain=/Applications/DevEco-Studio.app/Contents/sdk/default/openharmony/native/llvm' [-Wunused-command-line-argument][33m[39m
[32m[211/576] Building CXX object maplibre/CMakeFiles/mbgl-core.dir/src/mbgl/style/layers/background_layer_properties.cpp.o[32m[39m
[33mclang++: warning: argument unused during compilation: '--gcc-toolchain=/Applications/DevEco-Studio.app/Contents/sdk/default/openharmony/native/llvm' [-Wunused-command-line-argument][33m[39m
[32m[212/576] Building CXX object maplibre/CMakeFiles/mbgl-core.dir/src/mbgl/style/layers/background_layer_impl.cpp.o[32m[39m
[33mclang++: warning: argument unused during compilation: '--gcc-toolchain=/Applications/DevEco-Studio.app/Contents/sdk/default/openharmony/native/llvm' [-Wunused-command-line-argument][33m[39m
[32m[213/576] Building CXX object maplibre/CMakeFiles/mbgl-core.dir/src/mbgl/style/expression/value.cpp.o[32m[39m
[33mclang++: warning: argument unused during compilation: '--gcc-toolchain=/Applications/DevEco-Studio.app/Contents/sdk/default/openharmony/native/llvm' [-Wunused-command-line-argument][33m[39m
[32m[214/576] Building CXX object maplibre/CMakeFiles/mbgl-core.dir/src/mbgl/style/layers/background_layer.cpp.o[32m[39m
[33mclang++: warning: argument unused during compilation: '--gcc-toolchain=/Applications/DevEco-Studio.app/Contents/sdk/default/openharmony/native/llvm' [-Wunused-command-line-argument][33m[39m
[32m[215/576] Building CXX object maplibre/CMakeFiles/mbgl-core.dir/src/mbgl/style/layers/circle_layer_impl.cpp.o[32m[39m
[33mclang++: warning: argument unused during compilation: '--gcc-toolchain=/Applications/DevEco-Studio.app/Contents/sdk/default/openharmony/native/llvm' [-Wunused-command-line-argument][33m[39m
[32m[216/576] Building CXX object maplibre/CMakeFiles/mbgl-core.dir/src/mbgl/style/layer.cpp.o[32m[39m
[33mclang++: warning: argument unused during compilation: '--gcc-toolchain=/Applications/DevEco-Studio.app/Contents/sdk/default/openharmony/native/llvm' [-Wunused-command-line-argument][33m[39m
[32m[217/576] Building CXX object maplibre/CMakeFiles/mbgl-core.dir/src/mbgl/style/layers/circle_layer_properties.cpp.o[32m[39m
[33mclang++: warning: argument unused during compilation: '--gcc-toolchain=/Applications/DevEco-Studio.app/Contents/sdk/default/openharmony/native/llvm' [-Wunused-command-line-argument][33m[39m
[32m[218/576] Building CXX object maplibre/CMakeFiles/mbgl-core.dir/src/mbgl/style/layers/fill_extrusion_layer_impl.cpp.o[32m[39m
[33mclang++: warning: argument unused during compilation: '--gcc-toolchain=/Applications/DevEco-Studio.app/Contents/sdk/default/openharmony/native/llvm' [-Wunused-command-line-argument][33m[39m
[32m[219/576] Building CXX object maplibre/CMakeFiles/mbgl-core.dir/src/mbgl/style/layers/fill_extrusion_layer_properties.cpp.o[32m[39m
[33mclang++: warning: argument unused during compilation: '--gcc-toolchain=/Applications/DevEco-Studio.app/Contents/sdk/default/openharmony/native/llvm' [-Wunused-command-line-argument][33m[39m
[32m[220/576] Building CXX object maplibre/CMakeFiles/mbgl-core.dir/src/mbgl/style/layers/circle_layer.cpp.o[32m[39m
[33mclang++: warning: argument unused during compilation: '--gcc-toolchain=/Applications/DevEco-Studio.app/Contents/sdk/default/openharmony/native/llvm' [-Wunused-command-line-argument][33m[39m
[32m[221/576] Building CXX object maplibre/CMakeFiles/mbgl-core.dir/src/mbgl/style/layers/fill_extrusion_layer.cpp.o[32m[39m
[33mclang++: warning: argument unused during compilation: '--gcc-toolchain=/Applications/DevEco-Studio.app/Contents/sdk/default/openharmony/native/llvm' [-Wunused-command-line-argument][33m[39m
[32m[222/576] Building CXX object maplibre/CMakeFiles/mbgl-core.dir/src/mbgl/style/layers/fill_layer_impl.cpp.o[32m[39m
[33mclang++: warning: argument unused during compilation: '--gcc-toolchain=/Applications/DevEco-Studio.app/Contents/sdk/default/openharmony/native/llvm' [-Wunused-command-line-argument][33m[39m
[32m[223/576] Building CXX object maplibre/CMakeFiles/mbgl-core.dir/src/mbgl/style/layers/fill_layer.cpp.o[32m[39m
[33mclang++: warning: argument unused during compilation: '--gcc-toolchain=/Applications/DevEco-Studio.app/Contents/sdk/default/openharmony/native/llvm' [-Wunused-command-line-argument][33m[39m
[32m[224/576] Building CXX object maplibre/CMakeFiles/mbgl-core.dir/src/mbgl/style/layers/heatmap_layer_impl.cpp.o[32m[39m
[33mclang++: warning: argument unused during compilation: '--gcc-toolchain=/Applications/DevEco-Studio.app/Contents/sdk/default/openharmony/native/llvm' [-Wunused-command-line-argument][33m[39m
[32m[225/576] Building CXX object maplibre/CMakeFiles/mbgl-core.dir/src/mbgl/style/layers/fill_layer_properties.cpp.o[32m[39m
[33mclang++: warning: argument unused during compilation: '--gcc-toolchain=/Applications/DevEco-Studio.app/Contents/sdk/default/openharmony/native/llvm' [-Wunused-command-line-argument][33m[39m
[32m[226/576] Building CXX object maplibre/CMakeFiles/mbgl-core.dir/src/mbgl/style/layers/heatmap_layer_properties.cpp.o[32m[39m
[33mclang++: warning: argument unused during compilation: '--gcc-toolchain=/Applications/DevEco-Studio.app/Contents/sdk/default/openharmony/native/llvm' [-Wunused-command-line-argument][33m[39m
[32m[227/576] Building CXX object maplibre/CMakeFiles/mbgl-core.dir/src/mbgl/style/layers/hillshade_layer_impl.cpp.o[32m[39m
[33mclang++: warning: argument unused during compilation: '--gcc-toolchain=/Applications/DevEco-Studio.app/Contents/sdk/default/openharmony/native/llvm' [-Wunused-command-line-argument][33m[39m
[32m[228/576] Building CXX object maplibre/CMakeFiles/mbgl-core.dir/src/mbgl/style/layers/heatmap_layer.cpp.o[32m[39m
[33mclang++: warning: argument unused during compilation: '--gcc-toolchain=/Applications/DevEco-Studio.app/Contents/sdk/default/openharmony/native/llvm' [-Wunused-command-line-argument][33m[39m
[32m[229/576] Building CXX object maplibre/CMakeFiles/mbgl-core.dir/src/mbgl/style/layers/hillshade_layer_properties.cpp.o[32m[39m
[33mclang++: warning: argument unused during compilation: '--gcc-toolchain=/Applications/DevEco-Studio.app/Contents/sdk/default/openharmony/native/llvm' [-Wunused-command-line-argument][33m[39m
[32m[230/576] Building CXX object maplibre/CMakeFiles/mbgl-core.dir/src/mbgl/style/layers/hillshade_layer.cpp.o[32m[39m
[33mclang++: warning: argument unused during compilation: '--gcc-toolchain=/Applications/DevEco-Studio.app/Contents/sdk/default/openharmony/native/llvm' [-Wunused-command-line-argument][33m[39m
[32m[231/576] Building CXX object maplibre/CMakeFiles/mbgl-core.dir/src/mbgl/style/layers/raster_layer_impl.cpp.o[32m[39m
[33mclang++: warning: argument unused during compilation: '--gcc-toolchain=/Applications/DevEco-Studio.app/Contents/sdk/default/openharmony/native/llvm' [-Wunused-command-line-argument][33m[39m
[32m[232/576] Building CXX object maplibre/CMakeFiles/mbgl-core.dir/src/mbgl/style/layers/line_layer_properties.cpp.o[32m[39m
[33mclang++: warning: argument unused during compilation: '--gcc-toolchain=/Applications/DevEco-Studio.app/Contents/sdk/default/openharmony/native/llvm' [-Wunused-command-line-argument][33m[39m
[32m[233/576] Building CXX object maplibre/CMakeFiles/mbgl-core.dir/src/mbgl/style/layers/line_layer_impl.cpp.o[32m[39m
[33mclang++: warning: argument unused during compilation: '--gcc-toolchain=/Applications/DevEco-Studio.app/Contents/sdk/default/openharmony/native/llvm' [-Wunused-command-line-argument][33m[39m
[32m[234/576] Building CXX object maplibre/CMakeFiles/mbgl-core.dir/src/mbgl/style/source.cpp.o[32m[39m
[33mclang++: warning: argument unused during compilation: '--gcc-toolchain=/Applications/DevEco-Studio.app/Contents/sdk/default/openharmony/native/llvm' [-Wunused-command-line-argument][33m[39m
[32m[235/576] Building CXX object maplibre/CMakeFiles/mbgl-core.dir/src/mbgl/style/layers/raster_layer.cpp.o[32m[39m
[33mclang++: warning: argument unused during compilation: '--gcc-toolchain=/Applications/DevEco-Studio.app/Contents/sdk/default/openharmony/native/llvm' [-Wunused-command-line-argument][33m[39m
[32m[236/576] Building CXX object maplibre/CMakeFiles/mbgl-core.dir/src/mbgl/style/layers/raster_layer_properties.cpp.o[32m[39m
[33mclang++: warning: argument unused during compilation: '--gcc-toolchain=/Applications/DevEco-Studio.app/Contents/sdk/default/openharmony/native/llvm' [-Wunused-command-line-argument][33m[39m
[32m[237/576] Building CXX object maplibre/CMakeFiles/mbgl-core.dir/src/mbgl/style/source_impl.cpp.o[32m[39m
[33mclang++: warning: argument unused during compilation: '--gcc-toolchain=/Applications/DevEco-Studio.app/Contents/sdk/default/openharmony/native/llvm' [-Wunused-command-line-argument][33m[39m
[32m[238/576] Building CXX object maplibre/CMakeFiles/mbgl-core.dir/src/mbgl/style/layers/line_layer.cpp.o[32m[39m
[33mclang++: warning: argument unused during compilation: '--gcc-toolchain=/Applications/DevEco-Studio.app/Contents/sdk/default/openharmony/native/llvm' [-Wunused-command-line-argument][33m[39m
[32m[239/576] Building CXX object maplibre/CMakeFiles/mbgl-core.dir/src/mbgl/style/light_impl.cpp.o[32m[39m
[33mclang++: warning: argument unused during compilation: '--gcc-toolchain=/Applications/DevEco-Studio.app/Contents/sdk/default/openharmony/native/llvm' [-Wunused-command-line-argument][33m[39m
[32m[240/576] Building CXX object maplibre/CMakeFiles/mbgl-core.dir/src/mbgl/style/light.cpp.o[32m[39m
[33mclang++: warning: argument unused during compilation: '--gcc-toolchain=/Applications/DevEco-Studio.app/Contents/sdk/default/openharmony/native/llvm' [-Wunused-command-line-argument][33m[39m
[32m[241/576] Building CXX object maplibre/CMakeFiles/mbgl-core.dir/src/mbgl/style/sources/custom_geometry_source_impl.cpp.o[32m[39m
[33mclang++: warning: argument unused during compilation: '--gcc-toolchain=/Applications/DevEco-Studio.app/Contents/sdk/default/openharmony/native/llvm' [-Wunused-command-line-argument][33m[39m
[32m[242/576] Building CXX object maplibre/CMakeFiles/mbgl-core.dir/src/mbgl/style/sources/image_source_impl.cpp.o[32m[39m
[33mclang++: warning: argument unused during compilation: '--gcc-toolchain=/Applications/DevEco-Studio.app/Contents/sdk/default/openharmony/native/llvm' [-Wunused-command-line-argument][33m[39m
[32m[243/576] Building CXX object maplibre/CMakeFiles/mbgl-core.dir/src/mbgl/style/layers/symbol_layer_properties.cpp.o[32m[39m
[33mclang++: warning: argument unused during compilation: '--gcc-toolchain=/Applications/DevEco-Studio.app/Contents/sdk/default/openharmony/native/llvm' [-Wunused-command-line-argument][33m[39m
[32m[244/576] Building CXX object maplibre/CMakeFiles/mbgl-core.dir/src/mbgl/style/layers/symbol_layer_impl.cpp.o[32m[39m
[33mclang++: warning: argument unused during compilation: '--gcc-toolchain=/Applications/DevEco-Studio.app/Contents/sdk/default/openharmony/native/llvm' [-Wunused-command-line-argument][33m[39m
[32m[245/576] Building CXX object maplibre/CMakeFiles/mbgl-core.dir/src/mbgl/style/sources/tile_source_impl.cpp.o[32m[39m
[33mclang++: warning: argument unused during compilation: '--gcc-toolchain=/Applications/DevEco-Studio.app/Contents/sdk/default/openharmony/native/llvm' [-Wunused-command-line-argument][33m[39m
[32m[246/576] Building CXX object maplibre/CMakeFiles/mbgl-core.dir/src/mbgl/style/property_expression.cpp.o[32m[39m
[33mclang++: warning: argument unused during compilation: '--gcc-toolchain=/Applications/DevEco-Studio.app/Contents/sdk/default/openharmony/native/llvm' [-Wunused-command-line-argument][33m[39m
[32m[247/576] Building CXX object maplibre/CMakeFiles/mbgl-core.dir/src/mbgl/style/types.cpp.o[32m[39m
[33mclang++: warning: argument unused during compilation: '--gcc-toolchain=/Applications/DevEco-Studio.app/Contents/sdk/default/openharmony/native/llvm' [-Wunused-command-line-argument][33m[39m
[32m[248/576] Building CXX object maplibre/CMakeFiles/mbgl-core.dir/src/mbgl/style/sources/image_source.cpp.o[32m[39m
[33mclang++: warning: argument unused during compilation: '--gcc-toolchain=/Applications/DevEco-Studio.app/Contents/sdk/default/openharmony/native/llvm' [-Wunused-command-line-argument][33m[39m
[32m[249/576] Building CXX object maplibre/CMakeFiles/mbgl-core.dir/src/mbgl/style/layers/symbol_layer.cpp.o[32m[39m
[33mclang++: warning: argument unused during compilation: '--gcc-toolchain=/Applications/DevEco-Studio.app/Contents/sdk/default/openharmony/native/llvm' [-Wunused-command-line-argument][33m[39m
[32m[250/576] Building CXX object maplibre/CMakeFiles/mbgl-core.dir/src/mbgl/style/parser.cpp.o[32m[39m
[33mclang++: warning: argument unused during compilation: '--gcc-toolchain=/Applications/DevEco-Studio.app/Contents/sdk/default/openharmony/native/llvm' [-Wunused-command-line-argument][33m[39m
[32m[251/576] Building CXX object maplibre/CMakeFiles/mbgl-core.dir/src/mbgl/style/sources/custom_geometry_source.cpp.o[32m[39m
[33mclang++: warning: argument unused during compilation: '--gcc-toolchain=/Applications/DevEco-Studio.app/Contents/sdk/default/openharmony/native/llvm' [-Wunused-command-line-argument][33m[39m
[32m[252/576] Building CXX object maplibre/CMakeFiles/mbgl-core.dir/src/mbgl/style/sources/raster_dem_source.cpp.o[32m[39m
[33mclang++: warning: argument unused during compilation: '--gcc-toolchain=/Applications/DevEco-Studio.app/Contents/sdk/default/openharmony/native/llvm' [-Wunused-command-line-argument][33m[39m
[32m[253/576] Building CXX object maplibre/CMakeFiles/mbgl-core.dir/src/mbgl/style/sources/geojson_source.cpp.o[32m[39m
[33mclang++: warning: argument unused during compilation: '--gcc-toolchain=/Applications/DevEco-Studio.app/Contents/sdk/default/openharmony/native/llvm' [-Wunused-command-line-argument][33m[39m
[32m[254/576] Building CXX object maplibre/CMakeFiles/mbgl-core.dir/src/mbgl/style/style.cpp.o[32m[39m
[33mclang++: warning: argument unused during compilation: '--gcc-toolchain=/Applications/DevEco-Studio.app/Contents/sdk/default/openharmony/native/llvm' [-Wunused-command-line-argument][33m[39m
[32m[255/576] Building CXX object maplibre/CMakeFiles/mbgl-core.dir/src/mbgl/style/sources/raster_source.cpp.o[32m[39m
[33mclang++: warning: argument unused during compilation: '--gcc-toolchain=/Applications/DevEco-Studio.app/Contents/sdk/default/openharmony/native/llvm' [-Wunused-command-line-argument][33m[39m
[32m[256/576] Building CXX object maplibre/CMakeFiles/mbgl-core.dir/src/mbgl/style/sources/tile_source.cpp.o[32m[39m
[33mclang++: warning: argument unused during compilation: '--gcc-toolchain=/Applications/DevEco-Studio.app/Contents/sdk/default/openharmony/native/llvm' [-Wunused-command-line-argument][33m[39m
[32m[257/576] Building CXX object maplibre/CMakeFiles/mbgl-core.dir/src/mbgl/style/sources/vector_source.cpp.o[32m[39m
[33mclang++: warning: argument unused during compilation: '--gcc-toolchain=/Applications/DevEco-Studio.app/Contents/sdk/default/openharmony/native/llvm' [-Wunused-command-line-argument][33m[39m
[32m[258/576] Building CXX object maplibre/CMakeFiles/mbgl-core.dir/src/mbgl/text/check_max_angle.cpp.o[32m[39m
[33mclang++: warning: argument unused during compilation: '--gcc-toolchain=/Applications/DevEco-Studio.app/Contents/sdk/default/openharmony/native/llvm' [-Wunused-command-line-argument][33m[39m
[32m[259/576] Building CXX object maplibre/CMakeFiles/mbgl-core.dir/src/mbgl/style/variable_anchor_offset_collection.cpp.o[32m[39m
[33mclang++: warning: argument unused during compilation: '--gcc-toolchain=/Applications/DevEco-Studio.app/Contents/sdk/default/openharmony/native/llvm' [-Wunused-command-line-argument][33m[39m
[32m[260/576] Building CXX object maplibre/CMakeFiles/mbgl-core.dir/src/mbgl/style/layers/custom_layer_render_parameters.cpp.o[32m[39m
[33mclang++: warning: argument unused during compilation: '--gcc-toolchain=/Applications/DevEco-Studio.app/Contents/sdk/default/openharmony/native/llvm' [-Wunused-command-line-argument][33m[39m
[32m[261/576] Building CXX object maplibre/CMakeFiles/mbgl-core.dir/src/mbgl/style/layers/custom_layer_impl.cpp.o[32m[39m
[33mclang++: warning: argument unused during compilation: '--gcc-toolchain=/Applications/DevEco-Studio.app/Contents/sdk/default/openharmony/native/llvm' [-Wunused-command-line-argument][33m[39m
[32m[262/576] Building CXX object maplibre/CMakeFiles/mbgl-core.dir/src/mbgl/style/layers/custom_layer.cpp.o[32m[39m
[33mclang++: warning: argument unused during compilation: '--gcc-toolchain=/Applications/DevEco-Studio.app/Contents/sdk/default/openharmony/native/llvm' [-Wunused-command-line-argument][33m[39m
[32m[263/576] Building CXX object maplibre/CMakeFiles/mbgl-core.dir/src/mbgl/style/sources/geojson_source_impl.cpp.o[32m[39m
[33mclang++: warning: argument unused during compilation: '--gcc-toolchain=/Applications/DevEco-Studio.app/Contents/sdk/default/openharmony/native/llvm' [-Wunused-command-line-argument][33m[39m
[32m[264/576] Building CXX object maplibre/CMakeFiles/mbgl-core.dir/src/mbgl/layermanager/custom_layer_factory.cpp.o[32m[39m
[33mclang++: warning: argument unused during compilation: '--gcc-toolchain=/Applications/DevEco-Studio.app/Contents/sdk/default/openharmony/native/llvm' [-Wunused-command-line-argument][33m[39m
[32m[265/576] Building CXX object maplibre/CMakeFiles/mbgl-core.dir/src/mbgl/style/style_impl.cpp.o[32m[39m
[33mclang++: warning: argument unused during compilation: '--gcc-toolchain=/Applications/DevEco-Studio.app/Contents/sdk/default/openharmony/native/llvm' [-Wunused-command-line-argument][33m[39m
[32m[266/576] Building CXX object maplibre/CMakeFiles/mbgl-core.dir/src/mbgl/text/glyph.cpp.o[32m[39m
[33mclang++: warning: argument unused during compilation: '--gcc-toolchain=/Applications/DevEco-Studio.app/Contents/sdk/default/openharmony/native/llvm' [-Wunused-command-line-argument][33m[39m
[32m[267/576] Building CXX object maplibre/CMakeFiles/mbgl-core.dir/src/mbgl/text/get_anchors.cpp.o[32m[39m
[33mclang++: warning: argument unused during compilation: '--gcc-toolchain=/Applications/DevEco-Studio.app/Contents/sdk/default/openharmony/native/llvm' [-Wunused-command-line-argument][33m[39m
[32m[268/576] Building CXX object maplibre/CMakeFiles/mbgl-core.dir/src/mbgl/text/glyph_pbf.cpp.o[32m[39m
[33mclang++: warning: argument unused during compilation: '--gcc-toolchain=/Applications/DevEco-Studio.app/Contents/sdk/default/openharmony/native/llvm' [-Wunused-command-line-argument][33m[39m
[32m[269/576] Building CXX object maplibre/CMakeFiles/mbgl-core.dir/src/mbgl/text/collision_feature.cpp.o[32m[39m
[33mclang++: warning: argument unused during compilation: '--gcc-toolchain=/Applications/DevEco-Studio.app/Contents/sdk/default/openharmony/native/llvm' [-Wunused-command-line-argument][33m[39m
[32m[270/576] Building CXX object maplibre/CMakeFiles/mbgl-core.dir/src/mbgl/renderer/layers/render_custom_layer.cpp.o[32m[39m
[33mclang++: warning: argument unused during compilation: '--gcc-toolchain=/Applications/DevEco-Studio.app/Contents/sdk/default/openharmony/native/llvm' [-Wunused-command-line-argument][33m[39m
[32m[271/576] Building CXX object maplibre/CMakeFiles/mbgl-core.dir/src/mbgl/text/tagged_string.cpp.o[32m[39m
[33mclang++: warning: argument unused during compilation: '--gcc-toolchain=/Applications/DevEco-Studio.app/Contents/sdk/default/openharmony/native/llvm' [-Wunused-command-line-argument][33m[39m
[32m[272/576] Building CXX object maplibre/CMakeFiles/mbgl-core.dir/src/mbgl/text/glyph_manager.cpp.o[32m[39m
[33mclang++: warning: argument unused during compilation: '--gcc-toolchain=/Applications/DevEco-Studio.app/Contents/sdk/default/openharmony/native/llvm' [-Wunused-command-line-argument][33m[39m
[32m[273/576] Building CXX object maplibre/CMakeFiles/mbgl-core.dir/src/mbgl/text/quads.cpp.o[32m[39m
[33mclang++: warning: argument unused during compilation: '--gcc-toolchain=/Applications/DevEco-Studio.app/Contents/sdk/default/openharmony/native/llvm' [-Wunused-command-line-argument][33m[39m
[32m[274/576] Building CXX object maplibre/CMakeFiles/mbgl-core.dir/src/mbgl/text/shaping.cpp.o[32m[39m
[33mclang++: warning: argument unused during compilation: '--gcc-toolchain=/Applications/DevEco-Studio.app/Contents/sdk/default/openharmony/native/llvm' [-Wunused-command-line-argument][33m[39m
[32m[275/576] Building CXX object maplibre/CMakeFiles/mbgl-core.dir/src/mbgl/text/collision_index.cpp.o[32m[39m
[33mclang++: warning: argument unused during compilation: '--gcc-toolchain=/Applications/DevEco-Studio.app/Contents/sdk/default/openharmony/native/llvm' [-Wunused-command-line-argument][33m[39m
[32m[276/576] Building CXX object maplibre/CMakeFiles/mbgl-core.dir/src/mbgl/text/cross_tile_symbol_index.cpp.o[32m[39m
[33mclang++: warning: argument unused during compilation: '--gcc-toolchain=/Applications/DevEco-Studio.app/Contents/sdk/default/openharmony/native/llvm' [-Wunused-command-line-argument][33m[39m
[32m[277/576] Building CXX object maplibre/CMakeFiles/mbgl-core.dir/src/mbgl/tile/tile_id_hash.cpp.o[32m[39m
[33mclang++: warning: argument unused during compilation: '--gcc-toolchain=/Applications/DevEco-Studio.app/Contents/sdk/default/openharmony/native/llvm' [-Wunused-command-line-argument][33m[39m
[32m[278/576] Building CXX object maplibre/CMakeFiles/mbgl-core.dir/src/mbgl/tile/geojson_tile.cpp.o[32m[39m
[33mclang++: warning: argument unused during compilation: '--gcc-toolchain=/Applications/DevEco-Studio.app/Contents/sdk/default/openharmony/native/llvm' [-Wunused-command-line-argument][33m[39m
[32m[279/576] Building CXX object maplibre/CMakeFiles/mbgl-core.dir/src/mbgl/tile/geometry_tile_data.cpp.o[32m[39m
[33mclang++: warning: argument unused during compilation: '--gcc-toolchain=/Applications/DevEco-Studio.app/Contents/sdk/default/openharmony/native/llvm' [-Wunused-command-line-argument][33m[39m
[32m[280/576] Building CXX object maplibre/CMakeFiles/mbgl-core.dir/src/mbgl/tile/tile_id_io.cpp.o[32m[39m
[33mclang++: warning: argument unused during compilation: '--gcc-toolchain=/Applications/DevEco-Studio.app/Contents/sdk/default/openharmony/native/llvm' [-Wunused-command-line-argument][33m[39m
[32m[281/576] Building CXX object maplibre/CMakeFiles/mbgl-core.dir/src/mbgl/tile/raster_dem_tile.cpp.o[32m[39m
[33mclang++: warning: argument unused during compilation: '--gcc-toolchain=/Applications/DevEco-Studio.app/Contents/sdk/default/openharmony/native/llvm' [-Wunused-command-line-argument][33m[39m
[32m[282/576] Building CXX object maplibre/CMakeFiles/mbgl-core.dir/src/mbgl/tile/tile_operation.cpp.o[32m[39m
[33mclang++: warning: argument unused during compilation: '--gcc-toolchain=/Applications/DevEco-Studio.app/Contents/sdk/default/openharmony/native/llvm' [-Wunused-command-line-argument][33m[39m
[32m[283/576] Building CXX object maplibre/CMakeFiles/mbgl-core.dir/src/mbgl/tile/raster_dem_tile_worker.cpp.o[32m[39m
[33mclang++: warning: argument unused during compilation: '--gcc-toolchain=/Applications/DevEco-Studio.app/Contents/sdk/default/openharmony/native/llvm' [-Wunused-command-line-argument][33m[39m
[32m[284/576] Building CXX object maplibre/CMakeFiles/mbgl-core.dir/src/mbgl/tile/tile.cpp.o[32m[39m
[33mclang++: warning: argument unused during compilation: '--gcc-toolchain=/Applications/DevEco-Studio.app/Contents/sdk/default/openharmony/native/llvm' [-Wunused-command-line-argument][33m[39m
[32m[285/576] Building CXX object maplibre/CMakeFiles/mbgl-core.dir/src/mbgl/text/language_tag.cpp.o[32m[39m
[33mclang++: warning: argument unused during compilation: '--gcc-toolchain=/Applications/DevEco-Studio.app/Contents/sdk/default/openharmony/native/llvm' [-Wunused-command-line-argument][33m[39m
[32m[286/576] Building CXX object maplibre/CMakeFiles/mbgl-core.dir/src/mbgl/tile/raster_tile.cpp.o[32m[39m
[33mclang++: warning: argument unused during compilation: '--gcc-toolchain=/Applications/DevEco-Studio.app/Contents/sdk/default/openharmony/native/llvm' [-Wunused-command-line-argument][33m[39m
[32m[287/576] Building CXX object maplibre/CMakeFiles/mbgl-core.dir/src/mbgl/util/camera.cpp.o[32m[39m
[33mclang++: warning: argument unused during compilation: '--gcc-toolchain=/Applications/DevEco-Studio.app/Contents/sdk/default/openharmony/native/llvm' [-Wunused-command-line-argument][33m[39m
[32m[288/576] Building CXX object maplibre/CMakeFiles/mbgl-core.dir/src/mbgl/tile/raster_tile_worker.cpp.o[32m[39m
[33mclang++: warning: argument unused during compilation: '--gcc-toolchain=/Applications/DevEco-Studio.app/Contents/sdk/default/openharmony/native/llvm' [-Wunused-command-line-argument][33m[39m
[32m[289/576] Building CXX object maplibre/CMakeFiles/mbgl-core.dir/src/mbgl/tile/custom_geometry_tile.cpp.o[32m[39m
[33mclang++: warning: argument unused during compilation: '--gcc-toolchain=/Applications/DevEco-Studio.app/Contents/sdk/default/openharmony/native/llvm' [-Wunused-command-line-argument][33m[39m
[32m[290/576] Building CXX object maplibre/CMakeFiles/mbgl-core.dir/src/mbgl/util/bounding_volumes.cpp.o[32m[39m
[33mclang++: warning: argument unused during compilation: '--gcc-toolchain=/Applications/DevEco-Studio.app/Contents/sdk/default/openharmony/native/llvm' [-Wunused-command-line-argument][33m[39m
[32m[291/576] Building CXX object maplibre/CMakeFiles/mbgl-core.dir/src/mbgl/util/chrono.cpp.o[32m[39m
[33mclang++: warning: argument unused during compilation: '--gcc-toolchain=/Applications/DevEco-Studio.app/Contents/sdk/default/openharmony/native/llvm' [-Wunused-command-line-argument][33m[39m
[32m[292/576] Building CXX object maplibre/CMakeFiles/mbgl-core.dir/src/mbgl/tile/tile_cache.cpp.o[32m[39m
[33mclang++: warning: argument unused during compilation: '--gcc-toolchain=/Applications/DevEco-Studio.app/Contents/sdk/default/openharmony/native/llvm' [-Wunused-command-line-argument][33m[39m
[32m[293/576] Building CXX object maplibre/CMakeFiles/mbgl-core.dir/src/mbgl/util/client_options.cpp.o[32m[39m
[33mclang++: warning: argument unused during compilation: '--gcc-toolchain=/Applications/DevEco-Studio.app/Contents/sdk/default/openharmony/native/llvm' [-Wunused-command-line-argument][33m[39m
[32m[294/576] Building CXX object maplibre/CMakeFiles/mbgl-core.dir/src/mbgl/tile/geometry_tile.cpp.o[32m[39m
[33mclang++: warning: argument unused during compilation: '--gcc-toolchain=/Applications/DevEco-Studio.app/Contents/sdk/default/openharmony/native/llvm' [-Wunused-command-line-argument][33m[39m
[32m[295/576] Building CXX object maplibre/CMakeFiles/mbgl-core.dir/src/mbgl/text/placement.cpp.o[32m[39m
[33mclang++: warning: argument unused during compilation: '--gcc-toolchain=/Applications/DevEco-Studio.app/Contents/sdk/default/openharmony/native/llvm' [-Wunused-command-line-argument][33m[39m
[32m[296/576] Building CXX object maplibre/CMakeFiles/mbgl-core.dir/src/mbgl/util/constants.cpp.o[32m[39m
[33mclang++: warning: argument unused during compilation: '--gcc-toolchain=/Applications/DevEco-Studio.app/Contents/sdk/default/openharmony/native/llvm' [-Wunused-command-line-argument][33m[39m
[32m[297/576] Building CXX object maplibre/CMakeFiles/mbgl-core.dir/src/mbgl/util/event.cpp.o[32m[39m
[33mclang++: warning: argument unused during compilation: '--gcc-toolchain=/Applications/DevEco-Studio.app/Contents/sdk/default/openharmony/native/llvm' [-Wunused-command-line-argument][33m[39m
[32m[298/576] Building CXX object maplibre/CMakeFiles/mbgl-core.dir/src/mbgl/util/convert.cpp.o[32m[39m
[33mclang++: warning: argument unused during compilation: '--gcc-toolchain=/Applications/DevEco-Studio.app/Contents/sdk/default/openharmony/native/llvm' [-Wunused-command-line-argument][33m[39m
[32m[299/576] Building CXX object maplibre/CMakeFiles/mbgl-core.dir/src/mbgl/tile/vector_tile_data.cpp.o[32m[39m
[33mclang++: warning: argument unused during compilation: '--gcc-toolchain=/Applications/DevEco-Studio.app/Contents/sdk/default/openharmony/native/llvm' [-Wunused-command-line-argument][33m[39m
[32m[300/576] Building CXX object maplibre/CMakeFiles/mbgl-core.dir/src/mbgl/util/geo.cpp.o[32m[39m
[33mclang++: warning: argument unused during compilation: '--gcc-toolchain=/Applications/DevEco-Studio.app/Contents/sdk/default/openharmony/native/llvm' [-Wunused-command-line-argument][33m[39m
[32m[301/576] Building CXX object maplibre/CMakeFiles/mbgl-core.dir/src/mbgl/util/geometry_util.cpp.o[32m[39m
[33mclang++: warning: argument unused during compilation: '--gcc-toolchain=/Applications/DevEco-Studio.app/Contents/sdk/default/openharmony/native/llvm' [-Wunused-command-line-argument][33m[39m
[32m[302/576] Building CXX object maplibre/CMakeFiles/mbgl-core.dir/src/mbgl/util/color.cpp.o[32m[39m
[33mclang++: warning: argument unused during compilation: '--gcc-toolchain=/Applications/DevEco-Studio.app/Contents/sdk/default/openharmony/native/llvm' [-Wunused-command-line-argument][33m[39m
[32m[303/576] Building CXX object maplibre/CMakeFiles/mbgl-core.dir/src/mbgl/util/action_journal.cpp.o[32m[39m
[33mclang++: warning: argument unused during compilation: '--gcc-toolchain=/Applications/DevEco-Studio.app/Contents/sdk/default/openharmony/native/llvm' [-Wunused-command-line-argument][33m[39m
[32m[304/576] Building CXX object maplibre/CMakeFiles/mbgl-core.dir/src/mbgl/util/http_timeout.cpp.o[32m[39m
[33mclang++: warning: argument unused during compilation: '--gcc-toolchain=/Applications/DevEco-Studio.app/Contents/sdk/default/openharmony/native/llvm' [-Wunused-command-line-argument][33m[39m
[32m[305/576] Building CXX object maplibre/CMakeFiles/mbgl-core.dir/src/mbgl/util/identity.cpp.o[32m[39m
[33mclang++: warning: argument unused during compilation: '--gcc-toolchain=/Applications/DevEco-Studio.app/Contents/sdk/default/openharmony/native/llvm' [-Wunused-command-line-argument][33m[39m
[32m[306/576] Building CXX object maplibre/CMakeFiles/mbgl-core.dir/src/mbgl/util/mat2.cpp.o[32m[39m
[33mclang++: warning: argument unused during compilation: '--gcc-toolchain=/Applications/DevEco-Studio.app/Contents/sdk/default/openharmony/native/llvm' [-Wunused-command-line-argument][33m[39m
[32m[307/576] Building CXX object maplibre/CMakeFiles/mbgl-core.dir/src/mbgl/tile/geometry_tile_worker.cpp.o[32m[39m
[33mclang++: warning: argument unused during compilation: '--gcc-toolchain=/Applications/DevEco-Studio.app/Contents/sdk/default/openharmony/native/llvm' [-Wunused-command-line-argument][33m[39m
[32m[308/576] Building CXX object maplibre/CMakeFiles/mbgl-core.dir/src/mbgl/util/i18n.cpp.o[32m[39m
[33mclang++: warning: argument unused during compilation: '--gcc-toolchain=/Applications/DevEco-Studio.app/Contents/sdk/default/openharmony/native/llvm' [-Wunused-command-line-argument][33m[39m
[32m[309/576] Building CXX object maplibre/CMakeFiles/mbgl-core.dir/src/mbgl/util/io.cpp.o[32m[39m
[33mclang++: warning: argument unused during compilation: '--gcc-toolchain=/Applications/DevEco-Studio.app/Contents/sdk/default/openharmony/native/llvm' [-Wunused-command-line-argument][33m[39m
[32m[310/576] Building CXX object maplibre/CMakeFiles/mbgl-core.dir/src/mbgl/util/mat3.cpp.o[32m[39m
[33mclang++: warning: argument unused during compilation: '--gcc-toolchain=/Applications/DevEco-Studio.app/Contents/sdk/default/openharmony/native/llvm' [-Wunused-command-line-argument][33m[39m
[32m[311/576] Building CXX object maplibre/CMakeFiles/mbgl-core.dir/src/mbgl/util/intersection_tests.cpp.o[32m[39m
[33mclang++: warning: argument unused during compilation: '--gcc-toolchain=/Applications/DevEco-Studio.app/Contents/sdk/default/openharmony/native/llvm' [-Wunused-command-line-argument][33m[39m
[32m[312/576] Building CXX object maplibre/CMakeFiles/mbgl-core.dir/src/mbgl/util/mat4.cpp.o[32m[39m
[33mclang++: warning: argument unused during compilation: '--gcc-toolchain=/Applications/DevEco-Studio.app/Contents/sdk/default/openharmony/native/llvm' [-Wunused-command-line-argument][33m[39m
[32m[313/576] Building CXX object maplibre/CMakeFiles/mbgl-core.dir/src/mbgl/util/interpolate.cpp.o[32m[39m
[33mclang++: warning: argument unused during compilation: '--gcc-toolchain=/Applications/DevEco-Studio.app/Contents/sdk/default/openharmony/native/llvm' [-Wunused-command-line-argument][33m[39m
[32m[314/576] Building CXX object maplibre/CMakeFiles/mbgl-core.dir/src/mbgl/util/geojson_impl.cpp.o[32m[39m
[33mclang++: warning: argument unused during compilation: '--gcc-toolchain=/Applications/DevEco-Studio.app/Contents/sdk/default/openharmony/native/llvm' [-Wunused-command-line-argument][33m[39m
[32m[315/576] Building CXX object maplibre/CMakeFiles/mbgl-core.dir/src/mbgl/util/grid_index.cpp.o[32m[39m
[33mclang++: warning: argument unused during compilation: '--gcc-toolchain=/Applications/DevEco-Studio.app/Contents/sdk/default/openharmony/native/llvm' [-Wunused-command-line-argument][33m[39m
[32m[316/576] Building CXX object maplibre/CMakeFiles/mbgl-core.dir/src/mbgl/util/logging.cpp.o[32m[39m
[33mclang++: warning: argument unused during compilation: '--gcc-toolchain=/Applications/DevEco-Studio.app/Contents/sdk/default/openharmony/native/llvm' [-Wunused-command-line-argument][33m[39m
[32m[317/576] Building CXX object maplibre/CMakeFiles/mbgl-core.dir/src/mbgl/util/quaternion.cpp.o[32m[39m
[33mclang++: warning: argument unused during compilation: '--gcc-toolchain=/Applications/DevEco-Studio.app/Contents/sdk/default/openharmony/native/llvm' [-Wunused-command-line-argument][33m[39m
[32m[318/576] Building CXX object maplibre/CMakeFiles/mbgl-core.dir/src/mbgl/util/premultiply.cpp.o[32m[39m
[33mclang++: warning: argument unused during compilation: '--gcc-toolchain=/Applications/DevEco-Studio.app/Contents/sdk/default/openharmony/native/llvm' [-Wunused-command-line-argument][33m[39m
[32m[319/576] Building CXX object maplibre/CMakeFiles/mbgl-core.dir/src/mbgl/util/font_stack.cpp.o[32m[39m
[33mclang++: warning: argument unused during compilation: '--gcc-toolchain=/Applications/DevEco-Studio.app/Contents/sdk/default/openharmony/native/llvm' [-Wunused-command-line-argument][33m[39m
[32m[320/576] Building CXX object maplibre/CMakeFiles/mbgl-core.dir/src/mbgl/util/stopwatch.cpp.o[32m[39m
[33mclang++: warning: argument unused during compilation: '--gcc-toolchain=/Applications/DevEco-Studio.app/Contents/sdk/default/openharmony/native/llvm' [-Wunused-command-line-argument][33m[39m
[32m[321/576] Building CXX object maplibre/CMakeFiles/mbgl-core.dir/src/mbgl/util/rapidjson.cpp.o[32m[39m
[33mclang++: warning: argument unused during compilation: '--gcc-toolchain=/Applications/DevEco-Studio.app/Contents/sdk/default/openharmony/native/llvm' [-Wunused-command-line-argument][33m[39m
[32m[322/576] Building CXX object maplibre/CMakeFiles/mbgl-core.dir/src/mbgl/util/string.cpp.o[32m[39m
[33mclang++: warning: argument unused during compilation: '--gcc-toolchain=/Applications/DevEco-Studio.app/Contents/sdk/default/openharmony/native/llvm' [-Wunused-command-line-argument][33m[39m
[32m[323/576] Building CXX object maplibre/CMakeFiles/mbgl-core.dir/src/mbgl/tile/vector_tile.cpp.o[32m[39m
[33mclang++: warning: argument unused during compilation: '--gcc-toolchain=/Applications/DevEco-Studio.app/Contents/sdk/default/openharmony/native/llvm' [-Wunused-command-line-argument][33m[39m
[32m[324/576] Building CXX object maplibre/CMakeFiles/mbgl-core.dir/src/mbgl/util/version.cpp.o[32m[39m
[33mclang++: warning: argument unused during compilation: '--gcc-toolchain=/Applications/DevEco-Studio.app/Contents/sdk/default/openharmony/native/llvm' [-Wunused-command-line-argument][33m[39m
[32m[325/576] Building CXX object maplibre/CMakeFiles/mbgl-core.dir/src/mbgl/util/padding.cpp.o[32m[39m
[33mclang++: warning: argument unused during compilation: '--gcc-toolchain=/Applications/DevEco-Studio.app/Contents/sdk/default/openharmony/native/llvm' [-Wunused-command-line-argument][33m[39m
[32m[326/576] Building CXX object maplibre/CMakeFiles/mbgl-core.dir/src/mbgl/util/thread.cpp.o[32m[39m
[33mclang++: warning: argument unused during compilation: '--gcc-toolchain=/Applications/DevEco-Studio.app/Contents/sdk/default/openharmony/native/llvm' [-Wunused-command-line-argument][33m[39m
[32m[327/576] Building CXX object maplibre/CMakeFiles/mbgl-core.dir/src/mbgl/util/string_indexer.cpp.o[32m[39m
[33mclang++: warning: argument unused during compilation: '--gcc-toolchain=/Applications/DevEco-Studio.app/Contents/sdk/default/openharmony/native/llvm' [-Wunused-command-line-argument][33m[39m
[32m[328/576] Building CXX object maplibre/CMakeFiles/mbgl-core.dir/src/mbgl/util/work_request.cpp.o[32m[39m
[33mclang++: warning: argument unused during compilation: '--gcc-toolchain=/Applications/DevEco-Studio.app/Contents/sdk/default/openharmony/native/llvm' [-Wunused-command-line-argument][33m[39m
[32m[329/576] Building CXX object maplibre/CMakeFiles/mbgl-core.dir/src/mbgl/util/default_style.cpp.o[32m[39m
[33mclang++: warning: argument unused during compilation: '--gcc-toolchain=/Applications/DevEco-Studio.app/Contents/sdk/default/openharmony/native/llvm' [-Wunused-command-line-argument][33m[39m
[32m[330/576] Building CXX object maplibre/CMakeFiles/mbgl-core.dir/src/mbgl/util/mapbox.cpp.o[32m[39m
[33mclang++: warning: argument unused during compilation: '--gcc-toolchain=/Applications/DevEco-Studio.app/Contents/sdk/default/openharmony/native/llvm' [-Wunused-command-line-argument][33m[39m
[32m[331/576] Building CXX object maplibre/CMakeFiles/mbgl-core.dir/src/mbgl/util/tile_server_options.cpp.o[32m[39m
[33mclang++: warning: argument unused during compilation: '--gcc-toolchain=/Applications/DevEco-Studio.app/Contents/sdk/default/openharmony/native/llvm' [-Wunused-command-line-argument][33m[39m
[32m[332/576] Building CXX object maplibre/CMakeFiles/mbgl-core.dir/src/mbgl/util/tiny_sdf.cpp.o[32m[39m
[33mclang++: warning: argument unused during compilation: '--gcc-toolchain=/Applications/DevEco-Studio.app/Contents/sdk/default/openharmony/native/llvm' [-Wunused-command-line-argument][33m[39m
[32m[333/576] Building CXX object maplibre/CMakeFiles/mbgl-core.dir/src/mbgl/util/url.cpp.o[32m[39m
[33mclang++: warning: argument unused during compilation: '--gcc-toolchain=/Applications/DevEco-Studio.app/Contents/sdk/default/openharmony/native/llvm' [-Wunused-command-line-argument][33m[39m
[32m[334/576] Building CXX object maplibre/CMakeFiles/mbgl-core.dir/src/mbgl/util/thread_pool.cpp.o[32m[39m
[33mclang++: warning: argument unused during compilation: '--gcc-toolchain=/Applications/DevEco-Studio.app/Contents/sdk/default/openharmony/native/llvm' [-Wunused-command-line-argument][33m[39m
[32m[335/576] Building CXX object maplibre/CMakeFiles/mbgl-core.dir/src/mbgl/util/tile_cover_impl.cpp.o[32m[39m
[33mclang++: warning: argument unused during compilation: '--gcc-toolchain=/Applications/DevEco-Studio.app/Contents/sdk/default/openharmony/native/llvm' [-Wunused-command-line-argument][33m[39m
[32m[336/576] Building CXX object maplibre/CMakeFiles/mbgl-core.dir/src/mbgl/util/http_header.cpp.o[32m[39m
[33mclang++: warning: argument unused during compilation: '--gcc-toolchain=/Applications/DevEco-Studio.app/Contents/sdk/default/openharmony/native/llvm' [-Wunused-command-line-argument][33m[39m
[32m[337/576] Building CXX object maplibre/CMakeFiles/mbgl-core.dir/src/mbgl/util/tile_cover.cpp.o[32m[39m
[33mclang++: warning: argument unused during compilation: '--gcc-toolchain=/Applications/DevEco-Studio.app/Contents/sdk/default/openharmony/native/llvm' [-Wunused-command-line-argument][33m[39m
[32m[338/576] Building CXX object maplibre/CMakeFiles/mbgl-core.dir/src/mbgl/util/action_journal_impl.cpp.o[32m[39m
[33mclang++: warning: argument unused during compilation: '--gcc-toolchain=/Applications/DevEco-Studio.app/Contents/sdk/default/openharmony/native/llvm' [-Wunused-command-line-argument][33m[39m
[32m[339/576] Building CXX object maplibre/CMakeFiles/mbgl-core.dir/src/mbgl/plugin/plugin_layer_properties.cpp.o[32m[39m
[33mclang++: warning: argument unused during compilation: '--gcc-toolchain=/Applications/DevEco-Studio.app/Contents/sdk/default/openharmony/native/llvm' [-Wunused-command-line-argument][33m[39m
[32m[340/576] Building CXX object maplibre/CMakeFiles/mbgl-core.dir/src/mbgl/plugin/plugin_layer.cpp.o[32m[39m
[33mclang++: warning: argument unused during compilation: '--gcc-toolchain=/Applications/DevEco-Studio.app/Contents/sdk/default/openharmony/native/llvm' [-Wunused-command-line-argument][33m[39m
[32m[341/576] Building CXX object maplibre/CMakeFiles/mbgl-core.dir/src/mbgl/plugin/plugin_layer_impl.cpp.o[32m[39m
[33mclang++: warning: argument unused during compilation: '--gcc-toolchain=/Applications/DevEco-Studio.app/Contents/sdk/default/openharmony/native/llvm' [-Wunused-command-line-argument][33m[39m
[32m[342/576] Building CXX object maplibre/CMakeFiles/mbgl-core.dir/src/mbgl/plugin/plugin_layer_render.cpp.o[32m[39m
[33mclang++: warning: argument unused during compilation: '--gcc-toolchain=/Applications/DevEco-Studio.app/Contents/sdk/default/openharmony/native/llvm' [-Wunused-command-line-argument][33m[39m
[32m[343/576] Building CXX object maplibre/CMakeFiles/mbgl-core.dir/src/mbgl/vulkan/buffer_resource.cpp.o[32m[39m
[33mclang++: warning: argument unused during compilation: '--gcc-toolchain=/Applications/DevEco-Studio.app/Contents/sdk/default/openharmony/native/llvm' [-Wunused-command-line-argument][33m[39m
[32m[344/576] Building CXX object maplibre/CMakeFiles/mbgl-core.dir/src/mbgl/vulkan/command_encoder.cpp.o[32m[39m
[33mclang++: warning: argument unused during compilation: '--gcc-toolchain=/Applications/DevEco-Studio.app/Contents/sdk/default/openharmony/native/llvm' [-Wunused-command-line-argument][33m[39m
[32m[345/576] Building CXX object maplibre/CMakeFiles/mbgl-core.dir/src/mbgl/plugin/plugin_layer_factory.cpp.o[32m[39m
[33mclang++: warning: argument unused during compilation: '--gcc-toolchain=/Applications/DevEco-Studio.app/Contents/sdk/default/openharmony/native/llvm' [-Wunused-command-line-argument][33m[39m
[32m[346/576] Building CXX object maplibre/CMakeFiles/mbgl-core.dir/src/mbgl/vulkan/descriptor_set.cpp.o[32m[39m
[33mclang++: warning: argument unused during compilation: '--gcc-toolchain=/Applications/DevEco-Studio.app/Contents/sdk/default/openharmony/native/llvm' [-Wunused-command-line-argument][33m[39m
[32m[347/576] Building CXX object maplibre/CMakeFiles/mbgl-core.dir/src/mbgl/vulkan/index_buffer_resource.cpp.o[32m[39m
[33mclang++: warning: argument unused during compilation: '--gcc-toolchain=/Applications/DevEco-Studio.app/Contents/sdk/default/openharmony/native/llvm' [-Wunused-command-line-argument][33m[39m
[32m[348/576] Building CXX object maplibre/CMakeFiles/mbgl-core.dir/src/mbgl/vulkan/offscreen_texture.cpp.o[32m[39m
[33mclang++: warning: argument unused during compilation: '--gcc-toolchain=/Applications/DevEco-Studio.app/Contents/sdk/default/openharmony/native/llvm' [-Wunused-command-line-argument][33m[39m
[32m[349/576] Building CXX object maplibre/CMakeFiles/mbgl-core.dir/src/mbgl/vulkan/pipeline.cpp.o[32m[39m
[33mclang++: warning: argument unused during compilation: '--gcc-toolchain=/Applications/DevEco-Studio.app/Contents/sdk/default/openharmony/native/llvm' [-Wunused-command-line-argument][33m[39m
[32m[350/576] Building CXX object maplibre/CMakeFiles/mbgl-core.dir/src/mbgl/vulkan/layer_group.cpp.o[32m[39m
[33mclang++: warning: argument unused during compilation: '--gcc-toolchain=/Applications/DevEco-Studio.app/Contents/sdk/default/openharmony/native/llvm' [-Wunused-command-line-argument][33m[39m
[32m[351/576] Building CXX object maplibre/CMakeFiles/mbgl-core.dir/src/mbgl/vulkan/render_pass.cpp.o[32m[39m
[33mclang++: warning: argument unused during compilation: '--gcc-toolchain=/Applications/DevEco-Studio.app/Contents/sdk/default/openharmony/native/llvm' [-Wunused-command-line-argument][33m[39m
[32m[352/576] Building CXX object maplibre/CMakeFiles/mbgl-core.dir/src/mbgl/vulkan/drawable.cpp.o[32m[39m
[33mclang++: warning: argument unused during compilation: '--gcc-toolchain=/Applications/DevEco-Studio.app/Contents/sdk/default/openharmony/native/llvm' [-Wunused-command-line-argument][33m[39m
[32m[353/576] Building CXX object maplibre/CMakeFiles/mbgl-core.dir/src/mbgl/vulkan/drawable_builder.cpp.o[32m[39m
[33mclang++: warning: argument unused during compilation: '--gcc-toolchain=/Applications/DevEco-Studio.app/Contents/sdk/default/openharmony/native/llvm' [-Wunused-command-line-argument][33m[39m
[32m[354/576] Building CXX object maplibre/CMakeFiles/mbgl-core.dir/src/mbgl/vulkan/uniform_buffer.cpp.o[32m[39m
[33mclang++: warning: argument unused during compilation: '--gcc-toolchain=/Applications/DevEco-Studio.app/Contents/sdk/default/openharmony/native/llvm' [-Wunused-command-line-argument][33m[39m
[32m[355/576] Building CXX object maplibre/CMakeFiles/mbgl-core.dir/src/mbgl/vulkan/texture2d.cpp.o[32m[39m
[33mclang++: warning: argument unused during compilation: '--gcc-toolchain=/Applications/DevEco-Studio.app/Contents/sdk/default/openharmony/native/llvm' [-Wunused-command-line-argument][33m[39m
[32m[356/576] Building CXX object maplibre/CMakeFiles/mbgl-core.dir/src/mbgl/vulkan/renderable_resource.cpp.o[32m[39m
[33mclang++: warning: argument unused during compilation: '--gcc-toolchain=/Applications/DevEco-Studio.app/Contents/sdk/default/openharmony/native/llvm' [-Wunused-command-line-argument][33m[39m
[32m[357/576] Building CXX object maplibre/CMakeFiles/mbgl-core.dir/src/mbgl/vulkan/context.cpp.o[32m[39m
[33mclang++: warning: argument unused during compilation: '--gcc-toolchain=/Applications/DevEco-Studio.app/Contents/sdk/default/openharmony/native/llvm' [-Wunused-command-line-argument][33m[39m
[32m[358/576] Building CXX object maplibre/CMakeFiles/mbgl-core.dir/src/mbgl/vulkan/tile_layer_group.cpp.o[32m[39m
[33mclang++: warning: argument unused during compilation: '--gcc-toolchain=/Applications/DevEco-Studio.app/Contents/sdk/default/openharmony/native/llvm' [-Wunused-command-line-argument][33m[39m
[32m[359/576] Building CXX object maplibre/CMakeFiles/mbgl-core.dir/src/mbgl/vulkan/vertex_buffer_resource.cpp.o[32m[39m
[33mclang++: warning: argument unused during compilation: '--gcc-toolchain=/Applications/DevEco-Studio.app/Contents/sdk/default/openharmony/native/llvm' [-Wunused-command-line-argument][33m[39m
[32m[360/576] Building CXX object maplibre/CMakeFiles/mbgl-core.dir/src/mbgl/vulkan/vertex_attribute.cpp.o[32m[39m
[33mclang++: warning: argument unused during compilation: '--gcc-toolchain=/Applications/DevEco-Studio.app/Contents/sdk/default/openharmony/native/llvm' [-Wunused-command-line-argument][33m[39m
[32m[361/576] Building CXX object maplibre/CMakeFiles/mbgl-core.dir/src/mbgl/vulkan/upload_pass.cpp.o[32m[39m
[33mclang++: warning: argument unused during compilation: '--gcc-toolchain=/Applications/DevEco-Studio.app/Contents/sdk/default/openharmony/native/llvm' [-Wunused-command-line-argument][33m[39m
[32m[362/576] Building CXX object maplibre/CMakeFiles/mbgl-core.dir/src/mbgl/shaders/vulkan/background.cpp.o[32m[39m
[33mclang++: warning: argument unused during compilation: '--gcc-toolchain=/Applications/DevEco-Studio.app/Contents/sdk/default/openharmony/native/llvm' [-Wunused-command-line-argument][33m[39m
[32m[363/576] Building CXX object maplibre/CMakeFiles/mbgl-core.dir/src/mbgl/vulkan/renderer_backend.cpp.o[32m[39m
[33mclang++: warning: argument unused during compilation: '--gcc-toolchain=/Applications/DevEco-Studio.app/Contents/sdk/default/openharmony/native/llvm' [-Wunused-command-line-argument][33m[39m
[32m[364/576] Building CXX object maplibre/CMakeFiles/mbgl-core.dir/src/mbgl/shaders/vulkan/circle.cpp.o[32m[39m
[33mclang++: warning: argument unused during compilation: '--gcc-toolchain=/Applications/DevEco-Studio.app/Contents/sdk/default/openharmony/native/llvm' [-Wunused-command-line-argument][33m[39m
[32m[365/576] Building CXX object maplibre/CMakeFiles/mbgl-core.dir/src/mbgl/shaders/vulkan/clipping_mask.cpp.o[32m[39m
[33mclang++: warning: argument unused during compilation: '--gcc-toolchain=/Applications/DevEco-Studio.app/Contents/sdk/default/openharmony/native/llvm' [-Wunused-command-line-argument][33m[39m
[32m[366/576] Building CXX object maplibre/CMakeFiles/mbgl-core.dir/src/mbgl/shaders/vulkan/collision.cpp.o[32m[39m
[33mclang++: warning: argument unused during compilation: '--gcc-toolchain=/Applications/DevEco-Studio.app/Contents/sdk/default/openharmony/native/llvm' [-Wunused-command-line-argument][33m[39m
[32m[367/576] Building CXX object maplibre/CMakeFiles/mbgl-core.dir/src/mbgl/shaders/vulkan/custom_symbol_icon.cpp.o[32m[39m
[33mclang++: warning: argument unused during compilation: '--gcc-toolchain=/Applications/DevEco-Studio.app/Contents/sdk/default/openharmony/native/llvm' [-Wunused-command-line-argument][33m[39m
[32m[368/576] Building CXX object maplibre/CMakeFiles/mbgl-core.dir/src/mbgl/shaders/vulkan/shader_program.cpp.o[32m[39m
[33mclang++: warning: argument unused during compilation: '--gcc-toolchain=/Applications/DevEco-Studio.app/Contents/sdk/default/openharmony/native/llvm' [-Wunused-command-line-argument][33m[39m
[32m[369/576] Building CXX object maplibre/CMakeFiles/mbgl-core.dir/src/mbgl/shaders/vulkan/custom_geometry.cpp.o[32m[39m
[33mclang++: warning: argument unused during compilation: '--gcc-toolchain=/Applications/DevEco-Studio.app/Contents/sdk/default/openharmony/native/llvm' [-Wunused-command-line-argument][33m[39m
[32m[370/576] Building CXX object maplibre/CMakeFiles/mbgl-core.dir/src/mbgl/shaders/vulkan/debug.cpp.o[32m[39m
[33mclang++: warning: argument unused during compilation: '--gcc-toolchain=/Applications/DevEco-Studio.app/Contents/sdk/default/openharmony/native/llvm' [-Wunused-command-line-argument][33m[39m
[32m[371/576] Building CXX object maplibre/CMakeFiles/mbgl-core.dir/src/mbgl/shaders/vulkan/fill.cpp.o[32m[39m
[33mclang++: warning: argument unused during compilation: '--gcc-toolchain=/Applications/DevEco-Studio.app/Contents/sdk/default/openharmony/native/llvm' [-Wunused-command-line-argument][33m[39m
[32m[372/576] Building CXX object maplibre/CMakeFiles/mbgl-core.dir/src/mbgl/shaders/vulkan/heatmap.cpp.o[32m[39m
[33mclang++: warning: argument unused during compilation: '--gcc-toolchain=/Applications/DevEco-Studio.app/Contents/sdk/default/openharmony/native/llvm' [-Wunused-command-line-argument][33m[39m
[32m[373/576] Building CXX object maplibre/CMakeFiles/mbgl-core.dir/src/mbgl/shaders/vulkan/fill_extrusion.cpp.o[32m[39m
[33mclang++: warning: argument unused during compilation: '--gcc-toolchain=/Applications/DevEco-Studio.app/Contents/sdk/default/openharmony/native/llvm' [-Wunused-command-line-argument][33m[39m
[32m[374/576] Building CXX object maplibre/CMakeFiles/mbgl-core.dir/src/mbgl/text/harfbuzz.cpp.o[32m[39m
[33mclang++: warning: argument unused during compilation: '--gcc-toolchain=/Applications/DevEco-Studio.app/Contents/sdk/default/openharmony/native/llvm' [-Wunused-command-line-argument][33m[39m
[32m[375/576] Building CXX object maplibre/CMakeFiles/mbgl-core.dir/src/mbgl/shaders/vulkan/heatmap_texture.cpp.o[32m[39m
[33mclang++: warning: argument unused during compilation: '--gcc-toolchain=/Applications/DevEco-Studio.app/Contents/sdk/default/openharmony/native/llvm' [-Wunused-command-line-argument][33m[39m
[32m[376/576] Building CXX object maplibre/CMakeFiles/mbgl-core.dir/src/mbgl/text/harfbuzz_impl.cpp.o[32m[39m
[33mclang++: warning: argument unused during compilation: '--gcc-toolchain=/Applications/DevEco-Studio.app/Contents/sdk/default/openharmony/native/llvm' [-Wunused-command-line-argument][33m[39m
[32m[377/576] Building CXX object maplibre/CMakeFiles/mbgl-core.dir/src/mbgl/shaders/vulkan/hillshade.cpp.o[32m[39m
[33mclang++: warning: argument unused during compilation: '--gcc-toolchain=/Applications/DevEco-Studio.app/Contents/sdk/default/openharmony/native/llvm' [-Wunused-command-line-argument][33m[39m
[32m[378/576] Building CXX object maplibre/CMakeFiles/mbgl-core.dir/platform/harmony/src/thread.cpp.o[32m[39m
[33mclang++: warning: argument unused during compilation: '--gcc-toolchain=/Applications/DevEco-Studio.app/Contents/sdk/default/openharmony/native/llvm' [-Wunused-command-line-argument][33m[39m
[32m[379/576] Building CXX object maplibre/CMakeFiles/mbgl-core.dir/platform/harmony/src/attach_env.cpp.o[32m[39m
[33mclang++: warning: argument unused during compilation: '--gcc-toolchain=/Applications/DevEco-Studio.app/Contents/sdk/default/openharmony/native/llvm' [-Wunused-command-line-argument][33m[39m
[32m[380/576] Building CXX object maplibre/CMakeFiles/mbgl-core.dir/src/mbgl/layermanager/custom_drawable_layer_factory.cpp.o[32m[39m
[33mclang++: warning: argument unused during compilation: '--gcc-toolchain=/Applications/DevEco-Studio.app/Contents/sdk/default/openharmony/native/llvm' [-Wunused-command-line-argument][33m[39m
[32m[381/576] Building CXX object maplibre/CMakeFiles/mbgl-core.dir/src/mbgl/style/layers/custom_drawable_layer_impl.cpp.o[32m[39m
[33mclang++: warning: argument unused during compilation: '--gcc-toolchain=/Applications/DevEco-Studio.app/Contents/sdk/default/openharmony/native/llvm' [-Wunused-command-line-argument][33m[39m
[32m[382/576] Building CXX object maplibre/CMakeFiles/mbgl-core.dir/platform/harmony/src/async_task.cpp.o[32m[39m
[33mclang++: warning: argument unused during compilation: '--gcc-toolchain=/Applications/DevEco-Studio.app/Contents/sdk/default/openharmony/native/llvm' [-Wunused-command-line-argument][33m[39m
[32m[383/576] Building CXX object maplibre/CMakeFiles/mbgl-core.dir/platform/harmony/src/bitmap.cpp.o[32m[39m
[33mclang++: warning: argument unused during compilation: '--gcc-toolchain=/Applications/DevEco-Studio.app/Contents/sdk/default/openharmony/native/llvm' [-Wunused-command-line-argument][33m[39m
[32m[384/576] Building CXX object maplibre/CMakeFiles/mbgl-core.dir/platform/harmony/src/bitmap_factory.cpp.o[32m[39m
[33mclang++: warning: argument unused during compilation: '--gcc-toolchain=/Applications/DevEco-Studio.app/Contents/sdk/default/openharmony/native/llvm' [-Wunused-command-line-argument][33m[39m
[32m[385/576] Building CXX object maplibre/CMakeFiles/mbgl-core.dir/src/mbgl/text/freetype.cpp.o[32m[39m
[33mclang++: warning: argument unused during compilation: '--gcc-toolchain=/Applications/DevEco-Studio.app/Contents/sdk/default/openharmony/native/llvm' [-Wunused-command-line-argument][33m[39m
[32m[386/576] Building CXX object maplibre/CMakeFiles/mbgl-core.dir/src/mbgl/renderer/layers/render_custom_drawable_layer.cpp.o[32m[39m
[33mclang++: warning: argument unused during compilation: '--gcc-toolchain=/Applications/DevEco-Studio.app/Contents/sdk/default/openharmony/native/llvm' [-Wunused-command-line-argument][33m[39m
[32m[387/576] Building CXX object maplibre/CMakeFiles/mbgl-core.dir/platform/harmony/src/gl_functions.cpp.o[32m[39m
[33mclang++: warning: argument unused during compilation: '--gcc-toolchain=/Applications/DevEco-Studio.app/Contents/sdk/default/openharmony/native/llvm' [-Wunused-command-line-argument][33m[39m
[32m[388/576] Building CXX object maplibre/CMakeFiles/mbgl-core.dir/src/mbgl/shaders/vulkan/hillshade_prepare.cpp.o[32m[39m
[33mclang++: warning: argument unused during compilation: '--gcc-toolchain=/Applications/DevEco-Studio.app/Contents/sdk/default/openharmony/native/llvm' [-Wunused-command-line-argument][33m[39m
[32m[389/576] Building CXX object maplibre/CMakeFiles/mbgl-core.dir/platform/harmony/src/image.cpp.o[32m[39m
[33mclang++: warning: argument unused during compilation: '--gcc-toolchain=/Applications/DevEco-Studio.app/Contents/sdk/default/openharmony/native/llvm' [-Wunused-command-line-argument][33m[39m
[32m[390/576] Building CXX object maplibre/CMakeFiles/mbgl-core.dir/platform/harmony/src/logging_harmony.cpp.o[32m[39m
[33mclang++: warning: argument unused during compilation: '--gcc-toolchain=/Applications/DevEco-Studio.app/Contents/sdk/default/openharmony/native/llvm' [-Wunused-command-line-argument][33m[39m
[32m[391/576] Building CXX object maplibre/CMakeFiles/mbgl-core.dir/platform/harmony/src/string_util.cpp.o[32m[39m
[33mclang++: warning: argument unused during compilation: '--gcc-toolchain=/Applications/DevEco-Studio.app/Contents/sdk/default/openharmony/native/llvm' [-Wunused-command-line-argument][33m[39m
[32m[392/576] Building CXX object maplibre/CMakeFiles/mbgl-core.dir/src/mbgl/shaders/vulkan/raster.cpp.o[32m[39m
[33mclang++: warning: argument unused during compilation: '--gcc-toolchain=/Applications/DevEco-Studio.app/Contents/sdk/default/openharmony/native/llvm' [-Wunused-command-line-argument][33m[39m
[32m[393/576] Building CXX object maplibre/CMakeFiles/mbgl-core.dir/src/mbgl/shaders/vulkan/line.cpp.o[32m[39m
[33mclang++: warning: argument unused during compilation: '--gcc-toolchain=/Applications/DevEco-Studio.app/Contents/sdk/default/openharmony/native/llvm' [-Wunused-command-line-argument][33m[39m
[32m[394/576] Building CXX object maplibre/CMakeFiles/mbgl-core.dir/src/mbgl/shaders/vulkan/location_indicator.cpp.o[32m[39m
[33mclang++: warning: argument unused during compilation: '--gcc-toolchain=/Applications/DevEco-Studio.app/Contents/sdk/default/openharmony/native/llvm' [-Wunused-command-line-argument][33m[39m
[32m[395/576] Building CXX object maplibre/CMakeFiles/mbgl-core.dir/platform/harmony/src/timer/timer_original.cpp.o[32m[39m
[33mclang++: warning: argument unused during compilation: '--gcc-toolchain=/Applications/DevEco-Studio.app/Contents/sdk/default/openharmony/native/llvm' [-Wunused-command-line-argument][33m[39m
[32m[396/576] Building CXX object maplibre/CMakeFiles/mbgl-core.dir/platform/default/src/mbgl/platform/time.cpp.o[32m[39m
[33mclang++: warning: argument unused during compilation: '--gcc-toolchain=/Applications/DevEco-Studio.app/Contents/sdk/default/openharmony/native/llvm' [-Wunused-command-line-argument][33m[39m
[32m[397/576] Building CXX object maplibre/CMakeFiles/mbgl-core.dir/platform/harmony/src/i18n/number_format.cpp.o[32m[39m
[33mclang++: warning: argument unused during compilation: '--gcc-toolchain=/Applications/DevEco-Studio.app/Contents/sdk/default/openharmony/native/llvm' [-Wunused-command-line-argument][33m[39m
[32m[398/576] Building CXX object maplibre/CMakeFiles/mbgl-core.dir/src/mbgl/shaders/vulkan/symbol.cpp.o[32m[39m
[33mclang++: warning: argument unused during compilation: '--gcc-toolchain=/Applications/DevEco-Studio.app/Contents/sdk/default/openharmony/native/llvm' [-Wunused-command-line-argument][33m[39m
[32m[399/576] Building CXX object maplibre/CMakeFiles/mbgl-core.dir/platform/harmony/src/i18n/collator.cpp.o[32m[39m
[33mclang++: warning: argument unused during compilation: '--gcc-toolchain=/Applications/DevEco-Studio.app/Contents/sdk/default/openharmony/native/llvm' [-Wunused-command-line-argument][33m[39m
[32m[400/576] Building CXX object maplibre/CMakeFiles/mbgl-core.dir/platform/harmony/src/run_loop.cpp.o[32m[39m
[33mclang++: warning: argument unused during compilation: '--gcc-toolchain=/Applications/DevEco-Studio.app/Contents/sdk/default/openharmony/native/llvm' [-Wunused-command-line-argument][33m[39m
[32m[401/576] Building CXX object maplibre/CMakeFiles/mbgl-core.dir/platform/default/src/mbgl/gfx/headless_backend.cpp.o[32m[39m
[33mclang++: warning: argument unused during compilation: '--gcc-toolchain=/Applications/DevEco-Studio.app/Contents/sdk/default/openharmony/native/llvm' [-Wunused-command-line-argument][33m[39m
[32m[402/576] Building CXX object maplibre/CMakeFiles/mbgl-core.dir/src/mbgl/shaders/vulkan/widevector.cpp.o[32m[39m
[33mclang++: warning: argument unused during compilation: '--gcc-toolchain=/Applications/DevEco-Studio.app/Contents/sdk/default/openharmony/native/llvm' [-Wunused-command-line-argument][33m[39m
[32m[403/576] Building CXX object maplibre/CMakeFiles/mbgl-core.dir/platform/default/src/mbgl/text/local_glyph_rasterizer.cpp.o[32m[39m
[33mclang++: warning: argument unused during compilation: '--gcc-toolchain=/Applications/DevEco-Studio.app/Contents/sdk/default/openharmony/native/llvm' [-Wunused-command-line-argument][33m[39m
[32m[404/576] Building CXX object maplibre/CMakeFiles/mbgl-core.dir/platform/default/src/mbgl/storage/file_source_request.cpp.o[32m[39m
[33mclang++: warning: argument unused during compilation: '--gcc-toolchain=/Applications/DevEco-Studio.app/Contents/sdk/default/openharmony/native/llvm' [-Wunused-command-line-argument][33m[39m
[32m[405/576] Building CXX object maplibre/CMakeFiles/mbgl-core.dir/src/mbgl/style/layers/custom_drawable_layer.cpp.o[32m[39m
[33mclang++: warning: argument unused during compilation: '--gcc-toolchain=/Applications/DevEco-Studio.app/Contents/sdk/default/openharmony/native/llvm' [-Wunused-command-line-argument][33m[39m
[32m[406/576] Building CXX object maplibre/CMakeFiles/mbgl-core.dir/platform/default/src/mbgl/storage/local_file_request.cpp.o[32m[39m
[33mclang++: warning: argument unused during compilation: '--gcc-toolchain=/Applications/DevEco-Studio.app/Contents/sdk/default/openharmony/native/llvm' [-Wunused-command-line-argument][33m[39m
[32m[407/576] Building CXX object maplibre/CMakeFiles/mbgl-core.dir/platform/default/src/mbgl/storage/asset_file_source.cpp.o[32m[39m
[33mclang++: warning: argument unused during compilation: '--gcc-toolchain=/Applications/DevEco-Studio.app/Contents/sdk/default/openharmony/native/llvm' [-Wunused-command-line-argument][33m[39m
[32m[408/576] Building CXX object maplibre/CMakeFiles/mbgl-core.dir/platform/default/src/mbgl/storage/offline.cpp.o[32m[39m
[33mclang++: warning: argument unused during compilation: '--gcc-toolchain=/Applications/DevEco-Studio.app/Contents/sdk/default/openharmony/native/llvm' [-Wunused-command-line-argument][33m[39m
[32m[409/576] Building CXX object maplibre/CMakeFiles/mbgl-core.dir/platform/default/src/mbgl/storage/file_source_manager.cpp.o[32m[39m
[33mclang++: warning: argument unused during compilation: '--gcc-toolchain=/Applications/DevEco-Studio.app/Contents/sdk/default/openharmony/native/llvm' [-Wunused-command-line-argument][33m[39m
[32m[410/576] Building CXX object maplibre/CMakeFiles/mbgl-core.dir/platform/default/src/mbgl/storage/local_file_source.cpp.o[32m[39m
[33mclang++: warning: argument unused during compilation: '--gcc-toolchain=/Applications/DevEco-Studio.app/Contents/sdk/default/openharmony/native/llvm' [-Wunused-command-line-argument][33m[39m
[32m[411/576] Building CXX object maplibre/CMakeFiles/mbgl-core.dir/platform/default/src/mbgl/storage/sqlite3.cpp.o[32m[39m
[33mclang++: warning: argument unused during compilation: '--gcc-toolchain=/Applications/DevEco-Studio.app/Contents/sdk/default/openharmony/native/llvm' [-Wunused-command-line-argument][33m[39m
[32m[412/576] Building CXX object maplibre/CMakeFiles/mbgl-core.dir/platform/default/src/mbgl/util/compression.cpp.o[32m[39m
[33mclang++: warning: argument unused during compilation: '--gcc-toolchain=/Applications/DevEco-Studio.app/Contents/sdk/default/openharmony/native/llvm' [-Wunused-command-line-argument][33m[39m
[32m[413/576] Building CXX object maplibre/CMakeFiles/mbgl-core.dir/platform/default/src/mbgl/util/monotonic_timer.cpp.o[32m[39m
[33mclang++: warning: argument unused during compilation: '--gcc-toolchain=/Applications/DevEco-Studio.app/Contents/sdk/default/openharmony/native/llvm' [-Wunused-command-line-argument][33m[39m
[32m[414/576] Building CXX object maplibre/CMakeFiles/mbgl-core.dir/platform/default/src/mbgl/gfx/headless_frontend.cpp.o[32m[39m
[33mclang++: warning: argument unused during compilation: '--gcc-toolchain=/Applications/DevEco-Studio.app/Contents/sdk/default/openharmony/native/llvm' [-Wunused-command-line-argument][33m[39m
[32m[415/576] Building CXX object maplibre/CMakeFiles/mbgl-core.dir/platform/default/src/mbgl/storage/offline_database.cpp.o[32m[39m
[33mclang++: warning: argument unused during compilation: '--gcc-toolchain=/Applications/DevEco-Studio.app/Contents/sdk/default/openharmony/native/llvm' [-Wunused-command-line-argument][33m[39m
[32m[416/576] Building CXX object maplibre/CMakeFiles/mbgl-core.dir/platform/default/src/mbgl/util/filesystem.cpp.o[32m[39m
[33mclang++: warning: argument unused during compilation: '--gcc-toolchain=/Applications/DevEco-Studio.app/Contents/sdk/default/openharmony/native/llvm' [-Wunused-command-line-argument][33m[39m
[32m[417/576] Building CXX object maplibre/CMakeFiles/mbgl-core.dir/platform/default/src/mbgl/storage/main_resource_loader.cpp.o[32m[39m
[33mclang++: warning: argument unused during compilation: '--gcc-toolchain=/Applications/DevEco-Studio.app/Contents/sdk/default/openharmony/native/llvm' [-Wunused-command-line-argument][33m[39m
[32m[418/576] Building CXX object maplibre/CMakeFiles/mbgl-core.dir/platform/default/src/mbgl/text/bidi.cpp.o[32m[39m
[33mclang++: warning: argument unused during compilation: '--gcc-toolchain=/Applications/DevEco-Studio.app/Contents/sdk/default/openharmony/native/llvm' [-Wunused-command-line-argument][33m[39m
[32m[419/576] Building CXX object maplibre/CMakeFiles/mbgl-vendor-parsedate.dir/vendor/parsedate/parsedate.cpp.o[32m[39m
[33mclang++: warning: argument unused during compilation: '--gcc-toolchain=/Applications/DevEco-Studio.app/Contents/sdk/default/openharmony/native/llvm' [-Wunused-command-line-argument][33m[39m
[32m[420/576] Building CXX object maplibre/CMakeFiles/mbgl-core.dir/platform/default/src/mbgl/storage/mbtiles_file_source.cpp.o[32m[39m
[33mclang++: warning: argument unused during compilation: '--gcc-toolchain=/Applications/DevEco-Studio.app/Contents/sdk/default/openharmony/native/llvm' [-Wunused-command-line-argument][33m[39m
[32m[421/576] Building CXX object maplibre/CMakeFiles/mbgl-vendor-icu.dir/vendor/icu/src/cmemory.cpp.o[32m[39m
[33mclang++: warning: argument unused during compilation: '--gcc-toolchain=/Applications/DevEco-Studio.app/Contents/sdk/default/openharmony/native/llvm' [-Wunused-command-line-argument][33m[39m
[32m[422/576] Building CXX object maplibre/CMakeFiles/mbgl-vendor-icu.dir/vendor/icu/src/cstring.cpp.o[32m[39m
[33mclang++: warning: argument unused during compilation: '--gcc-toolchain=/Applications/DevEco-Studio.app/Contents/sdk/default/openharmony/native/llvm' [-Wunused-command-line-argument][33m[39m
[32m[423/576] Linking CXX static library maplibre/libmbgl-vendor-parsedate.a[32m[39m
[32m[424/576] Building CXX object maplibre/CMakeFiles/mbgl-vendor-icu.dir/vendor/icu/src/ubidi.cpp.o[32m[39m
[33mclang++: warning: argument unused during compilation: '--gcc-toolchain=/Applications/DevEco-Studio.app/Contents/sdk/default/openharmony/native/llvm' [-Wunused-command-line-argument][33m[39m
[32m[425/576] Building CXX object maplibre/CMakeFiles/mbgl-vendor-icu.dir/vendor/icu/src/ubidiln.cpp.o[32m[39m
[33mclang++: warning: argument unused during compilation: '--gcc-toolchain=/Applications/DevEco-Studio.app/Contents/sdk/default/openharmony/native/llvm' [-Wunused-command-line-argument][33m[39m
[32m[426/576] Building CXX object maplibre/CMakeFiles/mbgl-core.dir/platform/default/src/mbgl/storage/database_file_source.cpp.o[32m[39m
[33mclang++: warning: argument unused during compilation: '--gcc-toolchain=/Applications/DevEco-Studio.app/Contents/sdk/default/openharmony/native/llvm' [-Wunused-command-line-argument][33m[39m
[32m[427/576] Building CXX object maplibre/CMakeFiles/mbgl-vendor-icu.dir/vendor/icu/src/ubidiwrt.cpp.o[32m[39m
[33mclang++: warning: argument unused during compilation: '--gcc-toolchain=/Applications/DevEco-Studio.app/Contents/sdk/default/openharmony/native/llvm' [-Wunused-command-line-argument][33m[39m
[32m[428/576] Building CXX object maplibre/CMakeFiles/mbgl-vendor-icu.dir/vendor/icu/src/ubidi_props.cpp.o[32m[39m
[33mclang++: warning: argument unused during compilation: '--gcc-toolchain=/Applications/DevEco-Studio.app/Contents/sdk/default/openharmony/native/llvm' [-Wunused-command-line-argument][33m[39m
[32m[429/576] Building CXX object maplibre/CMakeFiles/mbgl-vendor-icu.dir/vendor/icu/src/udataswp.cpp.o[32m[39m
[33mclang++: warning: argument unused during compilation: '--gcc-toolchain=/Applications/DevEco-Studio.app/Contents/sdk/default/openharmony/native/llvm' [-Wunused-command-line-argument][33m[39m
[32m[430/576] Building CXX object maplibre/CMakeFiles/mbgl-core.dir/platform/default/src/mbgl/util/png_writer.cpp.o[32m[39m
[33mclang++: warning: argument unused during compilation: '--gcc-toolchain=/Applications/DevEco-Studio.app/Contents/sdk/default/openharmony/native/llvm' [-Wunused-command-line-argument][33m[39m
[32m[431/576] Building CXX object maplibre/CMakeFiles/mbgl-vendor-icu.dir/vendor/icu/src/umath.cpp.o[32m[39m
[33mclang++: warning: argument unused during compilation: '--gcc-toolchain=/Applications/DevEco-Studio.app/Contents/sdk/default/openharmony/native/llvm' [-Wunused-command-line-argument][33m[39m
[32m[432/576] Building CXX object maplibre/CMakeFiles/mbgl-core.dir/platform/default/src/mbgl/util/thread_local.cpp.o[32m[39m
[33mclang++: warning: argument unused during compilation: '--gcc-toolchain=/Applications/DevEco-Studio.app/Contents/sdk/default/openharmony/native/llvm' [-Wunused-command-line-argument][33m[39m
[32m[433/576] Building CXX object maplibre/CMakeFiles/mbgl-vendor-icu.dir/vendor/icu/src/utf_impl.cpp.o[32m[39m
[33mclang++: warning: argument unused during compilation: '--gcc-toolchain=/Applications/DevEco-Studio.app/Contents/sdk/default/openharmony/native/llvm' [-Wunused-command-line-argument][33m[39m
[32m[434/576] Building CXX object maplibre/CMakeFiles/mbgl-vendor-icu.dir/vendor/icu/src/ushape.cpp.o[32m[39m
[33mclang++: warning: argument unused during compilation: '--gcc-toolchain=/Applications/DevEco-Studio.app/Contents/sdk/default/openharmony/native/llvm' [-Wunused-command-line-argument][33m[39m
[32m[435/576] Building CXX object maplibre/CMakeFiles/mbgl-vendor-icu.dir/vendor/icu/src/ustring.cpp.o[32m[39m
[33mclang++: warning: argument unused during compilation: '--gcc-toolchain=/Applications/DevEco-Studio.app/Contents/sdk/default/openharmony/native/llvm' [-Wunused-command-line-argument][33m[39m
[32m[436/576] Building CXX object maplibre/CMakeFiles/mbgl-vendor-icu.dir/vendor/icu/src/utypes.cpp.o[32m[39m
[33mclang++: warning: argument unused during compilation: '--gcc-toolchain=/Applications/DevEco-Studio.app/Contents/sdk/default/openharmony/native/llvm' [-Wunused-command-line-argument][33m[39m
[32m[437/576] Building C object maplibre/CMakeFiles/mbgl-vendor-nunicode.dir/vendor/nunicode/src/libnu/strcoll.c.o[32m[39m
[33mclang: warning: argument unused during compilation: '--gcc-toolchain=/Applications/DevEco-Studio.app/Contents/sdk/default/openharmony/native/llvm' [-Wunused-command-line-argument][33m[39m
[32m[438/576] Building C object maplibre/CMakeFiles/mbgl-vendor-nunicode.dir/vendor/nunicode/src/libnu/strings.c.o[32m[39m
[33mclang: warning: argument unused during compilation: '--gcc-toolchain=/Applications/DevEco-Studio.app/Contents/sdk/default/openharmony/native/llvm' [-Wunused-command-line-argument][33m[39m
[32m[439/576] Building CXX object maplibre/CMakeFiles/mbgl-vendor-icu.dir/vendor/icu/src/utrie2.cpp.o[32m[39m
[33mclang++: warning: argument unused during compilation: '--gcc-toolchain=/Applications/DevEco-Studio.app/Contents/sdk/default/openharmony/native/llvm' [-Wunused-command-line-argument][33m[39m
[32m[440/576] Building C object maplibre/CMakeFiles/mbgl-vendor-nunicode.dir/vendor/nunicode/src/libnu/ducet.c.o[32m[39m
[33mclang: warning: argument unused during compilation: '--gcc-toolchain=/Applications/DevEco-Studio.app/Contents/sdk/default/openharmony/native/llvm' [-Wunused-command-line-argument][33m[39m
[32m[441/576] Building CXX object maplibre/CMakeFiles/mbgl-core.dir/platform/default/src/mbgl/util/utf.cpp.o[32m[39m
[33mclang++: warning: argument unused during compilation: '--gcc-toolchain=/Applications/DevEco-Studio.app/Contents/sdk/default/openharmony/native/llvm' [-Wunused-command-line-argument][33m[39m
[32m[442/576] Building C object maplibre/CMakeFiles/mbgl-vendor-nunicode.dir/vendor/nunicode/src/libnu/tolower.c.o[32m[39m
[33mclang: warning: argument unused during compilation: '--gcc-toolchain=/Applications/DevEco-Studio.app/Contents/sdk/default/openharmony/native/llvm' [-Wunused-command-line-argument][33m[39m
[32m[443/576] Building C object maplibre/CMakeFiles/mbgl-vendor-nunicode.dir/vendor/nunicode/src/libnu/tounaccent.c.o[32m[39m
[33mclang: warning: argument unused during compilation: '--gcc-toolchain=/Applications/DevEco-Studio.app/Contents/sdk/default/openharmony/native/llvm' [-Wunused-command-line-argument][33m[39m
[32m[444/576] Building CXX object maplibre/CMakeFiles/mbgl-vendor-icu.dir/vendor/icu/src/uchar.cpp.o[32m[39m
[33mclang++: warning: argument unused during compilation: '--gcc-toolchain=/Applications/DevEco-Studio.app/Contents/sdk/default/openharmony/native/llvm' [-Wunused-command-line-argument][33m[39m
[32m[445/576] Building C object maplibre/CMakeFiles/mbgl-vendor-nunicode.dir/vendor/nunicode/src/libnu/utf8.c.o[32m[39m
[33mclang: warning: argument unused during compilation: '--gcc-toolchain=/Applications/DevEco-Studio.app/Contents/sdk/default/openharmony/native/llvm' [-Wunused-command-line-argument][33m[39m
[32m[446/576] Building C object maplibre/CMakeFiles/mbgl-vendor-nunicode.dir/vendor/nunicode/src/libnu/toupper.c.o[32m[39m
[33mclang: warning: argument unused during compilation: '--gcc-toolchain=/Applications/DevEco-Studio.app/Contents/sdk/default/openharmony/native/llvm' [-Wunused-command-line-argument][33m[39m
[32m[447/576] Building C object maplibre/vendor/freetype/CMakeFiles/freetype.dir/src/base/ftbbox.c.o[32m[39m
[33mclang: warning: argument unused during compilation: '--gcc-toolchain=/Applications/DevEco-Studio.app/Contents/sdk/default/openharmony/native/llvm' [-Wunused-command-line-argument][33m[39m
[32m[448/576] Building C object maplibre/vendor/freetype/CMakeFiles/freetype.dir/src/base/ftbdf.c.o[32m[39m
[33mclang: warning: argument unused during compilation: '--gcc-toolchain=/Applications/DevEco-Studio.app/Contents/sdk/default/openharmony/native/llvm' [-Wunused-command-line-argument][33m[39m
[32m[449/576] Linking C static library maplibre/libmbgl-vendor-nunicode.a[32m[39m
[32m[450/576] Building C object maplibre/vendor/freetype/CMakeFiles/freetype.dir/src/base/ftbitmap.c.o[32m[39m
[33mclang: warning: argument unused during compilation: '--gcc-toolchain=/Applications/DevEco-Studio.app/Contents/sdk/default/openharmony/native/llvm' [-Wunused-command-line-argument][33m[39m
[32m[451/576] Building C object maplibre/vendor/freetype/CMakeFiles/freetype.dir/src/base/ftcid.c.o[32m[39m
[33mclang: warning: argument unused during compilation: '--gcc-toolchain=/Applications/DevEco-Studio.app/Contents/sdk/default/openharmony/native/llvm' [-Wunused-command-line-argument][33m[39m
[32m[452/576] Building C object maplibre/vendor/freetype/CMakeFiles/freetype.dir/src/base/ftfstype.c.o[32m[39m
[33mclang: warning: argument unused during compilation: '--gcc-toolchain=/Applications/DevEco-Studio.app/Contents/sdk/default/openharmony/native/llvm' [-Wunused-command-line-argument][33m[39m
[32m[453/576] Building C object maplibre/vendor/freetype/CMakeFiles/freetype.dir/src/base/ftgasp.c.o[32m[39m
[33mclang: warning: argument unused during compilation: '--gcc-toolchain=/Applications/DevEco-Studio.app/Contents/sdk/default/openharmony/native/llvm' [-Wunused-command-line-argument][33m[39m
[32m[454/576] Building C object maplibre/vendor/freetype/CMakeFiles/freetype.dir/src/autofit/autofit.c.o[32m[39m
[33mclang: warning: argument unused during compilation: '--gcc-toolchain=/Applications/DevEco-Studio.app/Contents/sdk/default/openharmony/native/llvm' [-Wunused-command-line-argument][33m[39m
[32m[455/576] Building C object maplibre/vendor/freetype/CMakeFiles/freetype.dir/src/base/ftglyph.c.o[32m[39m
[33mclang: warning: argument unused during compilation: '--gcc-toolchain=/Applications/DevEco-Studio.app/Contents/sdk/default/openharmony/native/llvm' [-Wunused-command-line-argument][33m[39m
[32m[456/576] Building C object maplibre/vendor/freetype/CMakeFiles/freetype.dir/src/base/ftgxval.c.o[32m[39m
[33mclang: warning: argument unused during compilation: '--gcc-toolchain=/Applications/DevEco-Studio.app/Contents/sdk/default/openharmony/native/llvm' [-Wunused-command-line-argument][33m[39m
[32m[457/576] Building C object maplibre/vendor/freetype/CMakeFiles/freetype.dir/src/base/ftinit.c.o[32m[39m
[33mclang: warning: argument unused during compilation: '--gcc-toolchain=/Applications/DevEco-Studio.app/Contents/sdk/default/openharmony/native/llvm' [-Wunused-command-line-argument][33m[39m
[32m[458/576] Building C object maplibre/vendor/freetype/CMakeFiles/freetype.dir/src/base/ftbase.c.o[32m[39m
[33mclang: warning: argument unused during compilation: '--gcc-toolchain=/Applications/DevEco-Studio.app/Contents/sdk/default/openharmony/native/llvm' [-Wunused-command-line-argument][33m[39m
[32m[459/576] Building C object maplibre/vendor/freetype/CMakeFiles/freetype.dir/src/base/ftotval.c.o[32m[39m
[33mclang: warning: argument unused during compilation: '--gcc-toolchain=/Applications/DevEco-Studio.app/Contents/sdk/default/openharmony/native/llvm' [-Wunused-command-line-argument][33m[39m
[32m[460/576] Building C object maplibre/vendor/freetype/CMakeFiles/freetype.dir/src/base/ftpatent.c.o[32m[39m
[33mclang: warning: argument unused during compilation: '--gcc-toolchain=/Applications/DevEco-Studio.app/Contents/sdk/default/openharmony/native/llvm' [-Wunused-command-line-argument][33m[39m
[32m[461/576] Building C object maplibre/vendor/freetype/CMakeFiles/freetype.dir/src/base/ftmm.c.o[32m[39m
[33mclang: warning: argument unused during compilation: '--gcc-toolchain=/Applications/DevEco-Studio.app/Contents/sdk/default/openharmony/native/llvm' [-Wunused-command-line-argument][33m[39m
[32m[462/576] Building C object maplibre/vendor/freetype/CMakeFiles/freetype.dir/src/base/ftpfr.c.o[32m[39m
[33mclang: warning: argument unused during compilation: '--gcc-toolchain=/Applications/DevEco-Studio.app/Contents/sdk/default/openharmony/native/llvm' [-Wunused-command-line-argument][33m[39m
[32m[463/576] Building C object maplibre/vendor/freetype/CMakeFiles/freetype.dir/src/base/ftsynth.c.o[32m[39m
[33mclang: warning: argument unused during compilation: '--gcc-toolchain=/Applications/DevEco-Studio.app/Contents/sdk/default/openharmony/native/llvm' [-Wunused-command-line-argument][33m[39m
[32m[464/576] Building C object maplibre/vendor/freetype/CMakeFiles/freetype.dir/src/base/fttype1.c.o[32m[39m
[33mclang: warning: argument unused during compilation: '--gcc-toolchain=/Applications/DevEco-Studio.app/Contents/sdk/default/openharmony/native/llvm' [-Wunused-command-line-argument][33m[39m
[32m[465/576] Building C object maplibre/vendor/freetype/CMakeFiles/freetype.dir/src/base/ftwinfnt.c.o[32m[39m
[33mclang: warning: argument unused during compilation: '--gcc-toolchain=/Applications/DevEco-Studio.app/Contents/sdk/default/openharmony/native/llvm' [-Wunused-command-line-argument][33m[39m
[32m[466/576] Building C object maplibre/vendor/freetype/CMakeFiles/freetype.dir/src/base/ftstroke.c.o[32m[39m
[33mclang: warning: argument unused during compilation: '--gcc-toolchain=/Applications/DevEco-Studio.app/Contents/sdk/default/openharmony/native/llvm' [-Wunused-command-line-argument][33m[39m
[32m[467/576] Building C object maplibre/vendor/freetype/CMakeFiles/freetype.dir/src/bzip2/ftbzip2.c.o[32m[39m
[33mclang: warning: argument unused during compilation: '--gcc-toolchain=/Applications/DevEco-Studio.app/Contents/sdk/default/openharmony/native/llvm' [-Wunused-command-line-argument][33m[39m
[32m[468/576] Building C object maplibre/vendor/freetype/CMakeFiles/freetype.dir/src/bdf/bdf.c.o[32m[39m
[33mclang: warning: argument unused during compilation: '--gcc-toolchain=/Applications/DevEco-Studio.app/Contents/sdk/default/openharmony/native/llvm' [-Wunused-command-line-argument][33m[39m
[32m[469/576] Building C object maplibre/vendor/freetype/CMakeFiles/freetype.dir/src/cache/ftcache.c.o[32m[39m
[33mclang: warning: argument unused during compilation: '--gcc-toolchain=/Applications/DevEco-Studio.app/Contents/sdk/default/openharmony/native/llvm' [-Wunused-command-line-argument][33m[39m
[32m[470/576] Building C object maplibre/vendor/freetype/CMakeFiles/freetype.dir/src/cid/type1cid.c.o[32m[39m
[33mclang: warning: argument unused during compilation: '--gcc-toolchain=/Applications/DevEco-Studio.app/Contents/sdk/default/openharmony/native/llvm' [-Wunused-command-line-argument][33m[39m
[32m[471/576] Building CXX object maplibre/CMakeFiles/mbgl-vendor-csscolorparser.dir/vendor/csscolorparser/csscolorparser.cpp.o[32m[39m
[33mclang++: warning: argument unused during compilation: '--gcc-toolchain=/Applications/DevEco-Studio.app/Contents/sdk/default/openharmony/native/llvm' [-Wunused-command-line-argument][33m[39m
[32m[472/576] Building C object maplibre/vendor/freetype/CMakeFiles/freetype.dir/src/gzip/ftgzip.c.o[32m[39m
[33mclang: warning: argument unused during compilation: '--gcc-toolchain=/Applications/DevEco-Studio.app/Contents/sdk/default/openharmony/native/llvm' [-Wunused-command-line-argument][33m[39m
[32m[473/576] Building CXX object maplibre/CMakeFiles/mbgl-vendor-icu.dir/vendor/icu/src/uinvchar.cpp.o[32m[39m
[33mclang++: warning: argument unused during compilation: '--gcc-toolchain=/Applications/DevEco-Studio.app/Contents/sdk/default/openharmony/native/llvm' [-Wunused-command-line-argument][33m[39m
[32m[474/576] Building C object maplibre/vendor/freetype/CMakeFiles/freetype.dir/src/lzw/ftlzw.c.o[32m[39m
[33mclang: warning: argument unused during compilation: '--gcc-toolchain=/Applications/DevEco-Studio.app/Contents/sdk/default/openharmony/native/llvm' [-Wunused-command-line-argument][33m[39m
[32m[475/576] Building C object maplibre/vendor/freetype/CMakeFiles/freetype.dir/src/cff/cff.c.o[32m[39m
[33mclang: warning: argument unused during compilation: '--gcc-toolchain=/Applications/DevEco-Studio.app/Contents/sdk/default/openharmony/native/llvm' [-Wunused-command-line-argument][33m[39m
[32m[476/576] Building CXX object maplibre/CMakeFiles/mbgl-core.dir/platform/default/src/mbgl/map/map_snapshotter.cpp.o[32m[39m
[33mclang++: warning: argument unused during compilation: '--gcc-toolchain=/Applications/DevEco-Studio.app/Contents/sdk/default/openharmony/native/llvm' [-Wunused-command-line-argument][33m[39m
[32m[477/576] Building C object maplibre/vendor/freetype/CMakeFiles/freetype.dir/src/pcf/pcf.c.o[32m[39m
[33mclang: warning: argument unused during compilation: '--gcc-toolchain=/Applications/DevEco-Studio.app/Contents/sdk/default/openharmony/native/llvm' [-Wunused-command-line-argument][33m[39m
[32m[478/576] Linking CXX static library maplibre/libmbgl-vendor-csscolorparser.a[32m[39m
[32m[479/576] Building C object maplibre/vendor/freetype/CMakeFiles/freetype.dir/src/pfr/pfr.c.o[32m[39m
[33mclang: warning: argument unused during compilation: '--gcc-toolchain=/Applications/DevEco-Studio.app/Contents/sdk/default/openharmony/native/llvm' [-Wunused-command-line-argument][33m[39m
[32m[480/576] Linking CXX static library maplibre/libmbgl-vendor-icu.a[32m[39m
[32m[481/576] Building C object maplibre/vendor/freetype/CMakeFiles/freetype.dir/src/pshinter/pshinter.c.o[32m[39m
[33mclang: warning: argument unused during compilation: '--gcc-toolchain=/Applications/DevEco-Studio.app/Contents/sdk/default/openharmony/native/llvm' [-Wunused-command-line-argument][33m[39m
[32m[482/576] Building C object maplibre/vendor/freetype/CMakeFiles/freetype.dir/src/psnames/psnames.c.o[32m[39m
[33mclang: warning: argument unused during compilation: '--gcc-toolchain=/Applications/DevEco-Studio.app/Contents/sdk/default/openharmony/native/llvm' [-Wunused-command-line-argument][33m[39m
[32m[483/576] Building C object maplibre/vendor/freetype/CMakeFiles/freetype.dir/src/raster/raster.c.o[32m[39m
[33mclang: warning: argument unused during compilation: '--gcc-toolchain=/Applications/DevEco-Studio.app/Contents/sdk/default/openharmony/native/llvm' [-Wunused-command-line-argument][33m[39m
[32m[484/576] Building C object maplibre/vendor/freetype/CMakeFiles/freetype.dir/src/svg/svg.c.o[32m[39m
[33mclang: warning: argument unused during compilation: '--gcc-toolchain=/Applications/DevEco-Studio.app/Contents/sdk/default/openharmony/native/llvm' [-Wunused-command-line-argument][33m[39m
[32m[485/576] Building C object maplibre/vendor/freetype/CMakeFiles/freetype.dir/src/smooth/smooth.c.o[32m[39m
[33mclang: warning: argument unused during compilation: '--gcc-toolchain=/Applications/DevEco-Studio.app/Contents/sdk/default/openharmony/native/llvm' [-Wunused-command-line-argument][33m[39m
[32m[486/576] Building C object maplibre/vendor/freetype/CMakeFiles/freetype.dir/src/sdf/sdf.c.o[32m[39m
[33mclang: warning: argument unused during compilation: '--gcc-toolchain=/Applications/DevEco-Studio.app/Contents/sdk/default/openharmony/native/llvm' [-Wunused-command-line-argument][33m[39m
[32m[487/576] Building C object maplibre/vendor/freetype/CMakeFiles/freetype.dir/src/winfonts/winfnt.c.o[32m[39m
[33mclang: warning: argument unused during compilation: '--gcc-toolchain=/Applications/DevEco-Studio.app/Contents/sdk/default/openharmony/native/llvm' [-Wunused-command-line-argument][33m[39m
[32m[488/576] Building C object maplibre/vendor/freetype/CMakeFiles/freetype.dir/builds/unix/ftsystem.c.o[32m[39m
[33mclang: warning: argument unused during compilation: '--gcc-toolchain=/Applications/DevEco-Studio.app/Contents/sdk/default/openharmony/native/llvm' [-Wunused-command-line-argument][33m[39m
[32m[489/576] Building C object maplibre/vendor/freetype/CMakeFiles/freetype.dir/src/type42/type42.c.o[32m[39m
[33mclang: warning: argument unused during compilation: '--gcc-toolchain=/Applications/DevEco-Studio.app/Contents/sdk/default/openharmony/native/llvm' [-Wunused-command-line-argument][33m[39m
[32m[490/576] Building C object maplibre/vendor/freetype/CMakeFiles/freetype.dir/src/base/ftdebug.c.o[32m[39m
[33mclang: warning: argument unused during compilation: '--gcc-toolchain=/Applications/DevEco-Studio.app/Contents/sdk/default/openharmony/native/llvm' [-Wunused-command-line-argument][33m[39m
[32m[491/576] Building C object maplibre/vendor/freetype/CMakeFiles/freetype.dir/src/type1/type1.c.o[32m[39m
[33mclang: warning: argument unused during compilation: '--gcc-toolchain=/Applications/DevEco-Studio.app/Contents/sdk/default/openharmony/native/llvm' [-Wunused-command-line-argument][33m[39m
[32m[492/576] Building C object maplibre/vendor/freetype/CMakeFiles/freetype.dir/src/psaux/psaux.c.o[32m[39m
[33mclang: warning: argument unused during compilation: '--gcc-toolchain=/Applications/DevEco-Studio.app/Contents/sdk/default/openharmony/native/llvm' [-Wunused-command-line-argument][33m[39m
[32m[493/576] Building C object maplibre/vendor/freetype/CMakeFiles/freetype.dir/src/truetype/truetype.c.o[32m[39m
[33mclang: warning: argument unused during compilation: '--gcc-toolchain=/Applications/DevEco-Studio.app/Contents/sdk/default/openharmony/native/llvm' [-Wunused-command-line-argument][33m[39m
[32m[494/576] Building C object maplibre/vendor/freetype/CMakeFiles/freetype.dir/src/sfnt/sfnt.c.o[32m[39m
[33mclang: warning: argument unused during compilation: '--gcc-toolchain=/Applications/DevEco-Studio.app/Contents/sdk/default/openharmony/native/llvm' [-Wunused-command-line-argument][33m[39m
[32m[495/576] Linking C static library maplibre/vendor/freetype/libfreetyped.a[32m[39m
[32m[496/576] Building CXX object maplibre/vendor/harfbuzz/CMakeFiles/harfbuzz-subset.dir/src/hb-number.cc.o[32m[39m
[33mclang++: warning: argument unused during compilation: '--gcc-toolchain=/Applications/DevEco-Studio.app/Contents/sdk/default/openharmony/native/llvm' [-Wunused-command-line-argument][33m[39m
[32m[497/576] Building CXX object maplibre/CMakeFiles/mbgl-core.dir/platform/default/src/mbgl/layermanager/layer_manager.cpp.o[32m[39m
[33mclang++: warning: argument unused during compilation: '--gcc-toolchain=/Applications/DevEco-Studio.app/Contents/sdk/default/openharmony/native/llvm' [-Wunused-command-line-argument][33m[39m
[32m[498/576] Building CXX object maplibre/CMakeFiles/mbgl-core.dir/platform/default/src/mbgl/storage/online_file_source.cpp.o[32m[39m
[33mclang++: warning: argument unused during compilation: '--gcc-toolchain=/Applications/DevEco-Studio.app/Contents/sdk/default/openharmony/native/llvm' [-Wunused-command-line-argument][33m[39m
[32m[499/576] Building CXX object maplibre/vendor/harfbuzz/CMakeFiles/harfbuzz-subset.dir/src/hb-subset-instancer-solver.cc.o[32m[39m
[33mclang++: warning: argument unused during compilation: '--gcc-toolchain=/Applications/DevEco-Studio.app/Contents/sdk/default/openharmony/native/llvm' [-Wunused-command-line-argument][33m[39m
[32m[500/576] Building CXX object maplibre/CMakeFiles/mbgl-core.dir/platform/default/src/mbgl/storage/offline_download.cpp.o[32m[39m
[33mclang++: warning: argument unused during compilation: '--gcc-toolchain=/Applications/DevEco-Studio.app/Contents/sdk/default/openharmony/native/llvm' [-Wunused-command-line-argument][33m[39m
[32m[501/576] Building CXX object maplibre/vendor/harfbuzz/CMakeFiles/harfbuzz-subset.dir/src/hb-subset-input.cc.o[32m[39m
[33mclang++: warning: argument unused during compilation: '--gcc-toolchain=/Applications/DevEco-Studio.app/Contents/sdk/default/openharmony/native/llvm' [-Wunused-command-line-argument][33m[39m
[32m[502/576] Building CXX object maplibre/vendor/harfbuzz/CMakeFiles/harfbuzz-subset.dir/src/hb-subset-cff-common.cc.o[32m[39m
[33mclang++: warning: argument unused during compilation: '--gcc-toolchain=/Applications/DevEco-Studio.app/Contents/sdk/default/openharmony/native/llvm' [-Wunused-command-line-argument][33m[39m
[32m[503/576] Building CXX object maplibre/vendor/glslang/SPIRV/CMakeFiles/SPIRV.dir/Users/yidafu/github/maplibre-native/vendor/glslang/glslang/stub.cpp.o[32m[39m
[33mclang++: warning: argument unused during compilation: '--gcc-toolchain=/Applications/DevEco-Studio.app/Contents/sdk/default/openharmony/native/llvm' [-Wunused-command-line-argument][33m[39m
[32m[504/576] Linking CXX static library maplibre/vendor/glslang/SPIRV/libSPIRV.a[32m[39m
[32m[505/576] Building CXX object maplibre/vendor/harfbuzz/CMakeFiles/harfbuzz-subset.dir/src/hb-ot-cff1-table.cc.o[32m[39m
[33mclang++: warning: argument unused during compilation: '--gcc-toolchain=/Applications/DevEco-Studio.app/Contents/sdk/default/openharmony/native/llvm' [-Wunused-command-line-argument][33m[39m
[32m[506/576] Building CXX object maplibre/vendor/harfbuzz/CMakeFiles/harfbuzz-subset.dir/src/hb-ot-cff2-table.cc.o[32m[39m
[33mclang++: warning: argument unused during compilation: '--gcc-toolchain=/Applications/DevEco-Studio.app/Contents/sdk/default/openharmony/native/llvm' [-Wunused-command-line-argument][33m[39m
[32m[507/576] Building CXX object maplibre/vendor/glslang/glslang/CMakeFiles/GenericCodeGen.dir/stub.cpp.o[32m[39m
[33mclang++: warning: argument unused during compilation: '--gcc-toolchain=/Applications/DevEco-Studio.app/Contents/sdk/default/openharmony/native/llvm' [-Wunused-command-line-argument][33m[39m
[32m[508/576] Linking CXX static library maplibre/vendor/glslang/glslang/libGenericCodeGen.a[32m[39m
[32m[509/576] Building CXX object maplibre/CMakeFiles/mbgl-core.dir/platform/default/src/mbgl/storage/pmtiles_file_source.cpp.o[32m[39m
[33mclang++: warning: argument unused during compilation: '--gcc-toolchain=/Applications/DevEco-Studio.app/Contents/sdk/default/openharmony/native/llvm' [-Wunused-command-line-argument][33m[39m
[32m[510/576] Building CXX object maplibre/vendor/glslang/glslang/CMakeFiles/MachineIndependent.dir/stub.cpp.o[32m[39m
[33mclang++: warning: argument unused during compilation: '--gcc-toolchain=/Applications/DevEco-Studio.app/Contents/sdk/default/openharmony/native/llvm' [-Wunused-command-line-argument][33m[39m
[32m[511/576] Linking CXX static library maplibre/vendor/glslang/glslang/libMachineIndependent.a[32m[39m
[32m[512/576] Building CXX object maplibre/vendor/harfbuzz/CMakeFiles/harfbuzz-subset.dir/src/hb-subset-cff2.cc.o[32m[39m
[33mclang++: warning: argument unused during compilation: '--gcc-toolchain=/Applications/DevEco-Studio.app/Contents/sdk/default/openharmony/native/llvm' [-Wunused-command-line-argument][33m[39m
[32m[513/576] Building CXX object maplibre/vendor/harfbuzz/CMakeFiles/harfbuzz-subset.dir/src/hb-subset-cff1.cc.o[32m[39m
[33mclang++: warning: argument unused during compilation: '--gcc-toolchain=/Applications/DevEco-Studio.app/Contents/sdk/default/openharmony/native/llvm' [-Wunused-command-line-argument][33m[39m
[32m[514/576] Building CXX object maplibre/vendor/glslang/glslang/CMakeFiles/glslang.dir/OSDependent/Unix/ossource.cpp.o[32m[39m
[33mclang++: warning: argument unused during compilation: '--gcc-toolchain=/Applications/DevEco-Studio.app/Contents/sdk/default/openharmony/native/llvm' [-Wunused-command-line-argument][33m[39m
[32m[515/576] Building CXX object maplibre/CMakeFiles/mbgl-core.dir/platform/default/src/mbgl/vulkan/headless_backend.cpp.o[32m[39m
[33mclang++: warning: argument unused during compilation: '--gcc-toolchain=/Applications/DevEco-Studio.app/Contents/sdk/default/openharmony/native/llvm' [-Wunused-command-line-argument][33m[39m
[32m[516/576] Building CXX object maplibre/vendor/glslang/glslang/CMakeFiles/glslang.dir/GenericCodeGen/CodeGen.cpp.o[32m[39m
[33mclang++: warning: argument unused during compilation: '--gcc-toolchain=/Applications/DevEco-Studio.app/Contents/sdk/default/openharmony/native/llvm' [-Wunused-command-line-argument][33m[39m
[32m[517/576] Building C object maplibre/CMakeFiles/mbgl-vendor-sqlite.dir/vendor/sqlite/src/sqlite3.c.o[32m[39m
[33mclang: warning: argument unused during compilation: '--gcc-toolchain=/Applications/DevEco-Studio.app/Contents/sdk/default/openharmony/native/llvm' [-Wunused-command-line-argument][33m[39m
[32m[518/576] Linking C static library maplibre/libmbgl-vendor-sqlite.a[32m[39m
[32m[519/576] Building CXX object maplibre/vendor/glslang/SPIRV/CMakeFiles/SPVRemapper.dir/doc.cpp.o[32m[39m
[33mclang++: warning: argument unused during compilation: '--gcc-toolchain=/Applications/DevEco-Studio.app/Contents/sdk/default/openharmony/native/llvm' [-Wunused-command-line-argument][33m[39m
[32m[520/576] Building CXX object maplibre/vendor/harfbuzz/CMakeFiles/harfbuzz-subset.dir/src/hb-static.cc.o[32m[39m
[33mclang++: warning: argument unused during compilation: '--gcc-toolchain=/Applications/DevEco-Studio.app/Contents/sdk/default/openharmony/native/llvm' [-Wunused-command-line-argument][33m[39m
[32m[521/576] Building CXX object maplibre/vendor/glslang/glslang/CMakeFiles/glslang.dir/GenericCodeGen/Link.cpp.o[32m[39m
[33mclang++: warning: argument unused during compilation: '--gcc-toolchain=/Applications/DevEco-Studio.app/Contents/sdk/default/openharmony/native/llvm' [-Wunused-command-line-argument][33m[39m
[32m[522/576] Building CXX object maplibre/vendor/harfbuzz/CMakeFiles/harfbuzz-subset.dir/src/hb-subset-repacker.cc.o[32m[39m
[33mclang++: warning: argument unused during compilation: '--gcc-toolchain=/Applications/DevEco-Studio.app/Contents/sdk/default/openharmony/native/llvm' [-Wunused-command-line-argument][33m[39m
[32m[523/576] Building CXX object maplibre/vendor/glslang/glslang/CMakeFiles/glslang.dir/MachineIndependent/InfoSink.cpp.o[32m[39m
[33mclang++: warning: argument unused during compilation: '--gcc-toolchain=/Applications/DevEco-Studio.app/Contents/sdk/default/openharmony/native/llvm' [-Wunused-command-line-argument][33m[39m
[32m[524/576] Building CXX object maplibre/vendor/glslang/glslang/CMakeFiles/glslang.dir/CInterface/glslang_c_interface.cpp.o[32m[39m
[33mclang++: warning: argument unused during compilation: '--gcc-toolchain=/Applications/DevEco-Studio.app/Contents/sdk/default/openharmony/native/llvm' [-Wunused-command-line-argument][33m[39m
[32m[525/576] Building CXX object maplibre/vendor/harfbuzz/CMakeFiles/harfbuzz-subset.dir/src/graph/gsubgpos-context.cc.o[32m[39m
[33mclang++: warning: argument unused during compilation: '--gcc-toolchain=/Applications/DevEco-Studio.app/Contents/sdk/default/openharmony/native/llvm' [-Wunused-command-line-argument][33m[39m
[32m[526/576] Building CXX object maplibre/vendor/glslang/glslang/CMakeFiles/glslang.dir/MachineIndependent/IntermTraverse.cpp.o[32m[39m
[33mclang++: warning: argument unused during compilation: '--gcc-toolchain=/Applications/DevEco-Studio.app/Contents/sdk/default/openharmony/native/llvm' [-Wunused-command-line-argument][33m[39m
[32m[527/576] Building CXX object maplibre/vendor/glslang/glslang/CMakeFiles/glslang.dir/MachineIndependent/PoolAlloc.cpp.o[32m[39m
[33mclang++: warning: argument unused during compilation: '--gcc-toolchain=/Applications/DevEco-Studio.app/Contents/sdk/default/openharmony/native/llvm' [-Wunused-command-line-argument][33m[39m
[32m[528/576] Building CXX object maplibre/vendor/glslang/glslang/CMakeFiles/glslang.dir/MachineIndependent/Constant.cpp.o[32m[39m
[33mclang++: warning: argument unused during compilation: '--gcc-toolchain=/Applications/DevEco-Studio.app/Contents/sdk/default/openharmony/native/llvm' [-Wunused-command-line-argument][33m[39m
[32m[529/576] Building CXX object maplibre/vendor/glslang/glslang/CMakeFiles/glslang.dir/MachineIndependent/attribute.cpp.o[32m[39m
[33mclang++: warning: argument unused during compilation: '--gcc-toolchain=/Applications/DevEco-Studio.app/Contents/sdk/default/openharmony/native/llvm' [-Wunused-command-line-argument][33m[39m
[32m[530/576] Building CXX object maplibre/vendor/glslang/glslang/CMakeFiles/glslang.dir/MachineIndependent/Initialize.cpp.o[32m[39m
[33mclang++: warning: argument unused during compilation: '--gcc-toolchain=/Applications/DevEco-Studio.app/Contents/sdk/default/openharmony/native/llvm' [-Wunused-command-line-argument][33m[39m
[32m[531/576] Building CXX object maplibre/vendor/glslang/glslang/CMakeFiles/glslang.dir/MachineIndependent/RemoveTree.cpp.o[32m[39m
[33mclang++: warning: argument unused during compilation: '--gcc-toolchain=/Applications/DevEco-Studio.app/Contents/sdk/default/openharmony/native/llvm' [-Wunused-command-line-argument][33m[39m
[32m[532/576] Building CXX object maplibre/vendor/glslang/SPIRV/CMakeFiles/SPVRemapper.dir/SPVRemapper.cpp.o[32m[39m
[33mclang++: warning: argument unused during compilation: '--gcc-toolchain=/Applications/DevEco-Studio.app/Contents/sdk/default/openharmony/native/llvm' [-Wunused-command-line-argument][33m[39m
[32m[533/576] Building CXX object maplibre/vendor/glslang/glslang/CMakeFiles/glslang.dir/MachineIndependent/glslang_tab.cpp.o[32m[39m
[33mclang++: warning: argument unused during compilation: '--gcc-toolchain=/Applications/DevEco-Studio.app/Contents/sdk/default/openharmony/native/llvm' [-Wunused-command-line-argument][33m[39m
[32m[534/576] Linking CXX static library maplibre/vendor/glslang/SPIRV/libSPVRemapper.a[32m[39m
[32m[535/576] Building CXX object maplibre/vendor/glslang/glslang/CMakeFiles/glslang.dir/MachineIndependent/Intermediate.cpp.o[32m[39m
[33mclang++: warning: argument unused during compilation: '--gcc-toolchain=/Applications/DevEco-Studio.app/Contents/sdk/default/openharmony/native/llvm' [-Wunused-command-line-argument][33m[39m
[32m[536/576] Building CXX object maplibre/vendor/glslang/glslang/CMakeFiles/glslang.dir/MachineIndependent/iomapper.cpp.o[32m[39m
[33mclang++: warning: argument unused during compilation: '--gcc-toolchain=/Applications/DevEco-Studio.app/Contents/sdk/default/openharmony/native/llvm' [-Wunused-command-line-argument][33m[39m
[32m[537/576] Building CXX object maplibre/vendor/glslang/glslang/CMakeFiles/glslang.dir/MachineIndependent/ParseContextBase.cpp.o[32m[39m
[33mclang++: warning: argument unused during compilation: '--gcc-toolchain=/Applications/DevEco-Studio.app/Contents/sdk/default/openharmony/native/llvm' [-Wunused-command-line-argument][33m[39m
[32m[538/576] Building CXX object maplibre/vendor/glslang/glslang/CMakeFiles/glslang.dir/MachineIndependent/SymbolTable.cpp.o[32m[39m
[33mclang++: warning: argument unused during compilation: '--gcc-toolchain=/Applications/DevEco-Studio.app/Contents/sdk/default/openharmony/native/llvm' [-Wunused-command-line-argument][33m[39m
[32m[539/576] Building CXX object maplibre/vendor/glslang/glslang/CMakeFiles/glslang.dir/MachineIndependent/SpirvIntrinsics.cpp.o[32m[39m
[33mclang++: warning: argument unused during compilation: '--gcc-toolchain=/Applications/DevEco-Studio.app/Contents/sdk/default/openharmony/native/llvm' [-Wunused-command-line-argument][33m[39m
[32m[540/576] Building CXX object maplibre/vendor/glslang/glslang/CMakeFiles/glslang.dir/MachineIndependent/Versions.cpp.o[32m[39m
[33mclang++: warning: argument unused during compilation: '--gcc-toolchain=/Applications/DevEco-Studio.app/Contents/sdk/default/openharmony/native/llvm' [-Wunused-command-line-argument][33m[39m
[32m[541/576] Building CXX object maplibre/vendor/glslang/glslang/CMakeFiles/glslang.dir/MachineIndependent/Scan.cpp.o[32m[39m
[33mclang++: warning: argument unused during compilation: '--gcc-toolchain=/Applications/DevEco-Studio.app/Contents/sdk/default/openharmony/native/llvm' [-Wunused-command-line-argument][33m[39m
[32m[542/576] Building CXX object maplibre/vendor/glslang/glslang/CMakeFiles/glslang.dir/MachineIndependent/intermOut.cpp.o[32m[39m
[33mclang++: warning: argument unused during compilation: '--gcc-toolchain=/Applications/DevEco-Studio.app/Contents/sdk/default/openharmony/native/llvm' [-Wunused-command-line-argument][33m[39m
[32m[543/576] Building CXX object maplibre/vendor/glslang/glslang/CMakeFiles/glslang.dir/MachineIndependent/limits.cpp.o[32m[39m
[33mclang++: warning: argument unused during compilation: '--gcc-toolchain=/Applications/DevEco-Studio.app/Contents/sdk/default/openharmony/native/llvm' [-Wunused-command-line-argument][33m[39m
[32m[544/576] Building CXX object maplibre/vendor/glslang/glslang/CMakeFiles/glslang.dir/MachineIndependent/parseConst.cpp.o[32m[39m
[33mclang++: warning: argument unused during compilation: '--gcc-toolchain=/Applications/DevEco-Studio.app/Contents/sdk/default/openharmony/native/llvm' [-Wunused-command-line-argument][33m[39m
[32m[545/576] Building CXX object maplibre/vendor/glslang/glslang/CMakeFiles/glslang.dir/MachineIndependent/ShaderLang.cpp.o[32m[39m
[33mclang++: warning: argument unused during compilation: '--gcc-toolchain=/Applications/DevEco-Studio.app/Contents/sdk/default/openharmony/native/llvm' [-Wunused-command-line-argument][33m[39m
[32m[546/576] Building CXX object maplibre/vendor/glslang/glslang/CMakeFiles/glslang.dir/MachineIndependent/reflection.cpp.o[32m[39m
[33mclang++: warning: argument unused during compilation: '--gcc-toolchain=/Applications/DevEco-Studio.app/Contents/sdk/default/openharmony/native/llvm' [-Wunused-command-line-argument][33m[39m
[32m[547/576] Building CXX object maplibre/vendor/glslang/glslang/CMakeFiles/glslang.dir/Users/yidafu/github/maplibre-native/vendor/glslang/SPIRV/InReadableOrder.cpp.o[32m[39m
[33mclang++: warning: argument unused during compilation: '--gcc-toolchain=/Applications/DevEco-Studio.app/Contents/sdk/default/openharmony/native/llvm' [-Wunused-command-line-argument][33m[39m
[32m[548/576] Building CXX object maplibre/vendor/glslang/glslang/CMakeFiles/glslang.dir/Users/yidafu/github/maplibre-native/vendor/glslang/SPIRV/Logger.cpp.o[32m[39m
[33mclang++: warning: argument unused during compilation: '--gcc-toolchain=/Applications/DevEco-Studio.app/Contents/sdk/default/openharmony/native/llvm' [-Wunused-command-line-argument][33m[39m
[32m[549/576] Building CXX object maplibre/vendor/harfbuzz/CMakeFiles/harfbuzz-subset.dir/src/hb-subset-plan.cc.o[32m[39m
[33mclang++: warning: argument unused during compilation: '--gcc-toolchain=/Applications/DevEco-Studio.app/Contents/sdk/default/openharmony/native/llvm' [-Wunused-command-line-argument][33m[39m
[32m[550/576] Building CXX object maplibre/vendor/glslang/glslang/CMakeFiles/glslang.dir/MachineIndependent/linkValidate.cpp.o[32m[39m
[33mclang++: warning: argument unused during compilation: '--gcc-toolchain=/Applications/DevEco-Studio.app/Contents/sdk/default/openharmony/native/llvm' [-Wunused-command-line-argument][33m[39m
[32m[551/576] Building CXX object maplibre/vendor/glslang/glslang/CMakeFiles/glslang.dir/MachineIndependent/ParseHelper.cpp.o[32m[39m
[33mclang++: warning: argument unused during compilation: '--gcc-toolchain=/Applications/DevEco-Studio.app/Contents/sdk/default/openharmony/native/llvm' [-Wunused-command-line-argument][33m[39m
[32m[552/576] Building CXX object maplibre/vendor/glslang/glslang/CMakeFiles/glslang.dir/Users/yidafu/github/maplibre-native/vendor/glslang/SPIRV/SpvTools.cpp.o[32m[39m
[33mclang++: warning: argument unused during compilation: '--gcc-toolchain=/Applications/DevEco-Studio.app/Contents/sdk/default/openharmony/native/llvm' [-Wunused-command-line-argument][33m[39m
[32m[553/576] Building CXX object maplibre/vendor/glslang/glslang/CMakeFiles/glslang.dir/MachineIndependent/preprocessor/PpAtom.cpp.o[32m[39m
[33mclang++: warning: argument unused during compilation: '--gcc-toolchain=/Applications/DevEco-Studio.app/Contents/sdk/default/openharmony/native/llvm' [-Wunused-command-line-argument][33m[39m
[32m[554/576] Building CXX object maplibre/vendor/glslang/glslang/CMakeFiles/glslang.dir/Users/yidafu/github/maplibre-native/vendor/glslang/SPIRV/CInterface/spirv_c_interface.cpp.o[32m[39m
[33mclang++: warning: argument unused during compilation: '--gcc-toolchain=/Applications/DevEco-Studio.app/Contents/sdk/default/openharmony/native/llvm' [-Wunused-command-line-argument][33m[39m
[32m[555/576] Building CXX object maplibre/vendor/glslang/glslang/CMakeFiles/glslang.dir/MachineIndependent/preprocessor/PpContext.cpp.o[32m[39m
[33mclang++: warning: argument unused during compilation: '--gcc-toolchain=/Applications/DevEco-Studio.app/Contents/sdk/default/openharmony/native/llvm' [-Wunused-command-line-argument][33m[39m
[32m[556/576] Building CXX object maplibre/vendor/glslang/glslang/OSDependent/Unix/CMakeFiles/OSDependent.dir/Users/yidafu/github/maplibre-native/vendor/glslang/glslang/stub.cpp.o[32m[39m
[33mclang++: warning: argument unused during compilation: '--gcc-toolchain=/Applications/DevEco-Studio.app/Contents/sdk/default/openharmony/native/llvm' [-Wunused-command-line-argument][33m[39m
[32m[557/576] Linking CXX static library maplibre/vendor/glslang/glslang/OSDependent/Unix/libOSDependent.a[32m[39m
[32m[558/576] Building CXX object maplibre/vendor/glslang/glslang/CMakeFiles/glslang.dir/MachineIndependent/preprocessor/PpScanner.cpp.o[32m[39m
[33mclang++: warning: argument unused during compilation: '--gcc-toolchain=/Applications/DevEco-Studio.app/Contents/sdk/default/openharmony/native/llvm' [-Wunused-command-line-argument][33m[39m
[32m[559/576] Building CXX object maplibre/vendor/glslang/glslang/CMakeFiles/glslang.dir/MachineIndependent/propagateNoContraction.cpp.o[32m[39m
[33mclang++: warning: argument unused during compilation: '--gcc-toolchain=/Applications/DevEco-Studio.app/Contents/sdk/default/openharmony/native/llvm' [-Wunused-command-line-argument][33m[39m
[32m[560/576] Building CXX object maplibre/vendor/glslang/glslang/CMakeFiles/glslang.dir/MachineIndependent/preprocessor/PpTokens.cpp.o[32m[39m
[33mclang++: warning: argument unused during compilation: '--gcc-toolchain=/Applications/DevEco-Studio.app/Contents/sdk/default/openharmony/native/llvm' [-Wunused-command-line-argument][33m[39m
[32m[561/576] Building CXX object maplibre/vendor/glslang/glslang/CMakeFiles/glslang.dir/MachineIndependent/preprocessor/Pp.cpp.o[32m[39m
[33mclang++: warning: argument unused during compilation: '--gcc-toolchain=/Applications/DevEco-Studio.app/Contents/sdk/default/openharmony/native/llvm' [-Wunused-command-line-argument][33m[39m
[32m[562/576] Building CXX object maplibre/vendor/glslang/glslang/CMakeFiles/glslang.dir/Users/yidafu/github/maplibre-native/vendor/glslang/SPIRV/doc.cpp.o[32m[39m
[33mclang++: warning: argument unused during compilation: '--gcc-toolchain=/Applications/DevEco-Studio.app/Contents/sdk/default/openharmony/native/llvm' [-Wunused-command-line-argument][33m[39m
[32m[563/576] Building CXX object maplibre/vendor/glslang/glslang/CMakeFiles/glslang-default-resource-limits.dir/ResourceLimits/resource_limits_c.cpp.o[32m[39m
[33mclang++: warning: argument unused during compilation: '--gcc-toolchain=/Applications/DevEco-Studio.app/Contents/sdk/default/openharmony/native/llvm' [-Wunused-command-line-argument][33m[39m
[32m[564/576] Building CXX object maplibre/vendor/glslang/glslang/CMakeFiles/glslang.dir/Users/yidafu/github/maplibre-native/vendor/glslang/SPIRV/disassemble.cpp.o[32m[39m
[33mclang++: warning: argument unused during compilation: '--gcc-toolchain=/Applications/DevEco-Studio.app/Contents/sdk/default/openharmony/native/llvm' [-Wunused-command-line-argument][33m[39m
[32m[565/576] Building CXX object maplibre/vendor/glslang/glslang/CMakeFiles/glslang-default-resource-limits.dir/ResourceLimits/ResourceLimits.cpp.o[32m[39m
[33mclang++: warning: argument unused during compilation: '--gcc-toolchain=/Applications/DevEco-Studio.app/Contents/sdk/default/openharmony/native/llvm' [-Wunused-command-line-argument][33m[39m
[32m[566/576] Linking CXX static library maplibre/vendor/glslang/glslang/libglslang-default-resource-limits.a[32m[39m
[32m[567/576] Building CXX object maplibre/vendor/glslang/glslang/CMakeFiles/glslang.dir/Users/yidafu/github/maplibre-native/vendor/glslang/SPIRV/SpvPostProcess.cpp.o[32m[39m
[33mclang++: warning: argument unused during compilation: '--gcc-toolchain=/Applications/DevEco-Studio.app/Contents/sdk/default/openharmony/native/llvm' [-Wunused-command-line-argument][33m[39m
[32m[568/576] Building CXX object maplibre/vendor/glslang/glslang/CMakeFiles/glslang.dir/Users/yidafu/github/maplibre-native/vendor/glslang/SPIRV/SpvBuilder.cpp.o[32m[39m
[33mclang++: warning: argument unused during compilation: '--gcc-toolchain=/Applications/DevEco-Studio.app/Contents/sdk/default/openharmony/native/llvm' [-Wunused-command-line-argument][33m[39m
[32m[569/576] Building CXX object maplibre/vendor/glslang/glslang/CMakeFiles/glslang.dir/Users/yidafu/github/maplibre-native/vendor/glslang/SPIRV/GlslangToSpv.cpp.o[32m[39m
[33mclang++: warning: argument unused during compilation: '--gcc-toolchain=/Applications/DevEco-Studio.app/Contents/sdk/default/openharmony/native/llvm' [-Wunused-command-line-argument][33m[39m
[32m[570/576] Building CXX object maplibre/vendor/harfbuzz/CMakeFiles/harfbuzz-subset.dir/src/hb-subset.cc.o[32m[39m
[33mclang++: warning: argument unused during compilation: '--gcc-toolchain=/Applications/DevEco-Studio.app/Contents/sdk/default/openharmony/native/llvm' [-Wunused-command-line-argument][33m[39m
[32m[571/576] Linking CXX static library maplibre/vendor/glslang/glslang/libglslang.a[32m[39m
[32m[572/576] Building CXX object maplibre/vendor/harfbuzz/CMakeFiles/harfbuzz.dir/src/harfbuzz.cc.o[32m[39m
[33mclang++: warning: argument unused during compilation: '--gcc-toolchain=/Applications/DevEco-Studio.app/Contents/sdk/default/openharmony/native/llvm' [-Wunused-command-line-argument][33m[39m
[32m[573/576] Linking C static library maplibre/vendor/harfbuzz/libharfbuzz.a[32m[39m
[32m[574/576] Linking C static library maplibre/vendor/harfbuzz/libharfbuzz-subset.a[32m[39m
[32m[575/576] Linking CXX static library maplibre/libmbgl-core.a[32m[39m
[32m[576/576] Linking CXX shared library /Users/yidafu/github/maplibre-native/platform/harmony/maplibre_harmony/build/default/intermediates/cmake/default/obj/arm64-v8a/libmaplibre_native.so[32m[39m
[31mFAILED: /Users/yidafu/github/maplibre-native/platform/harmony/maplibre_harmony/build/default/intermediates/cmake/default/obj/arm64-v8a/libmaplibre_native.so [31m[39m
[31m: && /Applications/DevEco-Studio.app/Contents/sdk/default/openharmony/native/llvm/bin/clang++ --target=aarch64-linux-ohos --gcc-toolchain=/Applications/DevEco-Studio.app/Contents/sdk/default/openharmony/native/llvm --sysroot=/Applications/DevEco-Studio.app/Contents/sdk/default/openharmony/native/sysroot -fPIC -fdata-sections -ffunction-sections -funwind-tables -fstack-protector-strong -no-canonical-prefixes -fno-addrsig -Wa,--noexecstack -Wformat -Werror=format-security  -std=c++20 -fexceptions -frtti -D__MUSL__ -std=c++20 -fPIC -Wno-error=unused-command-line-argument -frtti -O0 -g -fno-limit-debug-info  --rtlib=compiler-rt -fuse-ld=lld -Wl,--build-id=sha1 -Wl,--warn-shared-textrel -Wl,--fatal-warnings -lunwind -Wl,--no-undefined -Qunused-arguments -Wl,-z,noexecstack -shared -Wl,-soname,libmaplibre_native.so -o /Users/yidafu/github/maplibre-native/platform/harmony/maplibre_harmony/build/default/intermediates/cmake/default/obj/arm64-v8a/libmaplibre_native.so CMakeFiles/maplibre_native.dir/napi_init.cpp.o CMakeFiles/maplibre_native.dir/napi_utils.cpp.o CMakeFiles/maplibre_native.dir/PluginManager.cpp.o CMakeFiles/maplibre_native.dir/logger.cpp.o CMakeFiles/maplibre_native.dir/curl_event_loop.cpp.o CMakeFiles/maplibre_native.dir/http_file_source_harmony.cpp.o CMakeFiles/maplibre_native.dir/harmony_renderer_backend.cpp.o CMakeFiles/maplibre_native.dir/harmony_renderer_frontend.cpp.o CMakeFiles/maplibre_native.dir/harmony_renderer.cpp.o CMakeFiles/maplibre_native.dir/Render.cpp.o CMakeFiles/maplibre_native.dir/EGLCore.cpp.o CMakeFiles/maplibre_native.dir/native_map_view_harmony.cpp.o CMakeFiles/maplibre_native.dir/harmony_vulkan_renderer_backend.cpp.o -L/opt/homebrew/opt -Wl,-rpath,/opt/homebrew/opt:/Users/yidafu/github/maplibre-native/platform/harmony/maplibre_harmony/src/main/cpp/thirdparty/curl/arm64-v8a/lib  /Users/yidafu/github/maplibre-native/platform/harmony/maplibre_harmony/src/main/cpp/thirdparty/curl/arm64-v8a/lib/libcurl.so  maplibre/libmbgl-core.a  maplibre/libmbgl-vendor-nunicode.a  -lace_napi.z  -lhilog_ndk.z  -luv  -lace_ndk.z  -lGLESv3  -lEGL  -lnative_window  -lvulkan  maplibre/libmbgl-vendor-parsedate.a  maplibre/libmbgl-vendor-csscolorparser.a  maplibre/vendor/harfbuzz/libharfbuzz.a  maplibre/vendor/freetype/libfreetyped.a  maplibre/vendor/glslang/SPIRV/libSPIRV.a  maplibre/vendor/glslang/glslang/libglslang.a  -pthread  maplibre/vendor/glslang/glslang/libglslang-default-resource-limits.a  maplibre/libmbgl-vendor-icu.a  maplibre/libmbgl-vendor-sqlite.a  -lz  /Users/yidafu/github/maplibre-native/platform/harmony/maplibre_harmony/src/main/cpp/thirdparty/curl/arm64-v8a/lib/libcurl.so  -lhilog_ndk.z  -luv  -lace_ndk.z  -lnative_window  -lvulkan  -lm && :[31m[39m
[31mld.lld: error: undefined symbol: mbgl::harmony::HarmonyGLRendererBackend::HarmonyGLRendererBackend()[31m[39m
[31m>>> referenced by unique_ptr.h:714 (/Applications/DevEco-Studio.app/Contents/sdk/default/openharmony/native/llvm/bin/../include/libcxx-ohos/include/c++/v1/__memory/unique_ptr.h:714)[31m[39m
[31m>>>               CMakeFiles/maplibre_native.dir/harmony_renderer.cpp.o:(std::__n1::__unique_if<mbgl::harmony::HarmonyGLRendererBackend>::__unique_single std::__n1::make_unique[abi:v15004]<mbgl::harmony::HarmonyGLRendererBackend>())[31m[39m
[31m[31m[39m
[31mld.lld: error: undefined symbol: mbgl::harmony::HarmonyGLRendererBackend::setNativeWindow(void*)[31m[39m
[31m>>> referenced by harmony_renderer.cpp:88 (/Users/yidafu/github/maplibre-native/platform/harmony/maplibre_harmony/src/main/cpp/harmony_renderer.cpp:88)[31m[39m
[31m>>>               CMakeFiles/maplibre_native.dir/harmony_renderer.cpp.o:(mbgl::harmony::HarmonyRenderer::setNativeWindow(NativeWindow*))[31m[39m
[31mclang++: error: linker command failed with exit code 1 (use -v to see invocation)[31m[39m
[31mninja: build stopped: subcommand failed.[31m[39m
[31mA 'undefined symbol' error has occurred.
* Try the following:
  > Troubleshoot the errors according to the following guidelines.
  > More info: https://developer.huawei.com/consumer/cn/doc/harmonyos-faqs/faqs-compiling-and-building-116[31m[39m

[31m* Try:
> Run with --stacktrace option to get the stack trace.
> Run with --debug option to get more log output.
[39m
> hvigor [91mERROR: BUILD FAILED in 1 min 58 s 143 ms [39m
