> hvigor [32mUP-TO-DATE :maplibre_harmony:default@PreBuild...  [39m
> hvigor [32mFinished :maplibre_harmony:default@CreateModuleInfo... after 1 ms [39m
> hvigor [32mUP-TO-DATE :maplibre_harmony:default@GenerateMetadata...  [39m
> hvigor [32mFinished :maplibre_harmony:default@ConfigureCmake... after 7 ms [39m
> hvigor [32mUP-TO-DATE :maplibre_harmony:default@MergeProfile...  [39m
> hvigor [32mUP-TO-DATE :maplibre_harmony:default@CreateBuildProfile...  [39m
> hvigor [32mFinished :maplibre_harmony:default@PreCheckSyscap... after 1 ms [39m
> hvigor [32mFinished :maplibre_harmony:default@ProcessIntegratedHsp... after 1 ms [39m
> hvigor [32mUP-TO-DATE :maplibre_harmony:default@MakePackInfo...  [39m
> hvigor [32mFinished :maplibre_harmony:default@SyscapTransform... after 9 ms [39m
> hvigor [33mWARN: CMake Warning at /Users/yidafu/github/maplibre-native/vendor/freetype/builds/cmake/FindHarfBuzz.cmake:99 (message):
  Required version (2.0.0) is higher than found version ()
Call Stack (most recent call first):
  /Users/yidafu/github/maplibre-native/vendor/freetype/CMakeLists.txt:258 (find_package)


[39m
> hvigor [33mWARN: WARNHarfBuzz has a Meson port and tries to migrate all the other build systems to it, please consider using it as we might remove our cmake port soon.
[39m
> hvigor [32mFinished :maplibre_harmony:default@BuildNativeWithCmake... after 3 s 554 ms [39m
> hvigor [32mUP-TO-DATE :maplibre_harmony:default@GeneratePkgContextInfo...  [39m
> hvigor [32mUP-TO-DATE :maplibre_harmony:default@ProcessProfile...  [39m
> hvigor [32mUP-TO-DATE :maplibre_harmony:default@ProcessRouterMap...  [39m
> hvigor [32mUP-TO-DATE :maplibre_harmony:default@ProcessShareConfig...  [39m
> hvigor [32mFinished :maplibre_harmony:default@ProcessStartupConfig... after 4 ms [39m
> hvigor [32mUP-TO-DATE :maplibre_harmony:default@ProcessResource...  [39m
> hvigor [32mUP-TO-DATE :maplibre_harmony:default@GenerateLoaderJson...  [39m
> hvigor [32mUP-TO-DATE :maplibre_harmony:default@CompileResource...  [39m
> hvigor [32mFinished :maplibre_harmony:default@BuildJS... after 2 ms [39m
> hvigor [33mWARN: [33mWARN: [33m[33mArkTS:WARN File: /Users/yidafu/github/maplibre-native/platform/harmony/maplibre_harmony/src/main/ets/pages/Index.ets:161:12
 'pushUrl' has been deprecated.
[39m[39m
[33mWARN: [33m[33mArkTS:WARN File: /Users/yidafu/github/maplibre-native/platform/harmony/maplibre_harmony/src/main/ets/pages/BasicMapPage.ets:25:20
 'back' has been deprecated.
[39m[39m
[33mWARN: [33m[33mArkTS:WARN File: /Users/yidafu/github/maplibre-native/platform/harmony/maplibre_harmony/src/main/ets/pages/GestureTestPage.ets:36:20
 'back' has been deprecated.
[39m[39m
[39m
> hvigor [32mFinished :maplibre_harmony:default@CompileArkTS... after 7 s 433 ms [39m
> hvigor [91mERROR: Failed :maplibre_harmony:default@BuildNativeWithNinja... [39m
> hvigor [91mERROR: Exceptions happened while executing /Applications/DevEco-Studio.app/Contents/sdk/default/openharmony/native/build-tools/cmake/bin/ninja -C /Users/yidafu/github/maplibre-native/platform/harmony/maplibre_harmony/.cxx/default/default/debug/arm64-v8a.
[32mninja: Entering directory `/Users/yidafu/github/maplibre-native/platform/harmony/maplibre_harmony/.cxx/default/default/debug/arm64-v8a'[32m[39m
[32m[1/605] Building CXX object CMakeFiles/maplibre_native.dir/napi_utils.cpp.o[32m[39m
[33mclang++: warning: argument unused during compilation: '--gcc-toolchain=/Applications/DevEco-Studio.app/Contents/sdk/default/openharmony/native/llvm' [-Wunused-command-line-argument][33m[39m
[32m[2/605] Building CXX object CMakeFiles/maplibre_native.dir/EGLCore.cpp.o[32m[39m
[33mclang++: warning: argument unused during compilation: '--gcc-toolchain=/Applications/DevEco-Studio.app/Contents/sdk/default/openharmony/native/llvm' [-Wunused-command-line-argument][33m[39m
[32m[3/605] Building CXX object CMakeFiles/maplibre_native.dir/Render.cpp.o[32m[39m
[33mclang++: warning: argument unused during compilation: '--gcc-toolchain=/Applications/DevEco-Studio.app/Contents/sdk/default/openharmony/native/llvm' [-Wunused-command-line-argument][33m[39m
[32m[4/605] Building CXX object CMakeFiles/maplibre_native.dir/logger.cpp.o[32m[39m
[33mclang++: warning: argument unused during compilation: '--gcc-toolchain=/Applications/DevEco-Studio.app/Contents/sdk/default/openharmony/native/llvm' [-Wunused-command-line-argument][33m[39m
[32m[5/605] Building CXX object CMakeFiles/maplibre_native_loop.dir/Users/yidafu/github/maplibre-native/platform/default/src/mbgl/util/timer.cpp.o[32m[39m
[33mclang++: warning: argument unused during compilation: '--gcc-toolchain=/Applications/DevEco-Studio.app/Contents/sdk/default/openharmony/native/llvm' [-Wunused-command-line-argument][33m[39m
[32m[6/605] Building CXX object CMakeFiles/maplibre_native.dir/harmony_renderer_backend.cpp.o[32m[39m
[33mclang++: warning: argument unused during compilation: '--gcc-toolchain=/Applications/DevEco-Studio.app/Contents/sdk/default/openharmony/native/llvm' [-Wunused-command-line-argument][33m[39m
[32m[7/605] Building CXX object CMakeFiles/maplibre_native.dir/PluginManager.cpp.o[32m[39m
[33mclang++: warning: argument unused during compilation: '--gcc-toolchain=/Applications/DevEco-Studio.app/Contents/sdk/default/openharmony/native/llvm' [-Wunused-command-line-argument][33m[39m
[33m/Users/yidafu/github/maplibre-native/platform/harmony/maplibre_harmony/src/main/cpp/PluginManager.cpp:57:13: warning: deleting pointer to incomplete type 'NativeWindow' may cause undefined behavior [-Wdelete-incomplete][33m[39m
[33m            delete iter->second;[33m[39m
[33m            ^      ~~~~~~~~~~~~[33m[39m
[33m/Applications/DevEco-Studio.app/Contents/sdk/default/openharmony/native/sysroot/usr/include/ace/xcomponent/native_interface_xcomponent.h:1159:16: note: forward declaration of 'NativeWindow'[33m[39m
[33mtypedef struct NativeWindow OHNativeWindow;[33m[39m
[33m               ^[33m[39m
[33m1 warning generated.[33m[39m
[32m[8/605] Building CXX object CMakeFiles/maplibre_native_loop.dir/Users/yidafu/github/maplibre-native/platform/default/src/mbgl/util/async_task.cpp.o[32m[39m
[33mclang++: warning: argument unused during compilation: '--gcc-toolchain=/Applications/DevEco-Studio.app/Contents/sdk/default/openharmony/native/llvm' [-Wunused-command-line-argument][33m[39m
[32m[9/605] Building CXX object CMakeFiles/maplibre_native.dir/curl_event_loop.cpp.o[32m[39m
[33mclang++: warning: argument unused during compilation: '--gcc-toolchain=/Applications/DevEco-Studio.app/Contents/sdk/default/openharmony/native/llvm' [-Wunused-command-line-argument][33m[39m
[32m[10/605] Building CXX object CMakeFiles/maplibre_native_loop.dir/Users/yidafu/github/maplibre-native/platform/default/src/mbgl/util/run_loop.cpp.o[32m[39m
[33mclang++: warning: argument unused during compilation: '--gcc-toolchain=/Applications/DevEco-Studio.app/Contents/sdk/default/openharmony/native/llvm' [-Wunused-command-line-argument][33m[39m
[32m[11/605] Linking CXX static library libmaplibre_native_loop.a[32m[39m
[32m[12/605] Building CXX object CMakeFiles/maplibre_native.dir/http_file_source_harmony.cpp.o[32m[39m
[33mclang++: warning: argument unused during compilation: '--gcc-toolchain=/Applications/DevEco-Studio.app/Contents/sdk/default/openharmony/native/llvm' [-Wunused-command-line-argument][33m[39m
[32m[13/605] Building CXX object CMakeFiles/maplibre_native.dir/napi_init.cpp.o[32m[39m
[33mclang++: warning: argument unused during compilation: '--gcc-toolchain=/Applications/DevEco-Studio.app/Contents/sdk/default/openharmony/native/llvm' [-Wunused-command-line-argument][33m[39m
[32m[14/605] Building CXX object CMakeFiles/maplibre_native.dir/harmony_renderer.cpp.o[32m[39m
[33mclang++: warning: argument unused during compilation: '--gcc-toolchain=/Applications/DevEco-Studio.app/Contents/sdk/default/openharmony/native/llvm' [-Wunused-command-line-argument][33m[39m
[32m[15/605] Building CXX object maplibre/CMakeFiles/mbgl-core.dir/src/mbgl/gfx/dynamic_texture.cpp.o[32m[39m
[33mclang++: warning: argument unused during compilation: '--gcc-toolchain=/Applications/DevEco-Studio.app/Contents/sdk/default/openharmony/native/llvm' [-Wunused-command-line-argument][33m[39m
[32m[16/605] Building CXX object maplibre/CMakeFiles/mbgl-core.dir/src/mbgl/gfx/drawable.cpp.o[32m[39m
[33mclang++: warning: argument unused during compilation: '--gcc-toolchain=/Applications/DevEco-Studio.app/Contents/sdk/default/openharmony/native/llvm' [-Wunused-command-line-argument][33m[39m
[32m[17/605] Building CXX object CMakeFiles/maplibre_native.dir/harmony_renderer_frontend.cpp.o[32m[39m
[33mclang++: warning: argument unused during compilation: '--gcc-toolchain=/Applications/DevEco-Studio.app/Contents/sdk/default/openharmony/native/llvm' [-Wunused-command-line-argument][33m[39m
[32m[18/605] Building CXX object CMakeFiles/maplibre_native.dir/native_map_view_harmony.cpp.o[32m[39m
[33mclang++: warning: argument unused during compilation: '--gcc-toolchain=/Applications/DevEco-Studio.app/Contents/sdk/default/openharmony/native/llvm' [-Wunused-command-line-argument][33m[39m
[32m[19/605] Building CXX object maplibre/CMakeFiles/mbgl-core.dir/src/mbgl/gfx/uniform_buffer.cpp.o[32m[39m
[33mclang++: warning: argument unused during compilation: '--gcc-toolchain=/Applications/DevEco-Studio.app/Contents/sdk/default/openharmony/native/llvm' [-Wunused-command-line-argument][33m[39m
[32m[20/605] Building CXX object maplibre/CMakeFiles/mbgl-core.dir/src/mbgl/gfx/drawable_custom_layer_host_tweaker.cpp.o[32m[39m
[33mclang++: warning: argument unused during compilation: '--gcc-toolchain=/Applications/DevEco-Studio.app/Contents/sdk/default/openharmony/native/llvm' [-Wunused-command-line-argument][33m[39m
[32m[21/605] Building CXX object maplibre/CMakeFiles/mbgl-core.dir/src/mbgl/gfx/dynamic_texture_atlas.cpp.o[32m[39m
[33mclang++: warning: argument unused during compilation: '--gcc-toolchain=/Applications/DevEco-Studio.app/Contents/sdk/default/openharmony/native/llvm' [-Wunused-command-line-argument][33m[39m
[32m[22/605] Building CXX object CMakeFiles/maplibre_native.dir/harmony_vulkan_renderer_backend.cpp.o[32m[39m
[33mclang++: warning: argument unused during compilation: '--gcc-toolchain=/Applications/DevEco-Studio.app/Contents/sdk/default/openharmony/native/llvm' [-Wunused-command-line-argument][33m[39m
[32m[23/605] Building CXX object maplibre/CMakeFiles/mbgl-core.dir/src/mbgl/renderer/tile_layer_group.cpp.o[32m[39m
[33mclang++: warning: argument unused during compilation: '--gcc-toolchain=/Applications/DevEco-Studio.app/Contents/sdk/default/openharmony/native/llvm' [-Wunused-command-line-argument][33m[39m
[32m[24/605] Building CXX object maplibre/CMakeFiles/mbgl-core.dir/src/mbgl/gfx/drawable_builder.cpp.o[32m[39m
[33mclang++: warning: argument unused during compilation: '--gcc-toolchain=/Applications/DevEco-Studio.app/Contents/sdk/default/openharmony/native/llvm' [-Wunused-command-line-argument][33m[39m
[32m[25/605] Building CXX object maplibre/CMakeFiles/mbgl-core.dir/src/mbgl/gfx/drawable_atlases_tweaker.cpp.o[32m[39m
[33mclang++: warning: argument unused during compilation: '--gcc-toolchain=/Applications/DevEco-Studio.app/Contents/sdk/default/openharmony/native/llvm' [-Wunused-command-line-argument][33m[39m
[32m[26/605] Building CXX object maplibre/CMakeFiles/mbgl-core.dir/src/mbgl/gfx/drawable_builder_impl.cpp.o[32m[39m
[33mclang++: warning: argument unused during compilation: '--gcc-toolchain=/Applications/DevEco-Studio.app/Contents/sdk/default/openharmony/native/llvm' [-Wunused-command-line-argument][33m[39m
[32m[27/605] Building CXX object maplibre/CMakeFiles/mbgl-core.dir/src/mbgl/gfx/gpu_expression.cpp.o[32m[39m
[33mclang++: warning: argument unused during compilation: '--gcc-toolchain=/Applications/DevEco-Studio.app/Contents/sdk/default/openharmony/native/llvm' [-Wunused-command-line-argument][33m[39m
[32m[28/605] Building CXX object maplibre/CMakeFiles/mbgl-core.dir/src/mbgl/renderer/render_target.cpp.o[32m[39m
[33mclang++: warning: argument unused during compilation: '--gcc-toolchain=/Applications/DevEco-Studio.app/Contents/sdk/default/openharmony/native/llvm' [-Wunused-command-line-argument][33m[39m
[32m[29/605] Building CXX object maplibre/CMakeFiles/mbgl-core.dir/src/mbgl/renderer/layer_tweaker.cpp.o[32m[39m
[33mclang++: warning: argument unused during compilation: '--gcc-toolchain=/Applications/DevEco-Studio.app/Contents/sdk/default/openharmony/native/llvm' [-Wunused-command-line-argument][33m[39m
[32m[30/605] Building CXX object maplibre/CMakeFiles/mbgl-core.dir/src/mbgl/gfx/vertex_attribute.cpp.o[32m[39m
[33mclang++: warning: argument unused during compilation: '--gcc-toolchain=/Applications/DevEco-Studio.app/Contents/sdk/default/openharmony/native/llvm' [-Wunused-command-line-argument][33m[39m
[32m[31/605] Building CXX object maplibre/CMakeFiles/mbgl-core.dir/src/mbgl/renderer/layers/background_layer_tweaker.cpp.o[32m[39m
[33mclang++: warning: argument unused during compilation: '--gcc-toolchain=/Applications/DevEco-Studio.app/Contents/sdk/default/openharmony/native/llvm' [-Wunused-command-line-argument][33m[39m
[32m[32/605] Building CXX object maplibre/CMakeFiles/mbgl-core.dir/src/mbgl/renderer/layers/circle_layer_tweaker.cpp.o[32m[39m
[33mclang++: warning: argument unused during compilation: '--gcc-toolchain=/Applications/DevEco-Studio.app/Contents/sdk/default/openharmony/native/llvm' [-Wunused-command-line-argument][33m[39m
[32m[33/605] Building CXX object maplibre/CMakeFiles/mbgl-core.dir/src/mbgl/renderer/change_request.cpp.o[32m[39m
[33mclang++: warning: argument unused during compilation: '--gcc-toolchain=/Applications/DevEco-Studio.app/Contents/sdk/default/openharmony/native/llvm' [-Wunused-command-line-argument][33m[39m
[32m[34/605] Building CXX object maplibre/CMakeFiles/mbgl-core.dir/src/mbgl/renderer/layers/hillshade_prepare_layer_tweaker.cpp.o[32m[39m
[33mclang++: warning: argument unused during compilation: '--gcc-toolchain=/Applications/DevEco-Studio.app/Contents/sdk/default/openharmony/native/llvm' [-Wunused-command-line-argument][33m[39m
[32m[35/605] Building CXX object maplibre/CMakeFiles/mbgl-core.dir/src/mbgl/renderer/layers/hillshade_layer_tweaker.cpp.o[32m[39m
[33mclang++: warning: argument unused during compilation: '--gcc-toolchain=/Applications/DevEco-Studio.app/Contents/sdk/default/openharmony/native/llvm' [-Wunused-command-line-argument][33m[39m
[32m[36/605] Building CXX object maplibre/CMakeFiles/mbgl-core.dir/src/mbgl/renderer/layer_group.cpp.o[32m[39m
[33mclang++: warning: argument unused during compilation: '--gcc-toolchain=/Applications/DevEco-Studio.app/Contents/sdk/default/openharmony/native/llvm' [-Wunused-command-line-argument][33m[39m
[32m[37/605] Building CXX object maplibre/CMakeFiles/mbgl-core.dir/src/mbgl/renderer/layers/fill_layer_tweaker.cpp.o[32m[39m
[33mclang++: warning: argument unused during compilation: '--gcc-toolchain=/Applications/DevEco-Studio.app/Contents/sdk/default/openharmony/native/llvm' [-Wunused-command-line-argument][33m[39m
[32m[38/605] Building CXX object maplibre/CMakeFiles/mbgl-core.dir/src/mbgl/renderer/layers/fill_extrusion_layer_tweaker.cpp.o[32m[39m
[33mclang++: warning: argument unused during compilation: '--gcc-toolchain=/Applications/DevEco-Studio.app/Contents/sdk/default/openharmony/native/llvm' [-Wunused-command-line-argument][33m[39m
[32m[39/605] Building CXX object maplibre/CMakeFiles/mbgl-core.dir/src/mbgl/renderer/layers/raster_layer_tweaker.cpp.o[32m[39m
[33mclang++: warning: argument unused during compilation: '--gcc-toolchain=/Applications/DevEco-Studio.app/Contents/sdk/default/openharmony/native/llvm' [-Wunused-command-line-argument][33m[39m
[32m[40/605] Building CXX object maplibre/CMakeFiles/mbgl-core.dir/src/mbgl/renderer/layers/location_indicator_layer_tweaker.cpp.o[32m[39m
[33mclang++: warning: argument unused during compilation: '--gcc-toolchain=/Applications/DevEco-Studio.app/Contents/sdk/default/openharmony/native/llvm' [-Wunused-command-line-argument][33m[39m
[32m[41/605] Building CXX object maplibre/CMakeFiles/mbgl-core.dir/src/mbgl/actor/mailbox.cpp.o[32m[39m
[33mclang++: warning: argument unused during compilation: '--gcc-toolchain=/Applications/DevEco-Studio.app/Contents/sdk/default/openharmony/native/llvm' [-Wunused-command-line-argument][33m[39m
[32m[42/605] Building CXX object maplibre/CMakeFiles/mbgl-core.dir/src/mbgl/renderer/layers/heatmap_layer_tweaker.cpp.o[32m[39m
[33mclang++: warning: argument unused during compilation: '--gcc-toolchain=/Applications/DevEco-Studio.app/Contents/sdk/default/openharmony/native/llvm' [-Wunused-command-line-argument][33m[39m
[32m[43/605] Building CXX object maplibre/CMakeFiles/mbgl-core.dir/src/mbgl/renderer/layers/heatmap_texture_layer_tweaker.cpp.o[32m[39m
[33mclang++: warning: argument unused during compilation: '--gcc-toolchain=/Applications/DevEco-Studio.app/Contents/sdk/default/openharmony/native/llvm' [-Wunused-command-line-argument][33m[39m
[32m[44/605] Building CXX object maplibre/CMakeFiles/mbgl-core.dir/src/mbgl/actor/scheduler.cpp.o[32m[39m
[33mclang++: warning: argument unused during compilation: '--gcc-toolchain=/Applications/DevEco-Studio.app/Contents/sdk/default/openharmony/native/llvm' [-Wunused-command-line-argument][33m[39m
[32m[45/605] Building CXX object maplibre/CMakeFiles/mbgl-core.dir/src/mbgl/renderer/layers/line_layer_tweaker.cpp.o[32m[39m
[33mclang++: warning: argument unused during compilation: '--gcc-toolchain=/Applications/DevEco-Studio.app/Contents/sdk/default/openharmony/native/llvm' [-Wunused-command-line-argument][33m[39m
[32m[46/605] Building CXX object maplibre/CMakeFiles/mbgl-core.dir/src/mbgl/geometry/dem_data.cpp.o[32m[39m
[33mclang++: warning: argument unused during compilation: '--gcc-toolchain=/Applications/DevEco-Studio.app/Contents/sdk/default/openharmony/native/llvm' [-Wunused-command-line-argument][33m[39m
[32m[47/605] Building CXX object maplibre/CMakeFiles/mbgl-core.dir/src/mbgl/gfx/attribute.cpp.o[32m[39m
[33mclang++: warning: argument unused during compilation: '--gcc-toolchain=/Applications/DevEco-Studio.app/Contents/sdk/default/openharmony/native/llvm' [-Wunused-command-line-argument][33m[39m
[32m[48/605] Building CXX object maplibre/CMakeFiles/mbgl-core.dir/src/mbgl/renderer/layers/symbol_layer_tweaker.cpp.o[32m[39m
[33mclang++: warning: argument unused during compilation: '--gcc-toolchain=/Applications/DevEco-Studio.app/Contents/sdk/default/openharmony/native/llvm' [-Wunused-command-line-argument][33m[39m
[32m[49/605] Building CXX object maplibre/CMakeFiles/mbgl-core.dir/src/mbgl/shaders/shader_program_base.cpp.o[32m[39m
[33mclang++: warning: argument unused during compilation: '--gcc-toolchain=/Applications/DevEco-Studio.app/Contents/sdk/default/openharmony/native/llvm' [-Wunused-command-line-argument][33m[39m
[32m[50/605] Building CXX object maplibre/CMakeFiles/mbgl-core.dir/src/mbgl/geometry/line_atlas.cpp.o[32m[39m
[33mclang++: warning: argument unused during compilation: '--gcc-toolchain=/Applications/DevEco-Studio.app/Contents/sdk/default/openharmony/native/llvm' [-Wunused-command-line-argument][33m[39m
[32m[51/605] Building CXX object maplibre/CMakeFiles/mbgl-core.dir/src/mbgl/renderer/layers/collision_layer_tweaker.cpp.o[32m[39m
[33mclang++: warning: argument unused during compilation: '--gcc-toolchain=/Applications/DevEco-Studio.app/Contents/sdk/default/openharmony/native/llvm' [-Wunused-command-line-argument][33m[39m
[32m[52/605] Building CXX object maplibre/CMakeFiles/mbgl-core.dir/src/mbgl/gfx/renderer_backend.cpp.o[32m[39m
[33mclang++: warning: argument unused during compilation: '--gcc-toolchain=/Applications/DevEco-Studio.app/Contents/sdk/default/openharmony/native/llvm' [-Wunused-command-line-argument][33m[39m
[32m[53/605] Building CXX object maplibre/CMakeFiles/mbgl-core.dir/src/mbgl/gfx/shader_group.cpp.o[32m[39m
[33mclang++: warning: argument unused during compilation: '--gcc-toolchain=/Applications/DevEco-Studio.app/Contents/sdk/default/openharmony/native/llvm' [-Wunused-command-line-argument][33m[39m
[32m[54/605] Building CXX object maplibre/CMakeFiles/mbgl-core.dir/src/mbgl/gfx/shader_registry.cpp.o[32m[39m
[33mclang++: warning: argument unused during compilation: '--gcc-toolchain=/Applications/DevEco-Studio.app/Contents/sdk/default/openharmony/native/llvm' [-Wunused-command-line-argument][33m[39m
[32m[55/605] Building CXX object maplibre/CMakeFiles/mbgl-core.dir/src/mbgl/annotation/render_annotation_source.cpp.o[32m[39m
[33mclang++: warning: argument unused during compilation: '--gcc-toolchain=/Applications/DevEco-Studio.app/Contents/sdk/default/openharmony/native/llvm' [-Wunused-command-line-argument][33m[39m
[32m[56/605] Building CXX object maplibre/CMakeFiles/mbgl-core.dir/src/mbgl/annotation/annotation_source.cpp.o[32m[39m
[33mclang++: warning: argument unused during compilation: '--gcc-toolchain=/Applications/DevEco-Studio.app/Contents/sdk/default/openharmony/native/llvm' [-Wunused-command-line-argument][33m[39m
[32m[57/605] Building CXX object maplibre/CMakeFiles/mbgl-core.dir/src/mbgl/gfx/rendering_stats.cpp.o[32m[39m
[33mclang++: warning: argument unused during compilation: '--gcc-toolchain=/Applications/DevEco-Studio.app/Contents/sdk/default/openharmony/native/llvm' [-Wunused-command-line-argument][33m[39m
[32m[58/605] Building CXX object maplibre/CMakeFiles/mbgl-core.dir/src/mbgl/gfx/polyline_generator.cpp.o[32m[39m
[33mclang++: warning: argument unused during compilation: '--gcc-toolchain=/Applications/DevEco-Studio.app/Contents/sdk/default/openharmony/native/llvm' [-Wunused-command-line-argument][33m[39m
[32m[59/605] Building CXX object maplibre/CMakeFiles/mbgl-core.dir/src/mbgl/geometry/feature_index.cpp.o[32m[39m
[33mclang++: warning: argument unused during compilation: '--gcc-toolchain=/Applications/DevEco-Studio.app/Contents/sdk/default/openharmony/native/llvm' [-Wunused-command-line-argument][33m[39m
[32m[60/605] Building CXX object maplibre/CMakeFiles/mbgl-core.dir/src/mbgl/layermanager/background_layer_factory.cpp.o[32m[39m
[33mclang++: warning: argument unused during compilation: '--gcc-toolchain=/Applications/DevEco-Studio.app/Contents/sdk/default/openharmony/native/llvm' [-Wunused-command-line-argument][33m[39m
[32m[61/605] Building CXX object maplibre/CMakeFiles/mbgl-core.dir/src/mbgl/annotation/fill_annotation_impl.cpp.o[32m[39m
[33mclang++: warning: argument unused during compilation: '--gcc-toolchain=/Applications/DevEco-Studio.app/Contents/sdk/default/openharmony/native/llvm' [-Wunused-command-line-argument][33m[39m
[32m[62/605] Building CXX object maplibre/CMakeFiles/mbgl-core.dir/src/mbgl/gfx/fill_generator.cpp.o[32m[39m
[33mclang++: warning: argument unused during compilation: '--gcc-toolchain=/Applications/DevEco-Studio.app/Contents/sdk/default/openharmony/native/llvm' [-Wunused-command-line-argument][33m[39m
[32m[63/605] Building CXX object maplibre/CMakeFiles/mbgl-core.dir/src/mbgl/annotation/line_annotation_impl.cpp.o[32m[39m
[33mclang++: warning: argument unused during compilation: '--gcc-toolchain=/Applications/DevEco-Studio.app/Contents/sdk/default/openharmony/native/llvm' [-Wunused-command-line-argument][33m[39m
[32m[64/605] Building CXX object maplibre/CMakeFiles/mbgl-core.dir/src/mbgl/annotation/symbol_annotation_impl.cpp.o[32m[39m
[33mclang++: warning: argument unused during compilation: '--gcc-toolchain=/Applications/DevEco-Studio.app/Contents/sdk/default/openharmony/native/llvm' [-Wunused-command-line-argument][33m[39m
[32m[65/605] Building CXX object maplibre/CMakeFiles/mbgl-core.dir/src/mbgl/annotation/annotation_tile.cpp.o[32m[39m
[33mclang++: warning: argument unused during compilation: '--gcc-toolchain=/Applications/DevEco-Studio.app/Contents/sdk/default/openharmony/native/llvm' [-Wunused-command-line-argument][33m[39m
[32m[66/605] Building CXX object maplibre/CMakeFiles/mbgl-core.dir/src/mbgl/layermanager/layer_factory.cpp.o[32m[39m
[33mclang++: warning: argument unused during compilation: '--gcc-toolchain=/Applications/DevEco-Studio.app/Contents/sdk/default/openharmony/native/llvm' [-Wunused-command-line-argument][33m[39m
[32m[67/605] Building CXX object maplibre/CMakeFiles/mbgl-core.dir/src/mbgl/layermanager/circle_layer_factory.cpp.o[32m[39m
[33mclang++: warning: argument unused during compilation: '--gcc-toolchain=/Applications/DevEco-Studio.app/Contents/sdk/default/openharmony/native/llvm' [-Wunused-command-line-argument][33m[39m
[32m[68/605] Building CXX object maplibre/CMakeFiles/mbgl-core.dir/src/mbgl/layermanager/fill_extrusion_layer_factory.cpp.o[32m[39m
[33mclang++: warning: argument unused during compilation: '--gcc-toolchain=/Applications/DevEco-Studio.app/Contents/sdk/default/openharmony/native/llvm' [-Wunused-command-line-argument][33m[39m
[32m[69/605] Building CXX object maplibre/CMakeFiles/mbgl-core.dir/src/mbgl/layermanager/heatmap_layer_factory.cpp.o[32m[39m
[33mclang++: warning: argument unused during compilation: '--gcc-toolchain=/Applications/DevEco-Studio.app/Contents/sdk/default/openharmony/native/llvm' [-Wunused-command-line-argument][33m[39m
[32m[70/605] Building CXX object maplibre/CMakeFiles/mbgl-core.dir/src/mbgl/layermanager/hillshade_layer_factory.cpp.o[32m[39m
[33mclang++: warning: argument unused during compilation: '--gcc-toolchain=/Applications/DevEco-Studio.app/Contents/sdk/default/openharmony/native/llvm' [-Wunused-command-line-argument][33m[39m
[32m[71/605] Building CXX object maplibre/CMakeFiles/mbgl-core.dir/src/mbgl/layermanager/layer_manager.cpp.o[32m[39m
[33mclang++: warning: argument unused during compilation: '--gcc-toolchain=/Applications/DevEco-Studio.app/Contents/sdk/default/openharmony/native/llvm' [-Wunused-command-line-argument][33m[39m
[32m[72/605] Building CXX object maplibre/CMakeFiles/mbgl-core.dir/src/mbgl/layermanager/fill_layer_factory.cpp.o[32m[39m
[33mclang++: warning: argument unused during compilation: '--gcc-toolchain=/Applications/DevEco-Studio.app/Contents/sdk/default/openharmony/native/llvm' [-Wunused-command-line-argument][33m[39m
[32m[73/605] Building CXX object maplibre/CMakeFiles/mbgl-core.dir/src/mbgl/annotation/shape_annotation_impl.cpp.o[32m[39m
[33mclang++: warning: argument unused during compilation: '--gcc-toolchain=/Applications/DevEco-Studio.app/Contents/sdk/default/openharmony/native/llvm' [-Wunused-command-line-argument][33m[39m
[32m[74/605] Building CXX object maplibre/CMakeFiles/mbgl-core.dir/src/mbgl/layout/clip_lines.cpp.o[32m[39m
[33mclang++: warning: argument unused during compilation: '--gcc-toolchain=/Applications/DevEco-Studio.app/Contents/sdk/default/openharmony/native/llvm' [-Wunused-command-line-argument][33m[39m
[32m[75/605] Building CXX object maplibre/CMakeFiles/mbgl-core.dir/src/mbgl/layermanager/raster_layer_factory.cpp.o[32m[39m
[33mclang++: warning: argument unused during compilation: '--gcc-toolchain=/Applications/DevEco-Studio.app/Contents/sdk/default/openharmony/native/llvm' [-Wunused-command-line-argument][33m[39m
[32m[76/605] Building CXX object maplibre/CMakeFiles/mbgl-core.dir/src/mbgl/annotation/annotation_manager.cpp.o[32m[39m
[33mclang++: warning: argument unused during compilation: '--gcc-toolchain=/Applications/DevEco-Studio.app/Contents/sdk/default/openharmony/native/llvm' [-Wunused-command-line-argument][33m[39m
[32m[77/605] Building CXX object maplibre/CMakeFiles/mbgl-core.dir/src/mbgl/layermanager/location_indicator_layer_factory.cpp.o[32m[39m
[33mclang++: warning: argument unused during compilation: '--gcc-toolchain=/Applications/DevEco-Studio.app/Contents/sdk/default/openharmony/native/llvm' [-Wunused-command-line-argument][33m[39m
[32m[78/605] Building CXX object maplibre/CMakeFiles/mbgl-core.dir/src/mbgl/layout/merge_lines.cpp.o[32m[39m
[33mclang++: warning: argument unused during compilation: '--gcc-toolchain=/Applications/DevEco-Studio.app/Contents/sdk/default/openharmony/native/llvm' [-Wunused-command-line-argument][33m[39m
[32m[79/605] Building CXX object maplibre/CMakeFiles/mbgl-core.dir/src/mbgl/layermanager/line_layer_factory.cpp.o[32m[39m
[33mclang++: warning: argument unused during compilation: '--gcc-toolchain=/Applications/DevEco-Studio.app/Contents/sdk/default/openharmony/native/llvm' [-Wunused-command-line-argument][33m[39m
[32m[80/605] Building CXX object maplibre/CMakeFiles/mbgl-core.dir/src/mbgl/layermanager/symbol_layer_factory.cpp.o[32m[39m
[33mclang++: warning: argument unused during compilation: '--gcc-toolchain=/Applications/DevEco-Studio.app/Contents/sdk/default/openharmony/native/llvm' [-Wunused-command-line-argument][33m[39m
[32m[81/605] Building CXX object maplibre/CMakeFiles/mbgl-core.dir/src/mbgl/math/log2.cpp.o[32m[39m
[33mclang++: warning: argument unused during compilation: '--gcc-toolchain=/Applications/DevEco-Studio.app/Contents/sdk/default/openharmony/native/llvm' [-Wunused-command-line-argument][33m[39m
[32m[82/605] Building CXX object maplibre/CMakeFiles/mbgl-core.dir/src/mbgl/map/map_options.cpp.o[32m[39m
[33mclang++: warning: argument unused during compilation: '--gcc-toolchain=/Applications/DevEco-Studio.app/Contents/sdk/default/openharmony/native/llvm' [-Wunused-command-line-argument][33m[39m
[32m[83/605] Building CXX object maplibre/CMakeFiles/mbgl-core.dir/src/mbgl/style/layers/location_indicator_layer_impl.cpp.o[32m[39m
[33mclang++: warning: argument unused during compilation: '--gcc-toolchain=/Applications/DevEco-Studio.app/Contents/sdk/default/openharmony/native/llvm' [-Wunused-command-line-argument][33m[39m
[32m[84/605] Building CXX object maplibre/CMakeFiles/mbgl-core.dir/src/mbgl/style/layers/location_indicator_layer_properties.cpp.o[32m[39m
[33mclang++: warning: argument unused during compilation: '--gcc-toolchain=/Applications/DevEco-Studio.app/Contents/sdk/default/openharmony/native/llvm' [-Wunused-command-line-argument][33m[39m
[32m[85/605] Building CXX object maplibre/CMakeFiles/mbgl-core.dir/src/mbgl/style/layers/location_indicator_layer.cpp.o[32m[39m
[33mclang++: warning: argument unused during compilation: '--gcc-toolchain=/Applications/DevEco-Studio.app/Contents/sdk/default/openharmony/native/llvm' [-Wunused-command-line-argument][33m[39m
[32m[86/605] Building CXX object maplibre/CMakeFiles/mbgl-core.dir/src/mbgl/renderer/bucket_parameters.cpp.o[32m[39m
[33mclang++: warning: argument unused during compilation: '--gcc-toolchain=/Applications/DevEco-Studio.app/Contents/sdk/default/openharmony/native/llvm' [-Wunused-command-line-argument][33m[39m
[32m[87/605] Building CXX object maplibre/CMakeFiles/mbgl-core.dir/src/mbgl/renderer/backend_scope.cpp.o[32m[39m
[33mclang++: warning: argument unused during compilation: '--gcc-toolchain=/Applications/DevEco-Studio.app/Contents/sdk/default/openharmony/native/llvm' [-Wunused-command-line-argument][33m[39m
[32m[88/605] Building CXX object maplibre/CMakeFiles/mbgl-core.dir/src/mbgl/platform/settings.cpp.o[32m[39m
[33mclang++: warning: argument unused during compilation: '--gcc-toolchain=/Applications/DevEco-Studio.app/Contents/sdk/default/openharmony/native/llvm' [-Wunused-command-line-argument][33m[39m
[32m[89/605] Building CXX object maplibre/CMakeFiles/mbgl-core.dir/src/mbgl/layout/symbol_instance.cpp.o[32m[39m
[33mclang++: warning: argument unused during compilation: '--gcc-toolchain=/Applications/DevEco-Studio.app/Contents/sdk/default/openharmony/native/llvm' [-Wunused-command-line-argument][33m[39m
[32m[90/605] Building CXX object maplibre/CMakeFiles/mbgl-core.dir/src/mbgl/map/transform_state.cpp.o[32m[39m
[33mclang++: warning: argument unused during compilation: '--gcc-toolchain=/Applications/DevEco-Studio.app/Contents/sdk/default/openharmony/native/llvm' [-Wunused-command-line-argument][33m[39m
[32m[91/605] Building CXX object maplibre/CMakeFiles/mbgl-core.dir/src/mbgl/renderer/layers/render_location_indicator_layer.cpp.o[32m[39m
[33mclang++: warning: argument unused during compilation: '--gcc-toolchain=/Applications/DevEco-Studio.app/Contents/sdk/default/openharmony/native/llvm' [-Wunused-command-line-argument][33m[39m
[32m[92/605] Building CXX object maplibre/CMakeFiles/mbgl-core.dir/src/mbgl/map/transform.cpp.o[32m[39m
[33mclang++: warning: argument unused during compilation: '--gcc-toolchain=/Applications/DevEco-Studio.app/Contents/sdk/default/openharmony/native/llvm' [-Wunused-command-line-argument][33m[39m
[32m[93/605] Building CXX object maplibre/CMakeFiles/mbgl-core.dir/src/mbgl/layout/symbol_projection.cpp.o[32m[39m
[33mclang++: warning: argument unused during compilation: '--gcc-toolchain=/Applications/DevEco-Studio.app/Contents/sdk/default/openharmony/native/llvm' [-Wunused-command-line-argument][33m[39m
[32m[94/605] Building CXX object maplibre/CMakeFiles/mbgl-core.dir/src/mbgl/renderer/buckets/debug_bucket.cpp.o[32m[39m
[33mclang++: warning: argument unused during compilation: '--gcc-toolchain=/Applications/DevEco-Studio.app/Contents/sdk/default/openharmony/native/llvm' [-Wunused-command-line-argument][33m[39m
[32m[95/605] Building CXX object maplibre/CMakeFiles/mbgl-core.dir/src/mbgl/renderer/buckets/circle_bucket.cpp.o[32m[39m
[33mclang++: warning: argument unused during compilation: '--gcc-toolchain=/Applications/DevEco-Studio.app/Contents/sdk/default/openharmony/native/llvm' [-Wunused-command-line-argument][33m[39m
[32m[96/605] Building CXX object maplibre/CMakeFiles/mbgl-core.dir/src/mbgl/renderer/buckets/hillshade_bucket.cpp.o[32m[39m
[33mclang++: warning: argument unused during compilation: '--gcc-toolchain=/Applications/DevEco-Studio.app/Contents/sdk/default/openharmony/native/llvm' [-Wunused-command-line-argument][33m[39m
[32m[97/605] Building CXX object maplibre/CMakeFiles/mbgl-core.dir/src/mbgl/renderer/cross_faded_property_evaluator.cpp.o[32m[39m
[33mclang++: warning: argument unused during compilation: '--gcc-toolchain=/Applications/DevEco-Studio.app/Contents/sdk/default/openharmony/native/llvm' [-Wunused-command-line-argument][33m[39m
[32m[98/605] Building CXX object maplibre/CMakeFiles/mbgl-core.dir/src/mbgl/map/map_projection.cpp.o[32m[39m
[33mclang++: warning: argument unused during compilation: '--gcc-toolchain=/Applications/DevEco-Studio.app/Contents/sdk/default/openharmony/native/llvm' [-Wunused-command-line-argument][33m[39m
[32m[99/605] Building CXX object maplibre/CMakeFiles/mbgl-core.dir/src/mbgl/renderer/buckets/heatmap_bucket.cpp.o[32m[39m
[33mclang++: warning: argument unused during compilation: '--gcc-toolchain=/Applications/DevEco-Studio.app/Contents/sdk/default/openharmony/native/llvm' [-Wunused-command-line-argument][33m[39m
[32m[100/605] Building CXX object maplibre/CMakeFiles/mbgl-core.dir/src/mbgl/map/map.cpp.o[32m[39m
[33mclang++: warning: argument unused during compilation: '--gcc-toolchain=/Applications/DevEco-Studio.app/Contents/sdk/default/openharmony/native/llvm' [-Wunused-command-line-argument][33m[39m
[32m[101/605] Building CXX object maplibre/CMakeFiles/mbgl-core.dir/src/mbgl/renderer/buckets/raster_bucket.cpp.o[32m[39m
[33mclang++: warning: argument unused during compilation: '--gcc-toolchain=/Applications/DevEco-Studio.app/Contents/sdk/default/openharmony/native/llvm' [-Wunused-command-line-argument][33m[39m
[32m[102/605] Building CXX object maplibre/CMakeFiles/mbgl-core.dir/src/mbgl/map/map_impl.cpp.o[32m[39m
[33mclang++: warning: argument unused during compilation: '--gcc-toolchain=/Applications/DevEco-Studio.app/Contents/sdk/default/openharmony/native/llvm' [-Wunused-command-line-argument][33m[39m
[32m[103/605] Building CXX object maplibre/CMakeFiles/mbgl-core.dir/src/mbgl/renderer/buckets/fill_bucket.cpp.o[32m[39m
[33mclang++: warning: argument unused during compilation: '--gcc-toolchain=/Applications/DevEco-Studio.app/Contents/sdk/default/openharmony/native/llvm' [-Wunused-command-line-argument][33m[39m
[32m[104/605] Building CXX object maplibre/CMakeFiles/mbgl-core.dir/src/mbgl/renderer/group_by_layout.cpp.o[32m[39m
[33mclang++: warning: argument unused during compilation: '--gcc-toolchain=/Applications/DevEco-Studio.app/Contents/sdk/default/openharmony/native/llvm' [-Wunused-command-line-argument][33m[39m
[32m[105/605] Building CXX object maplibre/CMakeFiles/mbgl-core.dir/src/mbgl/renderer/buckets/fill_extrusion_bucket.cpp.o[32m[39m
[33mclang++: warning: argument unused during compilation: '--gcc-toolchain=/Applications/DevEco-Studio.app/Contents/sdk/default/openharmony/native/llvm' [-Wunused-command-line-argument][33m[39m
[32m[106/605] Building CXX object maplibre/CMakeFiles/mbgl-core.dir/src/mbgl/renderer/buckets/line_bucket.cpp.o[32m[39m
[33mclang++: warning: argument unused during compilation: '--gcc-toolchain=/Applications/DevEco-Studio.app/Contents/sdk/default/openharmony/native/llvm' [-Wunused-command-line-argument][33m[39m
[32m[107/605] Building CXX object maplibre/CMakeFiles/mbgl-core.dir/src/mbgl/layout/symbol_layout.cpp.o[32m[39m
[33mclang++: warning: argument unused during compilation: '--gcc-toolchain=/Applications/DevEco-Studio.app/Contents/sdk/default/openharmony/native/llvm' [-Wunused-command-line-argument][33m[39m
[32m[108/605] Building CXX object maplibre/CMakeFiles/mbgl-core.dir/src/mbgl/renderer/image_manager.cpp.o[32m[39m
[33mclang++: warning: argument unused during compilation: '--gcc-toolchain=/Applications/DevEco-Studio.app/Contents/sdk/default/openharmony/native/llvm' [-Wunused-command-line-argument][33m[39m
[32m[109/605] Building CXX object maplibre/CMakeFiles/mbgl-core.dir/src/mbgl/renderer/buckets/symbol_bucket.cpp.o[32m[39m
[33mclang++: warning: argument unused during compilation: '--gcc-toolchain=/Applications/DevEco-Studio.app/Contents/sdk/default/openharmony/native/llvm' [-Wunused-command-line-argument][33m[39m
[32m[110/605] Building CXX object maplibre/CMakeFiles/mbgl-core.dir/src/mbgl/renderer/pattern_atlas.cpp.o[32m[39m
[33mclang++: warning: argument unused during compilation: '--gcc-toolchain=/Applications/DevEco-Studio.app/Contents/sdk/default/openharmony/native/llvm' [-Wunused-command-line-argument][33m[39m
[32m[111/605] Building CXX object maplibre/CMakeFiles/mbgl-core.dir/src/mbgl/renderer/render_light.cpp.o[32m[39m
[33mclang++: warning: argument unused during compilation: '--gcc-toolchain=/Applications/DevEco-Studio.app/Contents/sdk/default/openharmony/native/llvm' [-Wunused-command-line-argument][33m[39m
[32m[112/605] Building CXX object maplibre/CMakeFiles/mbgl-core.dir/src/mbgl/renderer/layers/render_background_layer.cpp.o[32m[39m
[33mclang++: warning: argument unused during compilation: '--gcc-toolchain=/Applications/DevEco-Studio.app/Contents/sdk/default/openharmony/native/llvm' [-Wunused-command-line-argument][33m[39m
[32m[113/605] Building CXX object maplibre/CMakeFiles/mbgl-core.dir/src/mbgl/renderer/layers/render_raster_layer.cpp.o[32m[39m
[33mclang++: warning: argument unused during compilation: '--gcc-toolchain=/Applications/DevEco-Studio.app/Contents/sdk/default/openharmony/native/llvm' [-Wunused-command-line-argument][33m[39m
[32m[114/605] Building CXX object maplibre/CMakeFiles/mbgl-core.dir/src/mbgl/renderer/layers/render_circle_layer.cpp.o[32m[39m
[33mclang++: warning: argument unused during compilation: '--gcc-toolchain=/Applications/DevEco-Studio.app/Contents/sdk/default/openharmony/native/llvm' [-Wunused-command-line-argument][33m[39m
[32m[115/605] Building CXX object maplibre/CMakeFiles/mbgl-core.dir/src/mbgl/renderer/layers/render_heatmap_layer.cpp.o[32m[39m
[33mclang++: warning: argument unused during compilation: '--gcc-toolchain=/Applications/DevEco-Studio.app/Contents/sdk/default/openharmony/native/llvm' [-Wunused-command-line-argument][33m[39m
[32m[116/605] Building CXX object maplibre/CMakeFiles/mbgl-core.dir/src/mbgl/renderer/render_layer.cpp.o[32m[39m
[33mclang++: warning: argument unused during compilation: '--gcc-toolchain=/Applications/DevEco-Studio.app/Contents/sdk/default/openharmony/native/llvm' [-Wunused-command-line-argument][33m[39m
[32m[117/605] Building CXX object maplibre/CMakeFiles/mbgl-core.dir/src/mbgl/renderer/layers/render_hillshade_layer.cpp.o[32m[39m
[33mclang++: warning: argument unused during compilation: '--gcc-toolchain=/Applications/DevEco-Studio.app/Contents/sdk/default/openharmony/native/llvm' [-Wunused-command-line-argument][33m[39m
[32m[118/605] Building CXX object maplibre/CMakeFiles/mbgl-core.dir/src/mbgl/renderer/layers/render_fill_layer.cpp.o[32m[39m
[33mclang++: warning: argument unused during compilation: '--gcc-toolchain=/Applications/DevEco-Studio.app/Contents/sdk/default/openharmony/native/llvm' [-Wunused-command-line-argument][33m[39m
[32m[119/605] Building CXX object maplibre/CMakeFiles/mbgl-core.dir/src/mbgl/renderer/layers/render_fill_extrusion_layer.cpp.o[32m[39m
[33mclang++: warning: argument unused during compilation: '--gcc-toolchain=/Applications/DevEco-Studio.app/Contents/sdk/default/openharmony/native/llvm' [-Wunused-command-line-argument][33m[39m
[32m[120/605] Building CXX object maplibre/CMakeFiles/mbgl-core.dir/src/mbgl/renderer/layers/render_line_layer.cpp.o[32m[39m
[33mclang++: warning: argument unused during compilation: '--gcc-toolchain=/Applications/DevEco-Studio.app/Contents/sdk/default/openharmony/native/llvm' [-Wunused-command-line-argument][33m[39m
[32m[121/605] Building CXX object maplibre/CMakeFiles/mbgl-core.dir/src/mbgl/renderer/render_source.cpp.o[32m[39m
[33mclang++: warning: argument unused during compilation: '--gcc-toolchain=/Applications/DevEco-Studio.app/Contents/sdk/default/openharmony/native/llvm' [-Wunused-command-line-argument][33m[39m
[32m[122/605] Building CXX object maplibre/CMakeFiles/mbgl-core.dir/src/mbgl/renderer/paint_parameters.cpp.o[32m[39m
[33mclang++: warning: argument unused during compilation: '--gcc-toolchain=/Applications/DevEco-Studio.app/Contents/sdk/default/openharmony/native/llvm' [-Wunused-command-line-argument][33m[39m
[32m[123/605] Building CXX object maplibre/CMakeFiles/mbgl-core.dir/src/mbgl/renderer/renderer_state.cpp.o[32m[39m
[33mclang++: warning: argument unused during compilation: '--gcc-toolchain=/Applications/DevEco-Studio.app/Contents/sdk/default/openharmony/native/llvm' [-Wunused-command-line-argument][33m[39m
[32m[124/605] Building CXX object maplibre/CMakeFiles/mbgl-core.dir/src/mbgl/renderer/layers/render_symbol_layer.cpp.o[32m[39m
[33mclang++: warning: argument unused during compilation: '--gcc-toolchain=/Applications/DevEco-Studio.app/Contents/sdk/default/openharmony/native/llvm' [-Wunused-command-line-argument][33m[39m
[32m[125/605] Building CXX object maplibre/CMakeFiles/mbgl-core.dir/src/mbgl/renderer/render_static_data.cpp.o[32m[39m
[33mclang++: warning: argument unused during compilation: '--gcc-toolchain=/Applications/DevEco-Studio.app/Contents/sdk/default/openharmony/native/llvm' [-Wunused-command-line-argument][33m[39m
[32m[126/605] Building CXX object maplibre/CMakeFiles/mbgl-core.dir/src/mbgl/renderer/render_tile.cpp.o[32m[39m
[33mclang++: warning: argument unused during compilation: '--gcc-toolchain=/Applications/DevEco-Studio.app/Contents/sdk/default/openharmony/native/llvm' [-Wunused-command-line-argument][33m[39m
[32m[127/605] Building CXX object maplibre/CMakeFiles/mbgl-core.dir/src/mbgl/renderer/sources/render_custom_geometry_source.cpp.o[32m[39m
[33mclang++: warning: argument unused during compilation: '--gcc-toolchain=/Applications/DevEco-Studio.app/Contents/sdk/default/openharmony/native/llvm' [-Wunused-command-line-argument][33m[39m
[32m[128/605] Building CXX object maplibre/CMakeFiles/mbgl-core.dir/src/mbgl/renderer/sources/render_geojson_source.cpp.o[32m[39m
[33mclang++: warning: argument unused during compilation: '--gcc-toolchain=/Applications/DevEco-Studio.app/Contents/sdk/default/openharmony/native/llvm' [-Wunused-command-line-argument][33m[39m
[32m[129/605] Building CXX object maplibre/CMakeFiles/mbgl-core.dir/src/mbgl/renderer/sources/render_raster_source.cpp.o[32m[39m
[33mclang++: warning: argument unused during compilation: '--gcc-toolchain=/Applications/DevEco-Studio.app/Contents/sdk/default/openharmony/native/llvm' [-Wunused-command-line-argument][33m[39m
[32m[130/605] Building CXX object maplibre/CMakeFiles/mbgl-core.dir/src/mbgl/renderer/source_state.cpp.o[32m[39m
[33mclang++: warning: argument unused during compilation: '--gcc-toolchain=/Applications/DevEco-Studio.app/Contents/sdk/default/openharmony/native/llvm' [-Wunused-command-line-argument][33m[39m
[32m[131/605] Building CXX object maplibre/CMakeFiles/mbgl-core.dir/src/mbgl/shaders/shader_source.cpp.o[32m[39m
[33mclang++: warning: argument unused during compilation: '--gcc-toolchain=/Applications/DevEco-Studio.app/Contents/sdk/default/openharmony/native/llvm' [-Wunused-command-line-argument][33m[39m
[32m[132/605] Building CXX object maplibre/CMakeFiles/mbgl-core.dir/src/mbgl/renderer/sources/render_image_source.cpp.o[32m[39m
[33mclang++: warning: argument unused during compilation: '--gcc-toolchain=/Applications/DevEco-Studio.app/Contents/sdk/default/openharmony/native/llvm' [-Wunused-command-line-argument][33m[39m
[32m[133/605] Building CXX object maplibre/CMakeFiles/mbgl-core.dir/src/mbgl/renderer/renderer_impl.cpp.o[32m[39m
[33mclang++: warning: argument unused during compilation: '--gcc-toolchain=/Applications/DevEco-Studio.app/Contents/sdk/default/openharmony/native/llvm' [-Wunused-command-line-argument][33m[39m
[32m[134/605] Building CXX object maplibre/CMakeFiles/mbgl-core.dir/src/mbgl/renderer/sources/render_raster_dem_source.cpp.o[32m[39m
[33mclang++: warning: argument unused during compilation: '--gcc-toolchain=/Applications/DevEco-Studio.app/Contents/sdk/default/openharmony/native/llvm' [-Wunused-command-line-argument][33m[39m
[32m[135/605] Building CXX object maplibre/CMakeFiles/mbgl-core.dir/src/mbgl/shaders/program_parameters.cpp.o[32m[39m
[33mclang++: warning: argument unused during compilation: '--gcc-toolchain=/Applications/DevEco-Studio.app/Contents/sdk/default/openharmony/native/llvm' [-Wunused-command-line-argument][33m[39m
[32m[136/605] Building CXX object maplibre/CMakeFiles/mbgl-core.dir/src/mbgl/storage/network_status.cpp.o[32m[39m
[33mclang++: warning: argument unused during compilation: '--gcc-toolchain=/Applications/DevEco-Studio.app/Contents/sdk/default/openharmony/native/llvm' [-Wunused-command-line-argument][33m[39m
[32m[137/605] Building CXX object maplibre/CMakeFiles/mbgl-core.dir/src/mbgl/renderer/style_diff.cpp.o[32m[39m
[33mclang++: warning: argument unused during compilation: '--gcc-toolchain=/Applications/DevEco-Studio.app/Contents/sdk/default/openharmony/native/llvm' [-Wunused-command-line-argument][33m[39m
[32m[138/605] Building CXX object maplibre/CMakeFiles/mbgl-core.dir/src/mbgl/renderer/sources/render_vector_source.cpp.o[32m[39m
[33mclang++: warning: argument unused during compilation: '--gcc-toolchain=/Applications/DevEco-Studio.app/Contents/sdk/default/openharmony/native/llvm' [-Wunused-command-line-argument][33m[39m
[32m[139/605] Building CXX object maplibre/CMakeFiles/mbgl-core.dir/src/mbgl/renderer/tile_render_data.cpp.o[32m[39m
[33mclang++: warning: argument unused during compilation: '--gcc-toolchain=/Applications/DevEco-Studio.app/Contents/sdk/default/openharmony/native/llvm' [-Wunused-command-line-argument][33m[39m
[32m[140/605] Building CXX object maplibre/CMakeFiles/mbgl-core.dir/src/mbgl/storage/resource_options.cpp.o[32m[39m
[33mclang++: warning: argument unused during compilation: '--gcc-toolchain=/Applications/DevEco-Studio.app/Contents/sdk/default/openharmony/native/llvm' [-Wunused-command-line-argument][33m[39m
[32m[141/605] Building CXX object maplibre/CMakeFiles/mbgl-core.dir/src/mbgl/sprite/sprite_parser.cpp.o[32m[39m
[33mclang++: warning: argument unused during compilation: '--gcc-toolchain=/Applications/DevEco-Studio.app/Contents/sdk/default/openharmony/native/llvm' [-Wunused-command-line-argument][33m[39m
[32m[142/605] Building CXX object maplibre/CMakeFiles/mbgl-core.dir/src/mbgl/storage/response.cpp.o[32m[39m
[33mclang++: warning: argument unused during compilation: '--gcc-toolchain=/Applications/DevEco-Studio.app/Contents/sdk/default/openharmony/native/llvm' [-Wunused-command-line-argument][33m[39m
[32m[143/605] Building CXX object maplibre/CMakeFiles/mbgl-core.dir/src/mbgl/storage/resource.cpp.o[32m[39m
[33mclang++: warning: argument unused during compilation: '--gcc-toolchain=/Applications/DevEco-Studio.app/Contents/sdk/default/openharmony/native/llvm' [-Wunused-command-line-argument][33m[39m
[32m[144/605] Building CXX object maplibre/CMakeFiles/mbgl-core.dir/src/mbgl/storage/file_source_manager.cpp.o[32m[39m
[33mclang++: warning: argument unused during compilation: '--gcc-toolchain=/Applications/DevEco-Studio.app/Contents/sdk/default/openharmony/native/llvm' [-Wunused-command-line-argument][33m[39m
[32m[145/605] Building CXX object maplibre/CMakeFiles/mbgl-core.dir/src/mbgl/sprite/sprite_loader.cpp.o[32m[39m
[33mclang++: warning: argument unused during compilation: '--gcc-toolchain=/Applications/DevEco-Studio.app/Contents/sdk/default/openharmony/native/llvm' [-Wunused-command-line-argument][33m[39m
[32m[146/605] Building CXX object maplibre/CMakeFiles/mbgl-core.dir/src/mbgl/storage/resource_transform.cpp.o[32m[39m
[33mclang++: warning: argument unused during compilation: '--gcc-toolchain=/Applications/DevEco-Studio.app/Contents/sdk/default/openharmony/native/llvm' [-Wunused-command-line-argument][33m[39m
[32m[147/605] Building CXX object maplibre/CMakeFiles/mbgl-core.dir/src/mbgl/renderer/tile_pyramid.cpp.o[32m[39m
[33mclang++: warning: argument unused during compilation: '--gcc-toolchain=/Applications/DevEco-Studio.app/Contents/sdk/default/openharmony/native/llvm' [-Wunused-command-line-argument][33m[39m
[32m[148/605] Building CXX object maplibre/CMakeFiles/mbgl-core.dir/src/mbgl/renderer/sources/render_tile_source.cpp.o[32m[39m
[33mclang++: warning: argument unused during compilation: '--gcc-toolchain=/Applications/DevEco-Studio.app/Contents/sdk/default/openharmony/native/llvm' [-Wunused-command-line-argument][33m[39m
[32m[149/605] Building CXX object maplibre/CMakeFiles/mbgl-core.dir/src/mbgl/style/conversion/color_ramp_property_value.cpp.o[32m[39m
[33mclang++: warning: argument unused during compilation: '--gcc-toolchain=/Applications/DevEco-Studio.app/Contents/sdk/default/openharmony/native/llvm' [-Wunused-command-line-argument][33m[39m
[32m[150/605] Building CXX object maplibre/CMakeFiles/mbgl-core.dir/src/mbgl/style/conversion/coordinate.cpp.o[32m[39m
[33mclang++: warning: argument unused during compilation: '--gcc-toolchain=/Applications/DevEco-Studio.app/Contents/sdk/default/openharmony/native/llvm' [-Wunused-command-line-argument][33m[39m
[32m[151/605] Building CXX object maplibre/CMakeFiles/mbgl-core.dir/src/mbgl/style/conversion/sprite.cpp.o[32m[39m
[33mclang++: warning: argument unused during compilation: '--gcc-toolchain=/Applications/DevEco-Studio.app/Contents/sdk/default/openharmony/native/llvm' [-Wunused-command-line-argument][33m[39m
[32m[152/605] Building CXX object maplibre/CMakeFiles/mbgl-core.dir/src/mbgl/style/conversion/custom_geometry_source_options.cpp.o[32m[39m
[33mclang++: warning: argument unused during compilation: '--gcc-toolchain=/Applications/DevEco-Studio.app/Contents/sdk/default/openharmony/native/llvm' [-Wunused-command-line-argument][33m[39m
[32m[153/605] Building CXX object maplibre/CMakeFiles/mbgl-core.dir/src/mbgl/renderer/renderer.cpp.o[32m[39m
[33mclang++: warning: argument unused during compilation: '--gcc-toolchain=/Applications/DevEco-Studio.app/Contents/sdk/default/openharmony/native/llvm' [-Wunused-command-line-argument][33m[39m
[32m[154/605] Building CXX object maplibre/CMakeFiles/mbgl-core.dir/src/mbgl/style/conversion/constant.cpp.o[32m[39m
[33mclang++: warning: argument unused during compilation: '--gcc-toolchain=/Applications/DevEco-Studio.app/Contents/sdk/default/openharmony/native/llvm' [-Wunused-command-line-argument][33m[39m
[32m[155/605] Building CXX object maplibre/CMakeFiles/mbgl-core.dir/src/mbgl/style/conversion/get_json_type.cpp.o[32m[39m
[33mclang++: warning: argument unused during compilation: '--gcc-toolchain=/Applications/DevEco-Studio.app/Contents/sdk/default/openharmony/native/llvm' [-Wunused-command-line-argument][33m[39m
[32m[156/605] Building CXX object maplibre/CMakeFiles/mbgl-core.dir/src/mbgl/renderer/render_orchestrator.cpp.o[32m[39m
[33mclang++: warning: argument unused during compilation: '--gcc-toolchain=/Applications/DevEco-Studio.app/Contents/sdk/default/openharmony/native/llvm' [-Wunused-command-line-argument][33m[39m
[32m[157/605] Building CXX object maplibre/CMakeFiles/mbgl-core.dir/src/mbgl/style/conversion/geojson_options.cpp.o[32m[39m
[33mclang++: warning: argument unused during compilation: '--gcc-toolchain=/Applications/DevEco-Studio.app/Contents/sdk/default/openharmony/native/llvm' [-Wunused-command-line-argument][33m[39m
[32m[158/605] Building CXX object maplibre/CMakeFiles/mbgl-core.dir/src/mbgl/style/conversion/filter.cpp.o[32m[39m
[33mclang++: warning: argument unused during compilation: '--gcc-toolchain=/Applications/DevEco-Studio.app/Contents/sdk/default/openharmony/native/llvm' [-Wunused-command-line-argument][33m[39m
[32m[159/605] Building CXX object maplibre/CMakeFiles/mbgl-core.dir/src/mbgl/style/conversion/geojson.cpp.o[32m[39m
[33mclang++: warning: argument unused during compilation: '--gcc-toolchain=/Applications/DevEco-Studio.app/Contents/sdk/default/openharmony/native/llvm' [-Wunused-command-line-argument][33m[39m
[32m[160/605] Building CXX object maplibre/CMakeFiles/mbgl-core.dir/src/mbgl/style/conversion/layer.cpp.o[32m[39m
[33mclang++: warning: argument unused during compilation: '--gcc-toolchain=/Applications/DevEco-Studio.app/Contents/sdk/default/openharmony/native/llvm' [-Wunused-command-line-argument][33m[39m
[32m[161/605] Building CXX object maplibre/CMakeFiles/mbgl-core.dir/src/mbgl/style/conversion/light.cpp.o[32m[39m
[33mclang++: warning: argument unused during compilation: '--gcc-toolchain=/Applications/DevEco-Studio.app/Contents/sdk/default/openharmony/native/llvm' [-Wunused-command-line-argument][33m[39m
[32m[162/605] Building CXX object maplibre/CMakeFiles/mbgl-core.dir/src/mbgl/style/conversion/position.cpp.o[32m[39m
[33mclang++: warning: argument unused during compilation: '--gcc-toolchain=/Applications/DevEco-Studio.app/Contents/sdk/default/openharmony/native/llvm' [-Wunused-command-line-argument][33m[39m
[32m[163/605] Building CXX object maplibre/CMakeFiles/mbgl-core.dir/src/mbgl/style/conversion/raster_dem_options.cpp.o[32m[39m
[33mclang++: warning: argument unused during compilation: '--gcc-toolchain=/Applications/DevEco-Studio.app/Contents/sdk/default/openharmony/native/llvm' [-Wunused-command-line-argument][33m[39m
[32m[164/605] Building CXX object maplibre/CMakeFiles/mbgl-core.dir/src/mbgl/style/conversion/rotation.cpp.o[32m[39m
[33mclang++: warning: argument unused during compilation: '--gcc-toolchain=/Applications/DevEco-Studio.app/Contents/sdk/default/openharmony/native/llvm' [-Wunused-command-line-argument][33m[39m
[32m[165/605] Building CXX object maplibre/CMakeFiles/mbgl-core.dir/src/mbgl/style/expression/check_subtype.cpp.o[32m[39m
[33mclang++: warning: argument unused during compilation: '--gcc-toolchain=/Applications/DevEco-Studio.app/Contents/sdk/default/openharmony/native/llvm' [-Wunused-command-line-argument][33m[39m
[32m[166/605] Building CXX object maplibre/CMakeFiles/mbgl-core.dir/src/mbgl/style/conversion/tileset.cpp.o[32m[39m
[33mclang++: warning: argument unused during compilation: '--gcc-toolchain=/Applications/DevEco-Studio.app/Contents/sdk/default/openharmony/native/llvm' [-Wunused-command-line-argument][33m[39m
[32m[167/605] Building CXX object maplibre/CMakeFiles/mbgl-core.dir/src/mbgl/style/expression/collator.cpp.o[32m[39m
[33mclang++: warning: argument unused during compilation: '--gcc-toolchain=/Applications/DevEco-Studio.app/Contents/sdk/default/openharmony/native/llvm' [-Wunused-command-line-argument][33m[39m
[32m[168/605] Building CXX object maplibre/CMakeFiles/mbgl-core.dir/src/mbgl/style/conversion/transition_options.cpp.o[32m[39m
[33mclang++: warning: argument unused during compilation: '--gcc-toolchain=/Applications/DevEco-Studio.app/Contents/sdk/default/openharmony/native/llvm' [-Wunused-command-line-argument][33m[39m
[32m[169/605] Building CXX object maplibre/CMakeFiles/mbgl-core.dir/src/mbgl/style/conversion/source.cpp.o[32m[39m
[33mclang++: warning: argument unused during compilation: '--gcc-toolchain=/Applications/DevEco-Studio.app/Contents/sdk/default/openharmony/native/llvm' [-Wunused-command-line-argument][33m[39m
[32m[170/605] Building CXX object maplibre/CMakeFiles/mbgl-core.dir/src/mbgl/style/expression/at.cpp.o[32m[39m
[33mclang++: warning: argument unused during compilation: '--gcc-toolchain=/Applications/DevEco-Studio.app/Contents/sdk/default/openharmony/native/llvm' [-Wunused-command-line-argument][33m[39m
[32m[171/605] Building CXX object maplibre/CMakeFiles/mbgl-core.dir/src/mbgl/style/expression/case.cpp.o[32m[39m
[33mclang++: warning: argument unused during compilation: '--gcc-toolchain=/Applications/DevEco-Studio.app/Contents/sdk/default/openharmony/native/llvm' [-Wunused-command-line-argument][33m[39m
[32m[172/605] Building CXX object maplibre/CMakeFiles/mbgl-core.dir/src/mbgl/style/expression/boolean_operator.cpp.o[32m[39m
[33mclang++: warning: argument unused during compilation: '--gcc-toolchain=/Applications/DevEco-Studio.app/Contents/sdk/default/openharmony/native/llvm' [-Wunused-command-line-argument][33m[39m
[32m[173/605] Building CXX object maplibre/CMakeFiles/mbgl-core.dir/src/mbgl/style/expression/assertion.cpp.o[32m[39m
[33mclang++: warning: argument unused during compilation: '--gcc-toolchain=/Applications/DevEco-Studio.app/Contents/sdk/default/openharmony/native/llvm' [-Wunused-command-line-argument][33m[39m
[32m[174/605] Building CXX object maplibre/CMakeFiles/mbgl-core.dir/src/mbgl/style/conversion/function.cpp.o[32m[39m
[33mclang++: warning: argument unused during compilation: '--gcc-toolchain=/Applications/DevEco-Studio.app/Contents/sdk/default/openharmony/native/llvm' [-Wunused-command-line-argument][33m[39m
[32m[175/605] Building CXX object maplibre/CMakeFiles/mbgl-core.dir/src/mbgl/style/conversion/property_value.cpp.o[32m[39m
[33mclang++: warning: argument unused during compilation: '--gcc-toolchain=/Applications/DevEco-Studio.app/Contents/sdk/default/openharmony/native/llvm' [-Wunused-command-line-argument][33m[39m
[32m[176/605] Building CXX object maplibre/CMakeFiles/mbgl-core.dir/src/mbgl/style/expression/coalesce.cpp.o[32m[39m
[33mclang++: warning: argument unused during compilation: '--gcc-toolchain=/Applications/DevEco-Studio.app/Contents/sdk/default/openharmony/native/llvm' [-Wunused-command-line-argument][33m[39m
[32m[177/605] Building CXX object maplibre/CMakeFiles/mbgl-core.dir/src/mbgl/style/expression/coercion.cpp.o[32m[39m
[33mclang++: warning: argument unused during compilation: '--gcc-toolchain=/Applications/DevEco-Studio.app/Contents/sdk/default/openharmony/native/llvm' [-Wunused-command-line-argument][33m[39m
[32m[178/605] Building CXX object maplibre/CMakeFiles/mbgl-core.dir/src/mbgl/style/expression/collator_expression.cpp.o[32m[39m
[33mclang++: warning: argument unused during compilation: '--gcc-toolchain=/Applications/DevEco-Studio.app/Contents/sdk/default/openharmony/native/llvm' [-Wunused-command-line-argument][33m[39m
[32m[179/605] Building CXX object maplibre/CMakeFiles/mbgl-core.dir/src/mbgl/style/expression/get_covering_stops.cpp.o[32m[39m
[33mclang++: warning: argument unused during compilation: '--gcc-toolchain=/Applications/DevEco-Studio.app/Contents/sdk/default/openharmony/native/llvm' [-Wunused-command-line-argument][33m[39m
[32m[180/605] Building CXX object maplibre/CMakeFiles/mbgl-core.dir/src/mbgl/style/custom_tile_loader.cpp.o[32m[39m
[33mclang++: warning: argument unused during compilation: '--gcc-toolchain=/Applications/DevEco-Studio.app/Contents/sdk/default/openharmony/native/llvm' [-Wunused-command-line-argument][33m[39m
[32m[181/605] Building CXX object maplibre/CMakeFiles/mbgl-core.dir/src/mbgl/style/expression/comparison.cpp.o[32m[39m
[33mclang++: warning: argument unused during compilation: '--gcc-toolchain=/Applications/DevEco-Studio.app/Contents/sdk/default/openharmony/native/llvm' [-Wunused-command-line-argument][33m[39m
[32m[182/605] Building CXX object maplibre/CMakeFiles/mbgl-core.dir/src/mbgl/style/expression/expression.cpp.o[32m[39m
[33mclang++: warning: argument unused during compilation: '--gcc-toolchain=/Applications/DevEco-Studio.app/Contents/sdk/default/openharmony/native/llvm' [-Wunused-command-line-argument][33m[39m
[32m[183/605] Building CXX object maplibre/CMakeFiles/mbgl-core.dir/src/mbgl/style/expression/find_zoom_curve.cpp.o[32m[39m
[33mclang++: warning: argument unused during compilation: '--gcc-toolchain=/Applications/DevEco-Studio.app/Contents/sdk/default/openharmony/native/llvm' [-Wunused-command-line-argument][33m[39m
[32m[184/605] Building CXX object maplibre/CMakeFiles/mbgl-core.dir/src/mbgl/style/expression/formatted.cpp.o[32m[39m
[33mclang++: warning: argument unused during compilation: '--gcc-toolchain=/Applications/DevEco-Studio.app/Contents/sdk/default/openharmony/native/llvm' [-Wunused-command-line-argument][33m[39m
[32m[185/605] Building CXX object maplibre/CMakeFiles/mbgl-core.dir/src/mbgl/style/expression/format_expression.cpp.o[32m[39m
[33mclang++: warning: argument unused during compilation: '--gcc-toolchain=/Applications/DevEco-Studio.app/Contents/sdk/default/openharmony/native/llvm' [-Wunused-command-line-argument][33m[39m
[32m[186/605] Building CXX object maplibre/CMakeFiles/mbgl-core.dir/src/mbgl/style/expression/image.cpp.o[32m[39m
[33mclang++: warning: argument unused during compilation: '--gcc-toolchain=/Applications/DevEco-Studio.app/Contents/sdk/default/openharmony/native/llvm' [-Wunused-command-line-argument][33m[39m
[32m[187/605] Building CXX object maplibre/CMakeFiles/mbgl-core.dir/src/mbgl/style/expression/distance.cpp.o[32m[39m
[33mclang++: warning: argument unused during compilation: '--gcc-toolchain=/Applications/DevEco-Studio.app/Contents/sdk/default/openharmony/native/llvm' [-Wunused-command-line-argument][33m[39m
[32m[188/605] Building CXX object maplibre/CMakeFiles/mbgl-core.dir/src/mbgl/style/expression/dsl.cpp.o[32m[39m
[33mclang++: warning: argument unused during compilation: '--gcc-toolchain=/Applications/DevEco-Studio.app/Contents/sdk/default/openharmony/native/llvm' [-Wunused-command-line-argument][33m[39m
[32m[189/605] Building CXX object maplibre/CMakeFiles/mbgl-core.dir/src/mbgl/style/expression/image_expression.cpp.o[32m[39m
[33mclang++: warning: argument unused during compilation: '--gcc-toolchain=/Applications/DevEco-Studio.app/Contents/sdk/default/openharmony/native/llvm' [-Wunused-command-line-argument][33m[39m
[32m[190/605] Building CXX object maplibre/CMakeFiles/mbgl-core.dir/src/mbgl/style/expression/is_constant.cpp.o[32m[39m
[33mclang++: warning: argument unused during compilation: '--gcc-toolchain=/Applications/DevEco-Studio.app/Contents/sdk/default/openharmony/native/llvm' [-Wunused-command-line-argument][33m[39m
[32m[191/605] Building CXX object maplibre/CMakeFiles/mbgl-core.dir/src/mbgl/style/expression/compound_expression.cpp.o[32m[39m
[33mclang++: warning: argument unused during compilation: '--gcc-toolchain=/Applications/DevEco-Studio.app/Contents/sdk/default/openharmony/native/llvm' [-Wunused-command-line-argument][33m[39m
[32m[192/605] Building CXX object maplibre/CMakeFiles/mbgl-core.dir/src/mbgl/style/expression/is_expression.cpp.o[32m[39m
[33mclang++: warning: argument unused during compilation: '--gcc-toolchain=/Applications/DevEco-Studio.app/Contents/sdk/default/openharmony/native/llvm' [-Wunused-command-line-argument][33m[39m
[32m[193/605] Building CXX object maplibre/CMakeFiles/mbgl-core.dir/src/mbgl/style/expression/in.cpp.o[32m[39m
[33mclang++: warning: argument unused during compilation: '--gcc-toolchain=/Applications/DevEco-Studio.app/Contents/sdk/default/openharmony/native/llvm' [-Wunused-command-line-argument][33m[39m
[32m[194/605] Building CXX object maplibre/CMakeFiles/mbgl-core.dir/src/mbgl/style/expression/index_of.cpp.o[32m[39m
[33mclang++: warning: argument unused during compilation: '--gcc-toolchain=/Applications/DevEco-Studio.app/Contents/sdk/default/openharmony/native/llvm' [-Wunused-command-line-argument][33m[39m
[32m[195/605] Building CXX object maplibre/CMakeFiles/mbgl-core.dir/src/mbgl/style/expression/length.cpp.o[32m[39m
[33mclang++: warning: argument unused during compilation: '--gcc-toolchain=/Applications/DevEco-Studio.app/Contents/sdk/default/openharmony/native/llvm' [-Wunused-command-line-argument][33m[39m
[32m[196/605] Building CXX object maplibre/CMakeFiles/mbgl-core.dir/src/mbgl/style/expression/let.cpp.o[32m[39m
[33mclang++: warning: argument unused during compilation: '--gcc-toolchain=/Applications/DevEco-Studio.app/Contents/sdk/default/openharmony/native/llvm' [-Wunused-command-line-argument][33m[39m
[32m[197/605] Building CXX object maplibre/CMakeFiles/mbgl-core.dir/src/mbgl/style/expression/interpolate.cpp.o[32m[39m
[33mclang++: warning: argument unused during compilation: '--gcc-toolchain=/Applications/DevEco-Studio.app/Contents/sdk/default/openharmony/native/llvm' [-Wunused-command-line-argument][33m[39m
[32m[198/605] Building CXX object maplibre/CMakeFiles/mbgl-core.dir/src/mbgl/style/image.cpp.o[32m[39m
[33mclang++: warning: argument unused during compilation: '--gcc-toolchain=/Applications/DevEco-Studio.app/Contents/sdk/default/openharmony/native/llvm' [-Wunused-command-line-argument][33m[39m
[32m[199/605] Building CXX object maplibre/CMakeFiles/mbgl-core.dir/src/mbgl/style/expression/literal.cpp.o[32m[39m
[33mclang++: warning: argument unused during compilation: '--gcc-toolchain=/Applications/DevEco-Studio.app/Contents/sdk/default/openharmony/native/llvm' [-Wunused-command-line-argument][33m[39m
[32m[200/605] Building CXX object maplibre/CMakeFiles/mbgl-core.dir/src/mbgl/style/expression/number_format.cpp.o[32m[39m
[33mclang++: warning: argument unused during compilation: '--gcc-toolchain=/Applications/DevEco-Studio.app/Contents/sdk/default/openharmony/native/llvm' [-Wunused-command-line-argument][33m[39m
[32m[201/605] Building CXX object maplibre/CMakeFiles/mbgl-core.dir/src/mbgl/style/sprite.cpp.o[32m[39m
[33mclang++: warning: argument unused during compilation: '--gcc-toolchain=/Applications/DevEco-Studio.app/Contents/sdk/default/openharmony/native/llvm' [-Wunused-command-line-argument][33m[39m
[32m[202/605] Building CXX object maplibre/CMakeFiles/mbgl-core.dir/src/mbgl/style/image_impl.cpp.o[32m[39m
[33mclang++: warning: argument unused during compilation: '--gcc-toolchain=/Applications/DevEco-Studio.app/Contents/sdk/default/openharmony/native/llvm' [-Wunused-command-line-argument][33m[39m
[32m[203/605] Building CXX object maplibre/CMakeFiles/mbgl-core.dir/src/mbgl/style/expression/util.cpp.o[32m[39m
[33mclang++: warning: argument unused during compilation: '--gcc-toolchain=/Applications/DevEco-Studio.app/Contents/sdk/default/openharmony/native/llvm' [-Wunused-command-line-argument][33m[39m
[32m[204/605] Building CXX object maplibre/CMakeFiles/mbgl-core.dir/src/mbgl/style/expression/match.cpp.o[32m[39m
[33mclang++: warning: argument unused during compilation: '--gcc-toolchain=/Applications/DevEco-Studio.app/Contents/sdk/default/openharmony/native/llvm' [-Wunused-command-line-argument][33m[39m
[32m[205/605] Building CXX object maplibre/CMakeFiles/mbgl-core.dir/src/mbgl/style/expression/parsing_context.cpp.o[32m[39m
[33mclang++: warning: argument unused during compilation: '--gcc-toolchain=/Applications/DevEco-Studio.app/Contents/sdk/default/openharmony/native/llvm' [-Wunused-command-line-argument][33m[39m
[32m[206/605] Building CXX object maplibre/CMakeFiles/mbgl-core.dir/src/mbgl/style/filter.cpp.o[32m[39m
[33mclang++: warning: argument unused during compilation: '--gcc-toolchain=/Applications/DevEco-Studio.app/Contents/sdk/default/openharmony/native/llvm' [-Wunused-command-line-argument][33m[39m
[32m[207/605] Building CXX object maplibre/CMakeFiles/mbgl-core.dir/src/mbgl/style/expression/slice.cpp.o[32m[39m
[33mclang++: warning: argument unused during compilation: '--gcc-toolchain=/Applications/DevEco-Studio.app/Contents/sdk/default/openharmony/native/llvm' [-Wunused-command-line-argument][33m[39m
[32m[208/605] Building CXX object maplibre/CMakeFiles/mbgl-core.dir/src/mbgl/style/expression/step.cpp.o[32m[39m
[33mclang++: warning: argument unused during compilation: '--gcc-toolchain=/Applications/DevEco-Studio.app/Contents/sdk/default/openharmony/native/llvm' [-Wunused-command-line-argument][33m[39m
[32m[209/605] Building CXX object maplibre/CMakeFiles/mbgl-core.dir/src/mbgl/style/layer_impl.cpp.o[32m[39m
[33mclang++: warning: argument unused during compilation: '--gcc-toolchain=/Applications/DevEco-Studio.app/Contents/sdk/default/openharmony/native/llvm' [-Wunused-command-line-argument][33m[39m
[32m[210/605] Building CXX object maplibre/CMakeFiles/mbgl-core.dir/src/mbgl/style/expression/within.cpp.o[32m[39m
[33mclang++: warning: argument unused during compilation: '--gcc-toolchain=/Applications/DevEco-Studio.app/Contents/sdk/default/openharmony/native/llvm' [-Wunused-command-line-argument][33m[39m
[32m[211/605] Building CXX object maplibre/CMakeFiles/mbgl-core.dir/src/mbgl/style/layers/background_layer_impl.cpp.o[32m[39m
[33mclang++: warning: argument unused during compilation: '--gcc-toolchain=/Applications/DevEco-Studio.app/Contents/sdk/default/openharmony/native/llvm' [-Wunused-command-line-argument][33m[39m
[32m[212/605] Building CXX object maplibre/CMakeFiles/mbgl-core.dir/src/mbgl/style/layers/background_layer_properties.cpp.o[32m[39m
[33mclang++: warning: argument unused during compilation: '--gcc-toolchain=/Applications/DevEco-Studio.app/Contents/sdk/default/openharmony/native/llvm' [-Wunused-command-line-argument][33m[39m
[32m[213/605] Building CXX object maplibre/CMakeFiles/mbgl-core.dir/src/mbgl/style/layers/background_layer.cpp.o[32m[39m
[33mclang++: warning: argument unused during compilation: '--gcc-toolchain=/Applications/DevEco-Studio.app/Contents/sdk/default/openharmony/native/llvm' [-Wunused-command-line-argument][33m[39m
[32m[214/605] Building CXX object maplibre/CMakeFiles/mbgl-core.dir/src/mbgl/style/expression/value.cpp.o[32m[39m
[33mclang++: warning: argument unused during compilation: '--gcc-toolchain=/Applications/DevEco-Studio.app/Contents/sdk/default/openharmony/native/llvm' [-Wunused-command-line-argument][33m[39m
[32m[215/605] Building CXX object maplibre/CMakeFiles/mbgl-core.dir/src/mbgl/style/layers/circle_layer_impl.cpp.o[32m[39m
[33mclang++: warning: argument unused during compilation: '--gcc-toolchain=/Applications/DevEco-Studio.app/Contents/sdk/default/openharmony/native/llvm' [-Wunused-command-line-argument][33m[39m
[32m[216/605] Building CXX object maplibre/CMakeFiles/mbgl-core.dir/src/mbgl/style/layers/circle_layer_properties.cpp.o[32m[39m
[33mclang++: warning: argument unused during compilation: '--gcc-toolchain=/Applications/DevEco-Studio.app/Contents/sdk/default/openharmony/native/llvm' [-Wunused-command-line-argument][33m[39m
[32m[217/605] Building CXX object maplibre/CMakeFiles/mbgl-core.dir/src/mbgl/style/layer.cpp.o[32m[39m
[33mclang++: warning: argument unused during compilation: '--gcc-toolchain=/Applications/DevEco-Studio.app/Contents/sdk/default/openharmony/native/llvm' [-Wunused-command-line-argument][33m[39m
[32m[218/605] Building CXX object maplibre/CMakeFiles/mbgl-core.dir/src/mbgl/style/layers/circle_layer.cpp.o[32m[39m
[33mclang++: warning: argument unused during compilation: '--gcc-toolchain=/Applications/DevEco-Studio.app/Contents/sdk/default/openharmony/native/llvm' [-Wunused-command-line-argument][33m[39m
[32m[219/605] Building CXX object maplibre/CMakeFiles/mbgl-core.dir/src/mbgl/style/layers/fill_extrusion_layer_properties.cpp.o[32m[39m
[33mclang++: warning: argument unused during compilation: '--gcc-toolchain=/Applications/DevEco-Studio.app/Contents/sdk/default/openharmony/native/llvm' [-Wunused-command-line-argument][33m[39m
[32m[220/605] Building CXX object maplibre/CMakeFiles/mbgl-core.dir/src/mbgl/style/layers/fill_extrusion_layer_impl.cpp.o[32m[39m
[33mclang++: warning: argument unused during compilation: '--gcc-toolchain=/Applications/DevEco-Studio.app/Contents/sdk/default/openharmony/native/llvm' [-Wunused-command-line-argument][33m[39m
[32m[221/605] Building CXX object maplibre/CMakeFiles/mbgl-core.dir/src/mbgl/style/layers/fill_extrusion_layer.cpp.o[32m[39m
[33mclang++: warning: argument unused during compilation: '--gcc-toolchain=/Applications/DevEco-Studio.app/Contents/sdk/default/openharmony/native/llvm' [-Wunused-command-line-argument][33m[39m
[32m[222/605] Building CXX object maplibre/CMakeFiles/mbgl-core.dir/src/mbgl/style/layers/fill_layer_impl.cpp.o[32m[39m
[33mclang++: warning: argument unused during compilation: '--gcc-toolchain=/Applications/DevEco-Studio.app/Contents/sdk/default/openharmony/native/llvm' [-Wunused-command-line-argument][33m[39m
[32m[223/605] Building CXX object maplibre/CMakeFiles/mbgl-core.dir/src/mbgl/style/layers/fill_layer.cpp.o[32m[39m
[33mclang++: warning: argument unused during compilation: '--gcc-toolchain=/Applications/DevEco-Studio.app/Contents/sdk/default/openharmony/native/llvm' [-Wunused-command-line-argument][33m[39m
[32m[224/605] Building CXX object maplibre/CMakeFiles/mbgl-core.dir/src/mbgl/style/layers/heatmap_layer_impl.cpp.o[32m[39m
[33mclang++: warning: argument unused during compilation: '--gcc-toolchain=/Applications/DevEco-Studio.app/Contents/sdk/default/openharmony/native/llvm' [-Wunused-command-line-argument][33m[39m
[32m[225/605] Building CXX object maplibre/CMakeFiles/mbgl-core.dir/src/mbgl/style/layers/fill_layer_properties.cpp.o[32m[39m
[33mclang++: warning: argument unused during compilation: '--gcc-toolchain=/Applications/DevEco-Studio.app/Contents/sdk/default/openharmony/native/llvm' [-Wunused-command-line-argument][33m[39m
[32m[226/605] Building CXX object maplibre/CMakeFiles/mbgl-core.dir/src/mbgl/style/layers/heatmap_layer_properties.cpp.o[32m[39m
[33mclang++: warning: argument unused during compilation: '--gcc-toolchain=/Applications/DevEco-Studio.app/Contents/sdk/default/openharmony/native/llvm' [-Wunused-command-line-argument][33m[39m
[32m[227/605] Building CXX object maplibre/CMakeFiles/mbgl-core.dir/src/mbgl/style/layers/heatmap_layer.cpp.o[32m[39m
[33mclang++: warning: argument unused during compilation: '--gcc-toolchain=/Applications/DevEco-Studio.app/Contents/sdk/default/openharmony/native/llvm' [-Wunused-command-line-argument][33m[39m
[32m[228/605] Building CXX object maplibre/CMakeFiles/mbgl-core.dir/src/mbgl/style/layers/hillshade_layer_impl.cpp.o[32m[39m
[33mclang++: warning: argument unused during compilation: '--gcc-toolchain=/Applications/DevEco-Studio.app/Contents/sdk/default/openharmony/native/llvm' [-Wunused-command-line-argument][33m[39m
[32m[229/605] Building CXX object maplibre/CMakeFiles/mbgl-core.dir/src/mbgl/style/layers/hillshade_layer_properties.cpp.o[32m[39m
[33mclang++: warning: argument unused during compilation: '--gcc-toolchain=/Applications/DevEco-Studio.app/Contents/sdk/default/openharmony/native/llvm' [-Wunused-command-line-argument][33m[39m
[32m[230/605] Building CXX object maplibre/CMakeFiles/mbgl-core.dir/src/mbgl/style/layers/hillshade_layer.cpp.o[32m[39m
[33mclang++: warning: argument unused during compilation: '--gcc-toolchain=/Applications/DevEco-Studio.app/Contents/sdk/default/openharmony/native/llvm' [-Wunused-command-line-argument][33m[39m
[32m[231/605] Building CXX object maplibre/CMakeFiles/mbgl-core.dir/src/mbgl/style/layers/raster_layer_impl.cpp.o[32m[39m
[33mclang++: warning: argument unused during compilation: '--gcc-toolchain=/Applications/DevEco-Studio.app/Contents/sdk/default/openharmony/native/llvm' [-Wunused-command-line-argument][33m[39m
[32m[232/605] Building CXX object maplibre/CMakeFiles/mbgl-core.dir/src/mbgl/style/layers/line_layer_properties.cpp.o[32m[39m
[33mclang++: warning: argument unused during compilation: '--gcc-toolchain=/Applications/DevEco-Studio.app/Contents/sdk/default/openharmony/native/llvm' [-Wunused-command-line-argument][33m[39m
[32m[233/605] Building CXX object maplibre/CMakeFiles/mbgl-core.dir/src/mbgl/style/layers/line_layer_impl.cpp.o[32m[39m
[33mclang++: warning: argument unused during compilation: '--gcc-toolchain=/Applications/DevEco-Studio.app/Contents/sdk/default/openharmony/native/llvm' [-Wunused-command-line-argument][33m[39m
[32m[234/605] Building CXX object maplibre/CMakeFiles/mbgl-core.dir/src/mbgl/style/source.cpp.o[32m[39m
[33mclang++: warning: argument unused during compilation: '--gcc-toolchain=/Applications/DevEco-Studio.app/Contents/sdk/default/openharmony/native/llvm' [-Wunused-command-line-argument][33m[39m
[32m[235/605] Building CXX object maplibre/CMakeFiles/mbgl-core.dir/src/mbgl/style/layers/raster_layer.cpp.o[32m[39m
[33mclang++: warning: argument unused during compilation: '--gcc-toolchain=/Applications/DevEco-Studio.app/Contents/sdk/default/openharmony/native/llvm' [-Wunused-command-line-argument][33m[39m
[32m[236/605] Building CXX object maplibre/CMakeFiles/mbgl-core.dir/src/mbgl/style/layers/raster_layer_properties.cpp.o[32m[39m
[33mclang++: warning: argument unused during compilation: '--gcc-toolchain=/Applications/DevEco-Studio.app/Contents/sdk/default/openharmony/native/llvm' [-Wunused-command-line-argument][33m[39m
[32m[237/605] Building CXX object maplibre/CMakeFiles/mbgl-core.dir/src/mbgl/style/source_impl.cpp.o[32m[39m
[33mclang++: warning: argument unused during compilation: '--gcc-toolchain=/Applications/DevEco-Studio.app/Contents/sdk/default/openharmony/native/llvm' [-Wunused-command-line-argument][33m[39m
[32m[238/605] Building CXX object maplibre/CMakeFiles/mbgl-core.dir/src/mbgl/style/layers/line_layer.cpp.o[32m[39m
[33mclang++: warning: argument unused during compilation: '--gcc-toolchain=/Applications/DevEco-Studio.app/Contents/sdk/default/openharmony/native/llvm' [-Wunused-command-line-argument][33m[39m
[32m[239/605] Building CXX object maplibre/CMakeFiles/mbgl-core.dir/src/mbgl/style/light_impl.cpp.o[32m[39m
[33mclang++: warning: argument unused during compilation: '--gcc-toolchain=/Applications/DevEco-Studio.app/Contents/sdk/default/openharmony/native/llvm' [-Wunused-command-line-argument][33m[39m
[32m[240/605] Building CXX object maplibre/CMakeFiles/mbgl-core.dir/src/mbgl/style/sources/image_source_impl.cpp.o[32m[39m
[33mclang++: warning: argument unused during compilation: '--gcc-toolchain=/Applications/DevEco-Studio.app/Contents/sdk/default/openharmony/native/llvm' [-Wunused-command-line-argument][33m[39m
[32m[241/605] Building CXX object maplibre/CMakeFiles/mbgl-core.dir/src/mbgl/style/sources/custom_geometry_source_impl.cpp.o[32m[39m
[33mclang++: warning: argument unused during compilation: '--gcc-toolchain=/Applications/DevEco-Studio.app/Contents/sdk/default/openharmony/native/llvm' [-Wunused-command-line-argument][33m[39m
[32m[242/605] Building CXX object maplibre/CMakeFiles/mbgl-core.dir/src/mbgl/style/light.cpp.o[32m[39m
[33mclang++: warning: argument unused during compilation: '--gcc-toolchain=/Applications/DevEco-Studio.app/Contents/sdk/default/openharmony/native/llvm' [-Wunused-command-line-argument][33m[39m
[32m[243/605] Building CXX object maplibre/CMakeFiles/mbgl-core.dir/src/mbgl/style/layers/symbol_layer_properties.cpp.o[32m[39m
[33mclang++: warning: argument unused during compilation: '--gcc-toolchain=/Applications/DevEco-Studio.app/Contents/sdk/default/openharmony/native/llvm' [-Wunused-command-line-argument][33m[39m
[32m[244/605] Building CXX object maplibre/CMakeFiles/mbgl-core.dir/src/mbgl/style/layers/symbol_layer_impl.cpp.o[32m[39m
[33mclang++: warning: argument unused during compilation: '--gcc-toolchain=/Applications/DevEco-Studio.app/Contents/sdk/default/openharmony/native/llvm' [-Wunused-command-line-argument][33m[39m
[32m[245/605] Building CXX object maplibre/CMakeFiles/mbgl-core.dir/src/mbgl/style/sources/tile_source_impl.cpp.o[32m[39m
[33mclang++: warning: argument unused during compilation: '--gcc-toolchain=/Applications/DevEco-Studio.app/Contents/sdk/default/openharmony/native/llvm' [-Wunused-command-line-argument][33m[39m
[32m[246/605] Building CXX object maplibre/CMakeFiles/mbgl-core.dir/src/mbgl/style/property_expression.cpp.o[32m[39m
[33mclang++: warning: argument unused during compilation: '--gcc-toolchain=/Applications/DevEco-Studio.app/Contents/sdk/default/openharmony/native/llvm' [-Wunused-command-line-argument][33m[39m
[32m[247/605] Building CXX object maplibre/CMakeFiles/mbgl-core.dir/src/mbgl/style/types.cpp.o[32m[39m
[33mclang++: warning: argument unused during compilation: '--gcc-toolchain=/Applications/DevEco-Studio.app/Contents/sdk/default/openharmony/native/llvm' [-Wunused-command-line-argument][33m[39m
[32m[248/605] Building CXX object maplibre/CMakeFiles/mbgl-core.dir/src/mbgl/style/sources/image_source.cpp.o[32m[39m
[33mclang++: warning: argument unused during compilation: '--gcc-toolchain=/Applications/DevEco-Studio.app/Contents/sdk/default/openharmony/native/llvm' [-Wunused-command-line-argument][33m[39m
[32m[249/605] Building CXX object maplibre/CMakeFiles/mbgl-core.dir/src/mbgl/style/sources/custom_geometry_source.cpp.o[32m[39m
[33mclang++: warning: argument unused during compilation: '--gcc-toolchain=/Applications/DevEco-Studio.app/Contents/sdk/default/openharmony/native/llvm' [-Wunused-command-line-argument][33m[39m
[32m[250/605] Building CXX object maplibre/CMakeFiles/mbgl-core.dir/src/mbgl/style/parser.cpp.o[32m[39m
[33mclang++: warning: argument unused during compilation: '--gcc-toolchain=/Applications/DevEco-Studio.app/Contents/sdk/default/openharmony/native/llvm' [-Wunused-command-line-argument][33m[39m
[32m[251/605] Building CXX object maplibre/CMakeFiles/mbgl-core.dir/src/mbgl/style/layers/symbol_layer.cpp.o[32m[39m
[33mclang++: warning: argument unused during compilation: '--gcc-toolchain=/Applications/DevEco-Studio.app/Contents/sdk/default/openharmony/native/llvm' [-Wunused-command-line-argument][33m[39m
[32m[252/605] Building CXX object maplibre/CMakeFiles/mbgl-core.dir/src/mbgl/style/sources/raster_dem_source.cpp.o[32m[39m
[33mclang++: warning: argument unused during compilation: '--gcc-toolchain=/Applications/DevEco-Studio.app/Contents/sdk/default/openharmony/native/llvm' [-Wunused-command-line-argument][33m[39m
[32m[253/605] Building CXX object maplibre/CMakeFiles/mbgl-core.dir/src/mbgl/style/style.cpp.o[32m[39m
[33mclang++: warning: argument unused during compilation: '--gcc-toolchain=/Applications/DevEco-Studio.app/Contents/sdk/default/openharmony/native/llvm' [-Wunused-command-line-argument][33m[39m
[32m[254/605] Building CXX object maplibre/CMakeFiles/mbgl-core.dir/src/mbgl/style/sources/geojson_source.cpp.o[32m[39m
[33mclang++: warning: argument unused during compilation: '--gcc-toolchain=/Applications/DevEco-Studio.app/Contents/sdk/default/openharmony/native/llvm' [-Wunused-command-line-argument][33m[39m
[32m[255/605] Building CXX object maplibre/CMakeFiles/mbgl-core.dir/src/mbgl/style/sources/raster_source.cpp.o[32m[39m
[33mclang++: warning: argument unused during compilation: '--gcc-toolchain=/Applications/DevEco-Studio.app/Contents/sdk/default/openharmony/native/llvm' [-Wunused-command-line-argument][33m[39m
[32m[256/605] Building CXX object maplibre/CMakeFiles/mbgl-core.dir/src/mbgl/style/sources/tile_source.cpp.o[32m[39m
[33mclang++: warning: argument unused during compilation: '--gcc-toolchain=/Applications/DevEco-Studio.app/Contents/sdk/default/openharmony/native/llvm' [-Wunused-command-line-argument][33m[39m
[32m[257/605] Building CXX object maplibre/CMakeFiles/mbgl-core.dir/src/mbgl/style/sources/vector_source.cpp.o[32m[39m
[33mclang++: warning: argument unused during compilation: '--gcc-toolchain=/Applications/DevEco-Studio.app/Contents/sdk/default/openharmony/native/llvm' [-Wunused-command-line-argument][33m[39m
[32m[258/605] Building CXX object maplibre/CMakeFiles/mbgl-core.dir/src/mbgl/style/variable_anchor_offset_collection.cpp.o[32m[39m
[33mclang++: warning: argument unused during compilation: '--gcc-toolchain=/Applications/DevEco-Studio.app/Contents/sdk/default/openharmony/native/llvm' [-Wunused-command-line-argument][33m[39m
[32m[259/605] Building CXX object maplibre/CMakeFiles/mbgl-core.dir/src/mbgl/text/check_max_angle.cpp.o[32m[39m
[33mclang++: warning: argument unused during compilation: '--gcc-toolchain=/Applications/DevEco-Studio.app/Contents/sdk/default/openharmony/native/llvm' [-Wunused-command-line-argument][33m[39m
[32m[260/605] Building CXX object maplibre/CMakeFiles/mbgl-core.dir/src/mbgl/style/layers/custom_layer_render_parameters.cpp.o[32m[39m
[33mclang++: warning: argument unused during compilation: '--gcc-toolchain=/Applications/DevEco-Studio.app/Contents/sdk/default/openharmony/native/llvm' [-Wunused-command-line-argument][33m[39m
[32m[261/605] Building CXX object maplibre/CMakeFiles/mbgl-core.dir/src/mbgl/style/layers/custom_layer_impl.cpp.o[32m[39m
[33mclang++: warning: argument unused during compilation: '--gcc-toolchain=/Applications/DevEco-Studio.app/Contents/sdk/default/openharmony/native/llvm' [-Wunused-command-line-argument][33m[39m
[32m[262/605] Building CXX object maplibre/CMakeFiles/mbgl-core.dir/src/mbgl/style/layers/custom_layer.cpp.o[32m[39m
[33mclang++: warning: argument unused during compilation: '--gcc-toolchain=/Applications/DevEco-Studio.app/Contents/sdk/default/openharmony/native/llvm' [-Wunused-command-line-argument][33m[39m
[32m[263/605] Building CXX object maplibre/CMakeFiles/mbgl-core.dir/src/mbgl/style/sources/geojson_source_impl.cpp.o[32m[39m
[33mclang++: warning: argument unused during compilation: '--gcc-toolchain=/Applications/DevEco-Studio.app/Contents/sdk/default/openharmony/native/llvm' [-Wunused-command-line-argument][33m[39m
[32m[264/605] Building CXX object maplibre/CMakeFiles/mbgl-core.dir/src/mbgl/layermanager/custom_layer_factory.cpp.o[32m[39m
[33mclang++: warning: argument unused during compilation: '--gcc-toolchain=/Applications/DevEco-Studio.app/Contents/sdk/default/openharmony/native/llvm' [-Wunused-command-line-argument][33m[39m
[32m[265/605] Building CXX object maplibre/CMakeFiles/mbgl-core.dir/src/mbgl/style/style_impl.cpp.o[32m[39m
[33mclang++: warning: argument unused during compilation: '--gcc-toolchain=/Applications/DevEco-Studio.app/Contents/sdk/default/openharmony/native/llvm' [-Wunused-command-line-argument][33m[39m
[32m[266/605] Building CXX object maplibre/CMakeFiles/mbgl-core.dir/src/mbgl/text/glyph.cpp.o[32m[39m
[33mclang++: warning: argument unused during compilation: '--gcc-toolchain=/Applications/DevEco-Studio.app/Contents/sdk/default/openharmony/native/llvm' [-Wunused-command-line-argument][33m[39m
[32m[267/605] Building CXX object maplibre/CMakeFiles/mbgl-core.dir/src/mbgl/text/get_anchors.cpp.o[32m[39m
[33mclang++: warning: argument unused during compilation: '--gcc-toolchain=/Applications/DevEco-Studio.app/Contents/sdk/default/openharmony/native/llvm' [-Wunused-command-line-argument][33m[39m
[32m[268/605] Building CXX object maplibre/CMakeFiles/mbgl-core.dir/src/mbgl/text/glyph_pbf.cpp.o[32m[39m
[33mclang++: warning: argument unused during compilation: '--gcc-toolchain=/Applications/DevEco-Studio.app/Contents/sdk/default/openharmony/native/llvm' [-Wunused-command-line-argument][33m[39m
[32m[269/605] Building CXX object maplibre/CMakeFiles/mbgl-core.dir/src/mbgl/text/collision_feature.cpp.o[32m[39m
[33mclang++: warning: argument unused during compilation: '--gcc-toolchain=/Applications/DevEco-Studio.app/Contents/sdk/default/openharmony/native/llvm' [-Wunused-command-line-argument][33m[39m
[32m[270/605] Building CXX object maplibre/CMakeFiles/mbgl-core.dir/src/mbgl/renderer/layers/render_custom_layer.cpp.o[32m[39m
[33mclang++: warning: argument unused during compilation: '--gcc-toolchain=/Applications/DevEco-Studio.app/Contents/sdk/default/openharmony/native/llvm' [-Wunused-command-line-argument][33m[39m
[32m[271/605] Building CXX object maplibre/CMakeFiles/mbgl-core.dir/src/mbgl/text/tagged_string.cpp.o[32m[39m
[33mclang++: warning: argument unused during compilation: '--gcc-toolchain=/Applications/DevEco-Studio.app/Contents/sdk/default/openharmony/native/llvm' [-Wunused-command-line-argument][33m[39m
[32m[272/605] Building CXX object maplibre/CMakeFiles/mbgl-core.dir/src/mbgl/text/glyph_manager.cpp.o[32m[39m
[33mclang++: warning: argument unused during compilation: '--gcc-toolchain=/Applications/DevEco-Studio.app/Contents/sdk/default/openharmony/native/llvm' [-Wunused-command-line-argument][33m[39m
[32m[273/605] Building CXX object maplibre/CMakeFiles/mbgl-core.dir/src/mbgl/text/quads.cpp.o[32m[39m
[33mclang++: warning: argument unused during compilation: '--gcc-toolchain=/Applications/DevEco-Studio.app/Contents/sdk/default/openharmony/native/llvm' [-Wunused-command-line-argument][33m[39m
[32m[274/605] Building CXX object maplibre/CMakeFiles/mbgl-core.dir/src/mbgl/text/cross_tile_symbol_index.cpp.o[32m[39m
[33mclang++: warning: argument unused during compilation: '--gcc-toolchain=/Applications/DevEco-Studio.app/Contents/sdk/default/openharmony/native/llvm' [-Wunused-command-line-argument][33m[39m
[32m[275/605] Building CXX object maplibre/CMakeFiles/mbgl-core.dir/src/mbgl/text/collision_index.cpp.o[32m[39m
[33mclang++: warning: argument unused during compilation: '--gcc-toolchain=/Applications/DevEco-Studio.app/Contents/sdk/default/openharmony/native/llvm' [-Wunused-command-line-argument][33m[39m
[32m[276/605] Building CXX object maplibre/CMakeFiles/mbgl-core.dir/src/mbgl/text/shaping.cpp.o[32m[39m
[33mclang++: warning: argument unused during compilation: '--gcc-toolchain=/Applications/DevEco-Studio.app/Contents/sdk/default/openharmony/native/llvm' [-Wunused-command-line-argument][33m[39m
[32m[277/605] Building CXX object maplibre/CMakeFiles/mbgl-core.dir/src/mbgl/tile/tile_id_hash.cpp.o[32m[39m
[33mclang++: warning: argument unused during compilation: '--gcc-toolchain=/Applications/DevEco-Studio.app/Contents/sdk/default/openharmony/native/llvm' [-Wunused-command-line-argument][33m[39m
[32m[278/605] Building CXX object maplibre/CMakeFiles/mbgl-core.dir/src/mbgl/tile/tile_id_io.cpp.o[32m[39m
[33mclang++: warning: argument unused during compilation: '--gcc-toolchain=/Applications/DevEco-Studio.app/Contents/sdk/default/openharmony/native/llvm' [-Wunused-command-line-argument][33m[39m
[32m[279/605] Building CXX object maplibre/CMakeFiles/mbgl-core.dir/src/mbgl/tile/geometry_tile_data.cpp.o[32m[39m
[33mclang++: warning: argument unused during compilation: '--gcc-toolchain=/Applications/DevEco-Studio.app/Contents/sdk/default/openharmony/native/llvm' [-Wunused-command-line-argument][33m[39m
[32m[280/605] Building CXX object maplibre/CMakeFiles/mbgl-core.dir/src/mbgl/tile/geojson_tile.cpp.o[32m[39m
[33mclang++: warning: argument unused during compilation: '--gcc-toolchain=/Applications/DevEco-Studio.app/Contents/sdk/default/openharmony/native/llvm' [-Wunused-command-line-argument][33m[39m
[32m[281/605] Building CXX object maplibre/CMakeFiles/mbgl-core.dir/src/mbgl/tile/tile_operation.cpp.o[32m[39m
[33mclang++: warning: argument unused during compilation: '--gcc-toolchain=/Applications/DevEco-Studio.app/Contents/sdk/default/openharmony/native/llvm' [-Wunused-command-line-argument][33m[39m
[32m[282/605] Building CXX object maplibre/CMakeFiles/mbgl-core.dir/src/mbgl/tile/raster_dem_tile_worker.cpp.o[32m[39m
[33mclang++: warning: argument unused during compilation: '--gcc-toolchain=/Applications/DevEco-Studio.app/Contents/sdk/default/openharmony/native/llvm' [-Wunused-command-line-argument][33m[39m
[32m[283/605] Building CXX object maplibre/CMakeFiles/mbgl-core.dir/src/mbgl/tile/raster_dem_tile.cpp.o[32m[39m
[33mclang++: warning: argument unused during compilation: '--gcc-toolchain=/Applications/DevEco-Studio.app/Contents/sdk/default/openharmony/native/llvm' [-Wunused-command-line-argument][33m[39m
[32m[284/605] Building CXX object maplibre/CMakeFiles/mbgl-core.dir/src/mbgl/tile/tile.cpp.o[32m[39m
[33mclang++: warning: argument unused during compilation: '--gcc-toolchain=/Applications/DevEco-Studio.app/Contents/sdk/default/openharmony/native/llvm' [-Wunused-command-line-argument][33m[39m
[32m[285/605] Building CXX object maplibre/CMakeFiles/mbgl-core.dir/src/mbgl/text/language_tag.cpp.o[32m[39m
[33mclang++: warning: argument unused during compilation: '--gcc-toolchain=/Applications/DevEco-Studio.app/Contents/sdk/default/openharmony/native/llvm' [-Wunused-command-line-argument][33m[39m
[32m[286/605] Building CXX object maplibre/CMakeFiles/mbgl-core.dir/src/mbgl/util/bounding_volumes.cpp.o[32m[39m
[33mclang++: warning: argument unused during compilation: '--gcc-toolchain=/Applications/DevEco-Studio.app/Contents/sdk/default/openharmony/native/llvm' [-Wunused-command-line-argument][33m[39m
[32m[287/605] Building CXX object maplibre/CMakeFiles/mbgl-core.dir/src/mbgl/util/camera.cpp.o[32m[39m
[33mclang++: warning: argument unused during compilation: '--gcc-toolchain=/Applications/DevEco-Studio.app/Contents/sdk/default/openharmony/native/llvm' [-Wunused-command-line-argument][33m[39m
[32m[288/605] Building CXX object maplibre/CMakeFiles/mbgl-core.dir/src/mbgl/tile/raster_tile_worker.cpp.o[32m[39m
[33mclang++: warning: argument unused during compilation: '--gcc-toolchain=/Applications/DevEco-Studio.app/Contents/sdk/default/openharmony/native/llvm' [-Wunused-command-line-argument][33m[39m
[32m[289/605] Building CXX object maplibre/CMakeFiles/mbgl-core.dir/src/mbgl/tile/tile_cache.cpp.o[32m[39m
[33mclang++: warning: argument unused during compilation: '--gcc-toolchain=/Applications/DevEco-Studio.app/Contents/sdk/default/openharmony/native/llvm' [-Wunused-command-line-argument][33m[39m
[32m[290/605] Building CXX object maplibre/CMakeFiles/mbgl-core.dir/src/mbgl/tile/custom_geometry_tile.cpp.o[32m[39m
[33mclang++: warning: argument unused during compilation: '--gcc-toolchain=/Applications/DevEco-Studio.app/Contents/sdk/default/openharmony/native/llvm' [-Wunused-command-line-argument][33m[39m
[32m[291/605] Building CXX object maplibre/CMakeFiles/mbgl-core.dir/src/mbgl/tile/raster_tile.cpp.o[32m[39m
[33mclang++: warning: argument unused during compilation: '--gcc-toolchain=/Applications/DevEco-Studio.app/Contents/sdk/default/openharmony/native/llvm' [-Wunused-command-line-argument][33m[39m
[32m[292/605] Building CXX object maplibre/CMakeFiles/mbgl-core.dir/src/mbgl/util/chrono.cpp.o[32m[39m
[33mclang++: warning: argument unused during compilation: '--gcc-toolchain=/Applications/DevEco-Studio.app/Contents/sdk/default/openharmony/native/llvm' [-Wunused-command-line-argument][33m[39m
[32m[293/605] Building CXX object maplibre/CMakeFiles/mbgl-core.dir/src/mbgl/text/placement.cpp.o[32m[39m
[33mclang++: warning: argument unused during compilation: '--gcc-toolchain=/Applications/DevEco-Studio.app/Contents/sdk/default/openharmony/native/llvm' [-Wunused-command-line-argument][33m[39m
[32m[294/605] Building CXX object maplibre/CMakeFiles/mbgl-core.dir/src/mbgl/tile/vector_tile_data.cpp.o[32m[39m
[33mclang++: warning: argument unused during compilation: '--gcc-toolchain=/Applications/DevEco-Studio.app/Contents/sdk/default/openharmony/native/llvm' [-Wunused-command-line-argument][33m[39m
[32m[295/605] Building CXX object maplibre/CMakeFiles/mbgl-core.dir/src/mbgl/util/client_options.cpp.o[32m[39m
[33mclang++: warning: argument unused during compilation: '--gcc-toolchain=/Applications/DevEco-Studio.app/Contents/sdk/default/openharmony/native/llvm' [-Wunused-command-line-argument][33m[39m
[32m[296/605] Building CXX object maplibre/CMakeFiles/mbgl-core.dir/src/mbgl/tile/geometry_tile.cpp.o[32m[39m
[33mclang++: warning: argument unused during compilation: '--gcc-toolchain=/Applications/DevEco-Studio.app/Contents/sdk/default/openharmony/native/llvm' [-Wunused-command-line-argument][33m[39m
[32m[297/605] Building CXX object maplibre/CMakeFiles/mbgl-core.dir/src/mbgl/util/constants.cpp.o[32m[39m
[33mclang++: warning: argument unused during compilation: '--gcc-toolchain=/Applications/DevEco-Studio.app/Contents/sdk/default/openharmony/native/llvm' [-Wunused-command-line-argument][33m[39m
[32m[298/605] Building CXX object maplibre/CMakeFiles/mbgl-core.dir/src/mbgl/util/convert.cpp.o[32m[39m
[33mclang++: warning: argument unused during compilation: '--gcc-toolchain=/Applications/DevEco-Studio.app/Contents/sdk/default/openharmony/native/llvm' [-Wunused-command-line-argument][33m[39m
[32m[299/605] Building CXX object maplibre/CMakeFiles/mbgl-core.dir/src/mbgl/util/event.cpp.o[32m[39m
[33mclang++: warning: argument unused during compilation: '--gcc-toolchain=/Applications/DevEco-Studio.app/Contents/sdk/default/openharmony/native/llvm' [-Wunused-command-line-argument][33m[39m
[32m[300/605] Building CXX object maplibre/CMakeFiles/mbgl-core.dir/src/mbgl/util/geo.cpp.o[32m[39m
[33mclang++: warning: argument unused during compilation: '--gcc-toolchain=/Applications/DevEco-Studio.app/Contents/sdk/default/openharmony/native/llvm' [-Wunused-command-line-argument][33m[39m
[32m[301/605] Building CXX object maplibre/CMakeFiles/mbgl-core.dir/src/mbgl/util/color.cpp.o[32m[39m
[33mclang++: warning: argument unused during compilation: '--gcc-toolchain=/Applications/DevEco-Studio.app/Contents/sdk/default/openharmony/native/llvm' [-Wunused-command-line-argument][33m[39m
[32m[302/605] Building CXX object maplibre/CMakeFiles/mbgl-core.dir/src/mbgl/util/geometry_util.cpp.o[32m[39m
[33mclang++: warning: argument unused during compilation: '--gcc-toolchain=/Applications/DevEco-Studio.app/Contents/sdk/default/openharmony/native/llvm' [-Wunused-command-line-argument][33m[39m
[32m[303/605] Building CXX object maplibre/CMakeFiles/mbgl-core.dir/src/mbgl/util/action_journal.cpp.o[32m[39m
[33mclang++: warning: argument unused during compilation: '--gcc-toolchain=/Applications/DevEco-Studio.app/Contents/sdk/default/openharmony/native/llvm' [-Wunused-command-line-argument][33m[39m
[32m[304/605] Building CXX object maplibre/CMakeFiles/mbgl-core.dir/src/mbgl/util/http_timeout.cpp.o[32m[39m
[33mclang++: warning: argument unused during compilation: '--gcc-toolchain=/Applications/DevEco-Studio.app/Contents/sdk/default/openharmony/native/llvm' [-Wunused-command-line-argument][33m[39m
[32m[305/605] Building CXX object maplibre/CMakeFiles/mbgl-core.dir/src/mbgl/util/identity.cpp.o[32m[39m
[33mclang++: warning: argument unused during compilation: '--gcc-toolchain=/Applications/DevEco-Studio.app/Contents/sdk/default/openharmony/native/llvm' [-Wunused-command-line-argument][33m[39m
[32m[306/605] Building CXX object maplibre/CMakeFiles/mbgl-core.dir/src/mbgl/tile/geometry_tile_worker.cpp.o[32m[39m
[33mclang++: warning: argument unused during compilation: '--gcc-toolchain=/Applications/DevEco-Studio.app/Contents/sdk/default/openharmony/native/llvm' [-Wunused-command-line-argument][33m[39m
[32m[307/605] Building CXX object maplibre/CMakeFiles/mbgl-core.dir/src/mbgl/util/mat2.cpp.o[32m[39m
[33mclang++: warning: argument unused during compilation: '--gcc-toolchain=/Applications/DevEco-Studio.app/Contents/sdk/default/openharmony/native/llvm' [-Wunused-command-line-argument][33m[39m
[32m[308/605] Building CXX object maplibre/CMakeFiles/mbgl-core.dir/src/mbgl/util/i18n.cpp.o[32m[39m
[33mclang++: warning: argument unused during compilation: '--gcc-toolchain=/Applications/DevEco-Studio.app/Contents/sdk/default/openharmony/native/llvm' [-Wunused-command-line-argument][33m[39m
[32m[309/605] Building CXX object maplibre/CMakeFiles/mbgl-core.dir/src/mbgl/util/mat3.cpp.o[32m[39m
[33mclang++: warning: argument unused during compilation: '--gcc-toolchain=/Applications/DevEco-Studio.app/Contents/sdk/default/openharmony/native/llvm' [-Wunused-command-line-argument][33m[39m
[32m[310/605] Building CXX object maplibre/CMakeFiles/mbgl-core.dir/src/mbgl/util/mat4.cpp.o[32m[39m
[33mclang++: warning: argument unused during compilation: '--gcc-toolchain=/Applications/DevEco-Studio.app/Contents/sdk/default/openharmony/native/llvm' [-Wunused-command-line-argument][33m[39m
[32m[311/605] Building CXX object maplibre/CMakeFiles/mbgl-core.dir/src/mbgl/util/io.cpp.o[32m[39m
[33mclang++: warning: argument unused during compilation: '--gcc-toolchain=/Applications/DevEco-Studio.app/Contents/sdk/default/openharmony/native/llvm' [-Wunused-command-line-argument][33m[39m
[32m[312/605] Building CXX object maplibre/CMakeFiles/mbgl-core.dir/src/mbgl/util/intersection_tests.cpp.o[32m[39m
[33mclang++: warning: argument unused during compilation: '--gcc-toolchain=/Applications/DevEco-Studio.app/Contents/sdk/default/openharmony/native/llvm' [-Wunused-command-line-argument][33m[39m
[32m[313/605] Building CXX object maplibre/CMakeFiles/mbgl-core.dir/src/mbgl/util/logging.cpp.o[32m[39m
[33mclang++: warning: argument unused during compilation: '--gcc-toolchain=/Applications/DevEco-Studio.app/Contents/sdk/default/openharmony/native/llvm' [-Wunused-command-line-argument][33m[39m
[32m[314/605] Building CXX object maplibre/CMakeFiles/mbgl-core.dir/src/mbgl/util/quaternion.cpp.o[32m[39m
[33mclang++: warning: argument unused during compilation: '--gcc-toolchain=/Applications/DevEco-Studio.app/Contents/sdk/default/openharmony/native/llvm' [-Wunused-command-line-argument][33m[39m
[32m[315/605] Building CXX object maplibre/CMakeFiles/mbgl-core.dir/src/mbgl/util/interpolate.cpp.o[32m[39m
[33mclang++: warning: argument unused during compilation: '--gcc-toolchain=/Applications/DevEco-Studio.app/Contents/sdk/default/openharmony/native/llvm' [-Wunused-command-line-argument][33m[39m
[32m[316/605] Building CXX object maplibre/CMakeFiles/mbgl-core.dir/src/mbgl/util/geojson_impl.cpp.o[32m[39m
[33mclang++: warning: argument unused during compilation: '--gcc-toolchain=/Applications/DevEco-Studio.app/Contents/sdk/default/openharmony/native/llvm' [-Wunused-command-line-argument][33m[39m
[32m[317/605] Building CXX object maplibre/CMakeFiles/mbgl-core.dir/src/mbgl/util/grid_index.cpp.o[32m[39m
[33mclang++: warning: argument unused during compilation: '--gcc-toolchain=/Applications/DevEco-Studio.app/Contents/sdk/default/openharmony/native/llvm' [-Wunused-command-line-argument][33m[39m
[32m[318/605] Building CXX object maplibre/CMakeFiles/mbgl-core.dir/src/mbgl/util/premultiply.cpp.o[32m[39m
[33mclang++: warning: argument unused during compilation: '--gcc-toolchain=/Applications/DevEco-Studio.app/Contents/sdk/default/openharmony/native/llvm' [-Wunused-command-line-argument][33m[39m
[32m[319/605] Building CXX object maplibre/CMakeFiles/mbgl-core.dir/src/mbgl/tile/vector_tile.cpp.o[32m[39m
[33mclang++: warning: argument unused during compilation: '--gcc-toolchain=/Applications/DevEco-Studio.app/Contents/sdk/default/openharmony/native/llvm' [-Wunused-command-line-argument][33m[39m
[32m[320/605] Building CXX object maplibre/CMakeFiles/mbgl-core.dir/src/mbgl/util/rapidjson.cpp.o[32m[39m
[33mclang++: warning: argument unused during compilation: '--gcc-toolchain=/Applications/DevEco-Studio.app/Contents/sdk/default/openharmony/native/llvm' [-Wunused-command-line-argument][33m[39m
[32m[321/605] Building CXX object maplibre/CMakeFiles/mbgl-core.dir/src/mbgl/util/stopwatch.cpp.o[32m[39m
[33mclang++: warning: argument unused during compilation: '--gcc-toolchain=/Applications/DevEco-Studio.app/Contents/sdk/default/openharmony/native/llvm' [-Wunused-command-line-argument][33m[39m
[32m[322/605] Building CXX object maplibre/CMakeFiles/mbgl-core.dir/src/mbgl/util/font_stack.cpp.o[32m[39m
[33mclang++: warning: argument unused during compilation: '--gcc-toolchain=/Applications/DevEco-Studio.app/Contents/sdk/default/openharmony/native/llvm' [-Wunused-command-line-argument][33m[39m
[32m[323/605] Building CXX object maplibre/CMakeFiles/mbgl-core.dir/src/mbgl/util/padding.cpp.o[32m[39m
[33mclang++: warning: argument unused during compilation: '--gcc-toolchain=/Applications/DevEco-Studio.app/Contents/sdk/default/openharmony/native/llvm' [-Wunused-command-line-argument][33m[39m
[32m[324/605] Building CXX object maplibre/CMakeFiles/mbgl-core.dir/src/mbgl/util/default_style.cpp.o[32m[39m
[33mclang++: warning: argument unused during compilation: '--gcc-toolchain=/Applications/DevEco-Studio.app/Contents/sdk/default/openharmony/native/llvm' [-Wunused-command-line-argument][33m[39m
[32m[325/605] Building CXX object maplibre/CMakeFiles/mbgl-core.dir/src/mbgl/util/version.cpp.o[32m[39m
[33mclang++: warning: argument unused during compilation: '--gcc-toolchain=/Applications/DevEco-Studio.app/Contents/sdk/default/openharmony/native/llvm' [-Wunused-command-line-argument][33m[39m
[32m[326/605] Building CXX object maplibre/CMakeFiles/mbgl-core.dir/src/mbgl/util/string.cpp.o[32m[39m
[33mclang++: warning: argument unused during compilation: '--gcc-toolchain=/Applications/DevEco-Studio.app/Contents/sdk/default/openharmony/native/llvm' [-Wunused-command-line-argument][33m[39m
[32m[327/605] Building CXX object maplibre/CMakeFiles/mbgl-core.dir/src/mbgl/util/thread.cpp.o[32m[39m
[33mclang++: warning: argument unused during compilation: '--gcc-toolchain=/Applications/DevEco-Studio.app/Contents/sdk/default/openharmony/native/llvm' [-Wunused-command-line-argument][33m[39m
[32m[328/605] Building CXX object maplibre/CMakeFiles/mbgl-core.dir/src/mbgl/util/string_indexer.cpp.o[32m[39m
[33mclang++: warning: argument unused during compilation: '--gcc-toolchain=/Applications/DevEco-Studio.app/Contents/sdk/default/openharmony/native/llvm' [-Wunused-command-line-argument][33m[39m
[32m[329/605] Building CXX object maplibre/CMakeFiles/mbgl-core.dir/src/mbgl/util/mapbox.cpp.o[32m[39m
[33mclang++: warning: argument unused during compilation: '--gcc-toolchain=/Applications/DevEco-Studio.app/Contents/sdk/default/openharmony/native/llvm' [-Wunused-command-line-argument][33m[39m
[32m[330/605] Building CXX object maplibre/CMakeFiles/mbgl-core.dir/src/mbgl/util/work_request.cpp.o[32m[39m
[33mclang++: warning: argument unused during compilation: '--gcc-toolchain=/Applications/DevEco-Studio.app/Contents/sdk/default/openharmony/native/llvm' [-Wunused-command-line-argument][33m[39m
[32m[331/605] Building CXX object maplibre/CMakeFiles/mbgl-core.dir/src/mbgl/util/tiny_sdf.cpp.o[32m[39m
[33mclang++: warning: argument unused during compilation: '--gcc-toolchain=/Applications/DevEco-Studio.app/Contents/sdk/default/openharmony/native/llvm' [-Wunused-command-line-argument][33m[39m
[32m[332/605] Building CXX object maplibre/CMakeFiles/mbgl-core.dir/src/mbgl/util/tile_server_options.cpp.o[32m[39m
[33mclang++: warning: argument unused during compilation: '--gcc-toolchain=/Applications/DevEco-Studio.app/Contents/sdk/default/openharmony/native/llvm' [-Wunused-command-line-argument][33m[39m
[32m[333/605] Building CXX object maplibre/CMakeFiles/mbgl-core.dir/src/mbgl/util/url.cpp.o[32m[39m
[33mclang++: warning: argument unused during compilation: '--gcc-toolchain=/Applications/DevEco-Studio.app/Contents/sdk/default/openharmony/native/llvm' [-Wunused-command-line-argument][33m[39m
[32m[334/605] Building CXX object maplibre/CMakeFiles/mbgl-core.dir/src/mbgl/util/thread_pool.cpp.o[32m[39m
[33mclang++: warning: argument unused during compilation: '--gcc-toolchain=/Applications/DevEco-Studio.app/Contents/sdk/default/openharmony/native/llvm' [-Wunused-command-line-argument][33m[39m
[32m[335/605] Building CXX object maplibre/CMakeFiles/mbgl-core.dir/src/mbgl/util/tile_cover_impl.cpp.o[32m[39m
[33mclang++: warning: argument unused during compilation: '--gcc-toolchain=/Applications/DevEco-Studio.app/Contents/sdk/default/openharmony/native/llvm' [-Wunused-command-line-argument][33m[39m
[32m[336/605] Building CXX object maplibre/CMakeFiles/mbgl-core.dir/src/mbgl/util/http_header.cpp.o[32m[39m
[33mclang++: warning: argument unused during compilation: '--gcc-toolchain=/Applications/DevEco-Studio.app/Contents/sdk/default/openharmony/native/llvm' [-Wunused-command-line-argument][33m[39m
[32m[337/605] Building CXX object maplibre/CMakeFiles/mbgl-core.dir/src/mbgl/util/action_journal_impl.cpp.o[32m[39m
[33mclang++: warning: argument unused during compilation: '--gcc-toolchain=/Applications/DevEco-Studio.app/Contents/sdk/default/openharmony/native/llvm' [-Wunused-command-line-argument][33m[39m
[32m[338/605] Building CXX object maplibre/CMakeFiles/mbgl-core.dir/src/mbgl/util/tile_cover.cpp.o[32m[39m
[33mclang++: warning: argument unused during compilation: '--gcc-toolchain=/Applications/DevEco-Studio.app/Contents/sdk/default/openharmony/native/llvm' [-Wunused-command-line-argument][33m[39m
[32m[339/605] Building CXX object maplibre/CMakeFiles/mbgl-core.dir/src/mbgl/plugin/plugin_layer_properties.cpp.o[32m[39m
[33mclang++: warning: argument unused during compilation: '--gcc-toolchain=/Applications/DevEco-Studio.app/Contents/sdk/default/openharmony/native/llvm' [-Wunused-command-line-argument][33m[39m
[32m[340/605] Building CXX object maplibre/CMakeFiles/mbgl-core.dir/src/mbgl/plugin/plugin_layer.cpp.o[32m[39m
[33mclang++: warning: argument unused during compilation: '--gcc-toolchain=/Applications/DevEco-Studio.app/Contents/sdk/default/openharmony/native/llvm' [-Wunused-command-line-argument][33m[39m
[32m[341/605] Building CXX object maplibre/CMakeFiles/mbgl-core.dir/src/mbgl/plugin/plugin_layer_impl.cpp.o[32m[39m
[33mclang++: warning: argument unused during compilation: '--gcc-toolchain=/Applications/DevEco-Studio.app/Contents/sdk/default/openharmony/native/llvm' [-Wunused-command-line-argument][33m[39m
[32m[342/605] Building CXX object maplibre/CMakeFiles/mbgl-core.dir/src/mbgl/plugin/plugin_layer_render.cpp.o[32m[39m
[33mclang++: warning: argument unused during compilation: '--gcc-toolchain=/Applications/DevEco-Studio.app/Contents/sdk/default/openharmony/native/llvm' [-Wunused-command-line-argument][33m[39m
[32m[343/605] Building CXX object maplibre/CMakeFiles/mbgl-core.dir/src/mbgl/vulkan/buffer_resource.cpp.o[32m[39m
[33mclang++: warning: argument unused during compilation: '--gcc-toolchain=/Applications/DevEco-Studio.app/Contents/sdk/default/openharmony/native/llvm' [-Wunused-command-line-argument][33m[39m
[32m[344/605] Building CXX object maplibre/CMakeFiles/mbgl-core.dir/src/mbgl/vulkan/command_encoder.cpp.o[32m[39m
[33mclang++: warning: argument unused during compilation: '--gcc-toolchain=/Applications/DevEco-Studio.app/Contents/sdk/default/openharmony/native/llvm' [-Wunused-command-line-argument][33m[39m
[32m[345/605] Building CXX object maplibre/CMakeFiles/mbgl-core.dir/src/mbgl/plugin/plugin_layer_factory.cpp.o[32m[39m
[33mclang++: warning: argument unused during compilation: '--gcc-toolchain=/Applications/DevEco-Studio.app/Contents/sdk/default/openharmony/native/llvm' [-Wunused-command-line-argument][33m[39m
[32m[346/605] Building CXX object maplibre/CMakeFiles/mbgl-core.dir/src/mbgl/vulkan/descriptor_set.cpp.o[32m[39m
[33mclang++: warning: argument unused during compilation: '--gcc-toolchain=/Applications/DevEco-Studio.app/Contents/sdk/default/openharmony/native/llvm' [-Wunused-command-line-argument][33m[39m
[32m[347/605] Building CXX object maplibre/CMakeFiles/mbgl-core.dir/src/mbgl/vulkan/index_buffer_resource.cpp.o[32m[39m
[33mclang++: warning: argument unused during compilation: '--gcc-toolchain=/Applications/DevEco-Studio.app/Contents/sdk/default/openharmony/native/llvm' [-Wunused-command-line-argument][33m[39m
[32m[348/605] Building CXX object maplibre/CMakeFiles/mbgl-core.dir/src/mbgl/vulkan/offscreen_texture.cpp.o[32m[39m
[33mclang++: warning: argument unused during compilation: '--gcc-toolchain=/Applications/DevEco-Studio.app/Contents/sdk/default/openharmony/native/llvm' [-Wunused-command-line-argument][33m[39m
[32m[349/605] Building CXX object maplibre/CMakeFiles/mbgl-core.dir/src/mbgl/vulkan/pipeline.cpp.o[32m[39m
[33mclang++: warning: argument unused during compilation: '--gcc-toolchain=/Applications/DevEco-Studio.app/Contents/sdk/default/openharmony/native/llvm' [-Wunused-command-line-argument][33m[39m
[32m[350/605] Building CXX object maplibre/CMakeFiles/mbgl-core.dir/src/mbgl/vulkan/layer_group.cpp.o[32m[39m
[33mclang++: warning: argument unused during compilation: '--gcc-toolchain=/Applications/DevEco-Studio.app/Contents/sdk/default/openharmony/native/llvm' [-Wunused-command-line-argument][33m[39m
[32m[351/605] Building CXX object maplibre/CMakeFiles/mbgl-core.dir/src/mbgl/vulkan/render_pass.cpp.o[32m[39m
[33mclang++: warning: argument unused during compilation: '--gcc-toolchain=/Applications/DevEco-Studio.app/Contents/sdk/default/openharmony/native/llvm' [-Wunused-command-line-argument][33m[39m
[32m[352/605] Building CXX object maplibre/CMakeFiles/mbgl-core.dir/src/mbgl/vulkan/drawable_builder.cpp.o[32m[39m
[33mclang++: warning: argument unused during compilation: '--gcc-toolchain=/Applications/DevEco-Studio.app/Contents/sdk/default/openharmony/native/llvm' [-Wunused-command-line-argument][33m[39m
[32m[353/605] Building CXX object maplibre/CMakeFiles/mbgl-core.dir/src/mbgl/vulkan/drawable.cpp.o[32m[39m
[33mclang++: warning: argument unused during compilation: '--gcc-toolchain=/Applications/DevEco-Studio.app/Contents/sdk/default/openharmony/native/llvm' [-Wunused-command-line-argument][33m[39m
[32m[354/605] Building CXX object maplibre/CMakeFiles/mbgl-core.dir/src/mbgl/vulkan/uniform_buffer.cpp.o[32m[39m
[33mclang++: warning: argument unused during compilation: '--gcc-toolchain=/Applications/DevEco-Studio.app/Contents/sdk/default/openharmony/native/llvm' [-Wunused-command-line-argument][33m[39m
[32m[355/605] Building CXX object maplibre/CMakeFiles/mbgl-core.dir/src/mbgl/vulkan/renderable_resource.cpp.o[32m[39m
[33mclang++: warning: argument unused during compilation: '--gcc-toolchain=/Applications/DevEco-Studio.app/Contents/sdk/default/openharmony/native/llvm' [-Wunused-command-line-argument][33m[39m
[32m[356/605] Building CXX object maplibre/CMakeFiles/mbgl-core.dir/src/mbgl/vulkan/texture2d.cpp.o[32m[39m
[33mclang++: warning: argument unused during compilation: '--gcc-toolchain=/Applications/DevEco-Studio.app/Contents/sdk/default/openharmony/native/llvm' [-Wunused-command-line-argument][33m[39m
[32m[357/605] Building CXX object maplibre/CMakeFiles/mbgl-core.dir/src/mbgl/vulkan/context.cpp.o[32m[39m
[33mclang++: warning: argument unused during compilation: '--gcc-toolchain=/Applications/DevEco-Studio.app/Contents/sdk/default/openharmony/native/llvm' [-Wunused-command-line-argument][33m[39m
[32m[358/605] Building CXX object maplibre/CMakeFiles/mbgl-core.dir/src/mbgl/vulkan/tile_layer_group.cpp.o[32m[39m
[33mclang++: warning: argument unused during compilation: '--gcc-toolchain=/Applications/DevEco-Studio.app/Contents/sdk/default/openharmony/native/llvm' [-Wunused-command-line-argument][33m[39m
[32m[359/605] Building CXX object maplibre/CMakeFiles/mbgl-core.dir/src/mbgl/vulkan/vertex_buffer_resource.cpp.o[32m[39m
[33mclang++: warning: argument unused during compilation: '--gcc-toolchain=/Applications/DevEco-Studio.app/Contents/sdk/default/openharmony/native/llvm' [-Wunused-command-line-argument][33m[39m
[32m[360/605] Building CXX object maplibre/CMakeFiles/mbgl-core.dir/src/mbgl/vulkan/vertex_attribute.cpp.o[32m[39m
[33mclang++: warning: argument unused during compilation: '--gcc-toolchain=/Applications/DevEco-Studio.app/Contents/sdk/default/openharmony/native/llvm' [-Wunused-command-line-argument][33m[39m
[32m[361/605] Building CXX object maplibre/CMakeFiles/mbgl-core.dir/src/mbgl/vulkan/upload_pass.cpp.o[32m[39m
[33mclang++: warning: argument unused during compilation: '--gcc-toolchain=/Applications/DevEco-Studio.app/Contents/sdk/default/openharmony/native/llvm' [-Wunused-command-line-argument][33m[39m
[32m[362/605] Building CXX object maplibre/CMakeFiles/mbgl-core.dir/src/mbgl/shaders/vulkan/circle.cpp.o[32m[39m
[33mclang++: warning: argument unused during compilation: '--gcc-toolchain=/Applications/DevEco-Studio.app/Contents/sdk/default/openharmony/native/llvm' [-Wunused-command-line-argument][33m[39m
[32m[363/605] Building CXX object maplibre/CMakeFiles/mbgl-core.dir/src/mbgl/shaders/vulkan/background.cpp.o[32m[39m
[33mclang++: warning: argument unused during compilation: '--gcc-toolchain=/Applications/DevEco-Studio.app/Contents/sdk/default/openharmony/native/llvm' [-Wunused-command-line-argument][33m[39m
[32m[364/605] Building CXX object maplibre/CMakeFiles/mbgl-core.dir/src/mbgl/vulkan/renderer_backend.cpp.o[32m[39m
[33mclang++: warning: argument unused during compilation: '--gcc-toolchain=/Applications/DevEco-Studio.app/Contents/sdk/default/openharmony/native/llvm' [-Wunused-command-line-argument][33m[39m
[32m[365/605] Building CXX object maplibre/CMakeFiles/mbgl-core.dir/src/mbgl/shaders/vulkan/collision.cpp.o[32m[39m
[33mclang++: warning: argument unused during compilation: '--gcc-toolchain=/Applications/DevEco-Studio.app/Contents/sdk/default/openharmony/native/llvm' [-Wunused-command-line-argument][33m[39m
[32m[366/605] Building CXX object maplibre/CMakeFiles/mbgl-core.dir/src/mbgl/shaders/vulkan/clipping_mask.cpp.o[32m[39m
[33mclang++: warning: argument unused during compilation: '--gcc-toolchain=/Applications/DevEco-Studio.app/Contents/sdk/default/openharmony/native/llvm' [-Wunused-command-line-argument][33m[39m
[32m[367/605] Building CXX object maplibre/CMakeFiles/mbgl-core.dir/src/mbgl/shaders/vulkan/custom_geometry.cpp.o[32m[39m
[33mclang++: warning: argument unused during compilation: '--gcc-toolchain=/Applications/DevEco-Studio.app/Contents/sdk/default/openharmony/native/llvm' [-Wunused-command-line-argument][33m[39m
[32m[368/605] Building CXX object maplibre/CMakeFiles/mbgl-core.dir/src/mbgl/shaders/vulkan/shader_program.cpp.o[32m[39m
[33mclang++: warning: argument unused during compilation: '--gcc-toolchain=/Applications/DevEco-Studio.app/Contents/sdk/default/openharmony/native/llvm' [-Wunused-command-line-argument][33m[39m
[32m[369/605] Building CXX object maplibre/CMakeFiles/mbgl-core.dir/src/mbgl/shaders/vulkan/debug.cpp.o[32m[39m
[33mclang++: warning: argument unused during compilation: '--gcc-toolchain=/Applications/DevEco-Studio.app/Contents/sdk/default/openharmony/native/llvm' [-Wunused-command-line-argument][33m[39m
[32m[370/605] Building CXX object maplibre/CMakeFiles/mbgl-core.dir/src/mbgl/shaders/vulkan/custom_symbol_icon.cpp.o[32m[39m
[33mclang++: warning: argument unused during compilation: '--gcc-toolchain=/Applications/DevEco-Studio.app/Contents/sdk/default/openharmony/native/llvm' [-Wunused-command-line-argument][33m[39m
[32m[371/605] Building CXX object maplibre/CMakeFiles/mbgl-core.dir/src/mbgl/shaders/vulkan/fill.cpp.o[32m[39m
[33mclang++: warning: argument unused during compilation: '--gcc-toolchain=/Applications/DevEco-Studio.app/Contents/sdk/default/openharmony/native/llvm' [-Wunused-command-line-argument][33m[39m
[32m[372/605] Building CXX object maplibre/CMakeFiles/mbgl-core.dir/src/mbgl/shaders/vulkan/fill_extrusion.cpp.o[32m[39m
[33mclang++: warning: argument unused during compilation: '--gcc-toolchain=/Applications/DevEco-Studio.app/Contents/sdk/default/openharmony/native/llvm' [-Wunused-command-line-argument][33m[39m
[32m[373/605] Building CXX object maplibre/CMakeFiles/mbgl-core.dir/src/mbgl/shaders/vulkan/heatmap.cpp.o[32m[39m
[33mclang++: warning: argument unused during compilation: '--gcc-toolchain=/Applications/DevEco-Studio.app/Contents/sdk/default/openharmony/native/llvm' [-Wunused-command-line-argument][33m[39m
[32m[374/605] Building CXX object maplibre/CMakeFiles/mbgl-core.dir/src/mbgl/shaders/vulkan/heatmap_texture.cpp.o[32m[39m
[33mclang++: warning: argument unused during compilation: '--gcc-toolchain=/Applications/DevEco-Studio.app/Contents/sdk/default/openharmony/native/llvm' [-Wunused-command-line-argument][33m[39m
[32m[375/605] Building CXX object maplibre/CMakeFiles/mbgl-core.dir/src/mbgl/text/harfbuzz.cpp.o[32m[39m
[33mclang++: warning: argument unused during compilation: '--gcc-toolchain=/Applications/DevEco-Studio.app/Contents/sdk/default/openharmony/native/llvm' [-Wunused-command-line-argument][33m[39m
[32m[376/605] Building CXX object maplibre/CMakeFiles/mbgl-core.dir/src/mbgl/text/harfbuzz_impl.cpp.o[32m[39m
[33mclang++: warning: argument unused during compilation: '--gcc-toolchain=/Applications/DevEco-Studio.app/Contents/sdk/default/openharmony/native/llvm' [-Wunused-command-line-argument][33m[39m
[32m[377/605] Building CXX object maplibre/CMakeFiles/mbgl-core.dir/src/mbgl/shaders/vulkan/hillshade.cpp.o[32m[39m
[33mclang++: warning: argument unused during compilation: '--gcc-toolchain=/Applications/DevEco-Studio.app/Contents/sdk/default/openharmony/native/llvm' [-Wunused-command-line-argument][33m[39m
[32m[378/605] Building CXX object maplibre/CMakeFiles/mbgl-core.dir/src/mbgl/layermanager/custom_drawable_layer_factory.cpp.o[32m[39m
[33mclang++: warning: argument unused during compilation: '--gcc-toolchain=/Applications/DevEco-Studio.app/Contents/sdk/default/openharmony/native/llvm' [-Wunused-command-line-argument][33m[39m
[32m[379/605] Building CXX object maplibre/CMakeFiles/mbgl-core.dir/platform/harmony/src/thread.cpp.o[32m[39m
[33mclang++: warning: argument unused during compilation: '--gcc-toolchain=/Applications/DevEco-Studio.app/Contents/sdk/default/openharmony/native/llvm' [-Wunused-command-line-argument][33m[39m
[32m[380/605] Building CXX object maplibre/CMakeFiles/mbgl-core.dir/platform/harmony/src/attach_env.cpp.o[32m[39m
[33mclang++: warning: argument unused during compilation: '--gcc-toolchain=/Applications/DevEco-Studio.app/Contents/sdk/default/openharmony/native/llvm' [-Wunused-command-line-argument][33m[39m
[32m[381/605] Building CXX object maplibre/CMakeFiles/mbgl-core.dir/src/mbgl/text/freetype.cpp.o[32m[39m
[33mclang++: warning: argument unused during compilation: '--gcc-toolchain=/Applications/DevEco-Studio.app/Contents/sdk/default/openharmony/native/llvm' [-Wunused-command-line-argument][33m[39m
[32m[382/605] Building CXX object maplibre/CMakeFiles/mbgl-core.dir/platform/harmony/src/bitmap.cpp.o[32m[39m
[33mclang++: warning: argument unused during compilation: '--gcc-toolchain=/Applications/DevEco-Studio.app/Contents/sdk/default/openharmony/native/llvm' [-Wunused-command-line-argument][33m[39m
[32m[383/605] Building CXX object maplibre/CMakeFiles/mbgl-core.dir/src/mbgl/style/layers/custom_drawable_layer_impl.cpp.o[32m[39m
[33mclang++: warning: argument unused during compilation: '--gcc-toolchain=/Applications/DevEco-Studio.app/Contents/sdk/default/openharmony/native/llvm' [-Wunused-command-line-argument][33m[39m
[32m[384/605] Building CXX object maplibre/CMakeFiles/mbgl-core.dir/platform/harmony/src/async_task.cpp.o[32m[39m
[33mclang++: warning: argument unused during compilation: '--gcc-toolchain=/Applications/DevEco-Studio.app/Contents/sdk/default/openharmony/native/llvm' [-Wunused-command-line-argument][33m[39m
[32m[385/605] Building CXX object maplibre/CMakeFiles/mbgl-core.dir/platform/harmony/src/bitmap_factory.cpp.o[32m[39m
[33mclang++: warning: argument unused during compilation: '--gcc-toolchain=/Applications/DevEco-Studio.app/Contents/sdk/default/openharmony/native/llvm' [-Wunused-command-line-argument][33m[39m
[32m[386/605] Building CXX object maplibre/CMakeFiles/mbgl-core.dir/platform/harmony/src/gl_functions.cpp.o[32m[39m
[33mclang++: warning: argument unused during compilation: '--gcc-toolchain=/Applications/DevEco-Studio.app/Contents/sdk/default/openharmony/native/llvm' [-Wunused-command-line-argument][33m[39m
[32m[387/605] Building CXX object maplibre/CMakeFiles/mbgl-core.dir/src/mbgl/shaders/vulkan/hillshade_prepare.cpp.o[32m[39m
[33mclang++: warning: argument unused during compilation: '--gcc-toolchain=/Applications/DevEco-Studio.app/Contents/sdk/default/openharmony/native/llvm' [-Wunused-command-line-argument][33m[39m
[32m[388/605] Building CXX object maplibre/CMakeFiles/mbgl-core.dir/src/mbgl/renderer/layers/render_custom_drawable_layer.cpp.o[32m[39m
[33mclang++: warning: argument unused during compilation: '--gcc-toolchain=/Applications/DevEco-Studio.app/Contents/sdk/default/openharmony/native/llvm' [-Wunused-command-line-argument][33m[39m
[32m[389/605] Building CXX object maplibre/CMakeFiles/mbgl-core.dir/src/mbgl/shaders/vulkan/line.cpp.o[32m[39m
[33mclang++: warning: argument unused during compilation: '--gcc-toolchain=/Applications/DevEco-Studio.app/Contents/sdk/default/openharmony/native/llvm' [-Wunused-command-line-argument][33m[39m
[32m[390/605] Building CXX object maplibre/CMakeFiles/mbgl-core.dir/platform/harmony/src/image.cpp.o[32m[39m
[33mclang++: warning: argument unused during compilation: '--gcc-toolchain=/Applications/DevEco-Studio.app/Contents/sdk/default/openharmony/native/llvm' [-Wunused-command-line-argument][33m[39m
[32m[391/605] Building CXX object maplibre/CMakeFiles/mbgl-core.dir/platform/harmony/src/logging_harmony.cpp.o[32m[39m
[33mclang++: warning: argument unused during compilation: '--gcc-toolchain=/Applications/DevEco-Studio.app/Contents/sdk/default/openharmony/native/llvm' [-Wunused-command-line-argument][33m[39m
[32m[392/605] Building CXX object maplibre/CMakeFiles/mbgl-core.dir/src/mbgl/shaders/vulkan/symbol.cpp.o[32m[39m
[33mclang++: warning: argument unused during compilation: '--gcc-toolchain=/Applications/DevEco-Studio.app/Contents/sdk/default/openharmony/native/llvm' [-Wunused-command-line-argument][33m[39m
[32m[393/605] Building CXX object maplibre/CMakeFiles/mbgl-core.dir/platform/harmony/src/string_util.cpp.o[32m[39m
[33mclang++: warning: argument unused during compilation: '--gcc-toolchain=/Applications/DevEco-Studio.app/Contents/sdk/default/openharmony/native/llvm' [-Wunused-command-line-argument][33m[39m
[32m[394/605] Building CXX object maplibre/CMakeFiles/mbgl-core.dir/src/mbgl/shaders/vulkan/location_indicator.cpp.o[32m[39m
[33mclang++: warning: argument unused during compilation: '--gcc-toolchain=/Applications/DevEco-Studio.app/Contents/sdk/default/openharmony/native/llvm' [-Wunused-command-line-argument][33m[39m
[32m[395/605] Building CXX object maplibre/CMakeFiles/mbgl-core.dir/platform/default/src/mbgl/platform/time.cpp.o[32m[39m
[33mclang++: warning: argument unused during compilation: '--gcc-toolchain=/Applications/DevEco-Studio.app/Contents/sdk/default/openharmony/native/llvm' [-Wunused-command-line-argument][33m[39m
[32m[396/605] Building CXX object maplibre/CMakeFiles/mbgl-core.dir/src/mbgl/shaders/vulkan/raster.cpp.o[32m[39m
[33mclang++: warning: argument unused during compilation: '--gcc-toolchain=/Applications/DevEco-Studio.app/Contents/sdk/default/openharmony/native/llvm' [-Wunused-command-line-argument][33m[39m
[32m[397/605] Building CXX object maplibre/CMakeFiles/mbgl-core.dir/platform/harmony/src/timer/timer_original.cpp.o[32m[39m
[33mclang++: warning: argument unused during compilation: '--gcc-toolchain=/Applications/DevEco-Studio.app/Contents/sdk/default/openharmony/native/llvm' [-Wunused-command-line-argument][33m[39m
[32m[398/605] Building CXX object maplibre/CMakeFiles/mbgl-core.dir/platform/harmony/src/i18n/number_format.cpp.o[32m[39m
[33mclang++: warning: argument unused during compilation: '--gcc-toolchain=/Applications/DevEco-Studio.app/Contents/sdk/default/openharmony/native/llvm' [-Wunused-command-line-argument][33m[39m
[32m[399/605] Building CXX object maplibre/CMakeFiles/mbgl-core.dir/src/mbgl/shaders/vulkan/widevector.cpp.o[32m[39m
[33mclang++: warning: argument unused during compilation: '--gcc-toolchain=/Applications/DevEco-Studio.app/Contents/sdk/default/openharmony/native/llvm' [-Wunused-command-line-argument][33m[39m
[32m[400/605] Building CXX object maplibre/CMakeFiles/mbgl-core.dir/platform/harmony/src/i18n/collator.cpp.o[32m[39m
[33mclang++: warning: argument unused during compilation: '--gcc-toolchain=/Applications/DevEco-Studio.app/Contents/sdk/default/openharmony/native/llvm' [-Wunused-command-line-argument][33m[39m
[32m[401/605] Building CXX object maplibre/CMakeFiles/mbgl-core.dir/platform/default/src/mbgl/gfx/headless_backend.cpp.o[32m[39m
[33mclang++: warning: argument unused during compilation: '--gcc-toolchain=/Applications/DevEco-Studio.app/Contents/sdk/default/openharmony/native/llvm' [-Wunused-command-line-argument][33m[39m
[32m[402/605] Building CXX object maplibre/CMakeFiles/mbgl-core.dir/platform/harmony/src/run_loop.cpp.o[32m[39m
[33mclang++: warning: argument unused during compilation: '--gcc-toolchain=/Applications/DevEco-Studio.app/Contents/sdk/default/openharmony/native/llvm' [-Wunused-command-line-argument][33m[39m
[32m[403/605] Building CXX object maplibre/CMakeFiles/mbgl-core.dir/platform/default/src/mbgl/text/local_glyph_rasterizer.cpp.o[32m[39m
[33mclang++: warning: argument unused during compilation: '--gcc-toolchain=/Applications/DevEco-Studio.app/Contents/sdk/default/openharmony/native/llvm' [-Wunused-command-line-argument][33m[39m
[32m[404/605] Building CXX object maplibre/CMakeFiles/mbgl-core.dir/src/mbgl/style/layers/custom_drawable_layer.cpp.o[32m[39m
[33mclang++: warning: argument unused during compilation: '--gcc-toolchain=/Applications/DevEco-Studio.app/Contents/sdk/default/openharmony/native/llvm' [-Wunused-command-line-argument][33m[39m
[32m[405/605] Building CXX object maplibre/CMakeFiles/mbgl-core.dir/platform/default/src/mbgl/storage/file_source_request.cpp.o[32m[39m
[33mclang++: warning: argument unused during compilation: '--gcc-toolchain=/Applications/DevEco-Studio.app/Contents/sdk/default/openharmony/native/llvm' [-Wunused-command-line-argument][33m[39m
[32m[406/605] Building CXX object maplibre/CMakeFiles/mbgl-core.dir/platform/default/src/mbgl/storage/local_file_request.cpp.o[32m[39m
[33mclang++: warning: argument unused during compilation: '--gcc-toolchain=/Applications/DevEco-Studio.app/Contents/sdk/default/openharmony/native/llvm' [-Wunused-command-line-argument][33m[39m
[32m[407/605] Building CXX object maplibre/CMakeFiles/mbgl-core.dir/platform/default/src/mbgl/storage/offline.cpp.o[32m[39m
[33mclang++: warning: argument unused during compilation: '--gcc-toolchain=/Applications/DevEco-Studio.app/Contents/sdk/default/openharmony/native/llvm' [-Wunused-command-line-argument][33m[39m
[32m[408/605] Building CXX object maplibre/CMakeFiles/mbgl-core.dir/platform/default/src/mbgl/storage/asset_file_source.cpp.o[32m[39m
[33mclang++: warning: argument unused during compilation: '--gcc-toolchain=/Applications/DevEco-Studio.app/Contents/sdk/default/openharmony/native/llvm' [-Wunused-command-line-argument][33m[39m
[32m[409/605] Building CXX object maplibre/CMakeFiles/mbgl-core.dir/platform/default/src/mbgl/storage/file_source_manager.cpp.o[32m[39m
[33mclang++: warning: argument unused during compilation: '--gcc-toolchain=/Applications/DevEco-Studio.app/Contents/sdk/default/openharmony/native/llvm' [-Wunused-command-line-argument][33m[39m
[32m[410/605] Building CXX object maplibre/CMakeFiles/mbgl-core.dir/platform/default/src/mbgl/storage/local_file_source.cpp.o[32m[39m
[33mclang++: warning: argument unused during compilation: '--gcc-toolchain=/Applications/DevEco-Studio.app/Contents/sdk/default/openharmony/native/llvm' [-Wunused-command-line-argument][33m[39m
[32m[411/605] Building CXX object maplibre/CMakeFiles/mbgl-core.dir/platform/default/src/mbgl/util/monotonic_timer.cpp.o[32m[39m
[33mclang++: warning: argument unused during compilation: '--gcc-toolchain=/Applications/DevEco-Studio.app/Contents/sdk/default/openharmony/native/llvm' [-Wunused-command-line-argument][33m[39m
[32m[412/605] Building CXX object maplibre/CMakeFiles/mbgl-core.dir/platform/default/src/mbgl/storage/offline_database.cpp.o[32m[39m
[33mclang++: warning: argument unused during compilation: '--gcc-toolchain=/Applications/DevEco-Studio.app/Contents/sdk/default/openharmony/native/llvm' [-Wunused-command-line-argument][33m[39m
[32m[413/605] Building CXX object maplibre/CMakeFiles/mbgl-core.dir/platform/default/src/mbgl/util/compression.cpp.o[32m[39m
[33mclang++: warning: argument unused during compilation: '--gcc-toolchain=/Applications/DevEco-Studio.app/Contents/sdk/default/openharmony/native/llvm' [-Wunused-command-line-argument][33m[39m
[32m[414/605] Building CXX object maplibre/CMakeFiles/mbgl-core.dir/platform/default/src/mbgl/storage/sqlite3.cpp.o[32m[39m
[33mclang++: warning: argument unused during compilation: '--gcc-toolchain=/Applications/DevEco-Studio.app/Contents/sdk/default/openharmony/native/llvm' [-Wunused-command-line-argument][33m[39m
[32m[415/605] Building CXX object maplibre/CMakeFiles/mbgl-core.dir/platform/default/src/mbgl/gfx/headless_frontend.cpp.o[32m[39m
[33mclang++: warning: argument unused during compilation: '--gcc-toolchain=/Applications/DevEco-Studio.app/Contents/sdk/default/openharmony/native/llvm' [-Wunused-command-line-argument][33m[39m
[32m[416/605] Building CXX object maplibre/CMakeFiles/mbgl-core.dir/platform/default/src/mbgl/util/filesystem.cpp.o[32m[39m
[33mclang++: warning: argument unused during compilation: '--gcc-toolchain=/Applications/DevEco-Studio.app/Contents/sdk/default/openharmony/native/llvm' [-Wunused-command-line-argument][33m[39m
[32m[417/605] Building CXX object maplibre/CMakeFiles/mbgl-core.dir/platform/default/src/mbgl/text/bidi.cpp.o[32m[39m
[33mclang++: warning: argument unused during compilation: '--gcc-toolchain=/Applications/DevEco-Studio.app/Contents/sdk/default/openharmony/native/llvm' [-Wunused-command-line-argument][33m[39m
[32m[418/605] Building CXX object maplibre/CMakeFiles/mbgl-core.dir/platform/default/src/mbgl/storage/main_resource_loader.cpp.o[32m[39m
[33mclang++: warning: argument unused during compilation: '--gcc-toolchain=/Applications/DevEco-Studio.app/Contents/sdk/default/openharmony/native/llvm' [-Wunused-command-line-argument][33m[39m
[32m[419/605] Building CXX object maplibre/CMakeFiles/mbgl-core.dir/platform/default/src/mbgl/storage/mbtiles_file_source.cpp.o[32m[39m
[33mclang++: warning: argument unused during compilation: '--gcc-toolchain=/Applications/DevEco-Studio.app/Contents/sdk/default/openharmony/native/llvm' [-Wunused-command-line-argument][33m[39m
[32m[420/605] Building CXX object maplibre/CMakeFiles/mbgl-core.dir/platform/default/src/mbgl/storage/database_file_source.cpp.o[32m[39m
[33mclang++: warning: argument unused during compilation: '--gcc-toolchain=/Applications/DevEco-Studio.app/Contents/sdk/default/openharmony/native/llvm' [-Wunused-command-line-argument][33m[39m
[32m[421/605] Building CXX object maplibre/CMakeFiles/mbgl-core.dir/platform/default/src/mbgl/util/thread_local.cpp.o[32m[39m
[33mclang++: warning: argument unused during compilation: '--gcc-toolchain=/Applications/DevEco-Studio.app/Contents/sdk/default/openharmony/native/llvm' [-Wunused-command-line-argument][33m[39m
[32m[422/605] Building CXX object maplibre/CMakeFiles/mbgl-core.dir/src/mbgl/gl/enum.cpp.o[32m[39m
[33mclang++: warning: argument unused during compilation: '--gcc-toolchain=/Applications/DevEco-Studio.app/Contents/sdk/default/openharmony/native/llvm' [-Wunused-command-line-argument][33m[39m
[32m[423/605] Building CXX object maplibre/CMakeFiles/mbgl-core.dir/platform/default/src/mbgl/util/png_writer.cpp.o[32m[39m
[33mclang++: warning: argument unused during compilation: '--gcc-toolchain=/Applications/DevEco-Studio.app/Contents/sdk/default/openharmony/native/llvm' [-Wunused-command-line-argument][33m[39m
[32m[424/605] Building CXX object maplibre/CMakeFiles/mbgl-core.dir/platform/default/src/mbgl/util/utf.cpp.o[32m[39m
[33mclang++: warning: argument unused during compilation: '--gcc-toolchain=/Applications/DevEco-Studio.app/Contents/sdk/default/openharmony/native/llvm' [-Wunused-command-line-argument][33m[39m
[32m[425/605] Building CXX object maplibre/CMakeFiles/mbgl-core.dir/src/mbgl/gl/fence.cpp.o[32m[39m
[33mclang++: warning: argument unused during compilation: '--gcc-toolchain=/Applications/DevEco-Studio.app/Contents/sdk/default/openharmony/native/llvm' [-Wunused-command-line-argument][33m[39m
[32m[426/605] Building CXX object maplibre/CMakeFiles/mbgl-core.dir/src/mbgl/gl/debugging_extension.cpp.o[32m[39m
[33mclang++: warning: argument unused during compilation: '--gcc-toolchain=/Applications/DevEco-Studio.app/Contents/sdk/default/openharmony/native/llvm' [-Wunused-command-line-argument][33m[39m
[32m[427/605] Building CXX object maplibre/CMakeFiles/mbgl-core.dir/platform/default/src/mbgl/map/map_snapshotter.cpp.o[32m[39m
[33mclang++: warning: argument unused during compilation: '--gcc-toolchain=/Applications/DevEco-Studio.app/Contents/sdk/default/openharmony/native/llvm' [-Wunused-command-line-argument][33m[39m
[32m[428/605] Building CXX object maplibre/CMakeFiles/mbgl-core.dir/src/mbgl/gl/renderbuffer_resource.cpp.o[32m[39m
[33mclang++: warning: argument unused during compilation: '--gcc-toolchain=/Applications/DevEco-Studio.app/Contents/sdk/default/openharmony/native/llvm' [-Wunused-command-line-argument][33m[39m
[32m[429/605] Building CXX object maplibre/CMakeFiles/mbgl-core.dir/src/mbgl/gl/attribute.cpp.o[32m[39m
[33mclang++: warning: argument unused during compilation: '--gcc-toolchain=/Applications/DevEco-Studio.app/Contents/sdk/default/openharmony/native/llvm' [-Wunused-command-line-argument][33m[39m
[32m[430/605] Building CXX object maplibre/CMakeFiles/mbgl-core.dir/platform/default/src/mbgl/layermanager/layer_manager.cpp.o[32m[39m
[33mclang++: warning: argument unused during compilation: '--gcc-toolchain=/Applications/DevEco-Studio.app/Contents/sdk/default/openharmony/native/llvm' [-Wunused-command-line-argument][33m[39m
[32m[431/605] Building CXX object maplibre/CMakeFiles/mbgl-core.dir/platform/default/src/mbgl/storage/online_file_source.cpp.o[32m[39m
[33mclang++: warning: argument unused during compilation: '--gcc-toolchain=/Applications/DevEco-Studio.app/Contents/sdk/default/openharmony/native/llvm' [-Wunused-command-line-argument][33m[39m
[32m[432/605] Building CXX object maplibre/CMakeFiles/mbgl-core.dir/src/mbgl/gl/timestamp_query_extension.cpp.o[32m[39m
[33mclang++: warning: argument unused during compilation: '--gcc-toolchain=/Applications/DevEco-Studio.app/Contents/sdk/default/openharmony/native/llvm' [-Wunused-command-line-argument][33m[39m
[32m[433/605] Building CXX object maplibre/CMakeFiles/mbgl-core.dir/src/mbgl/gl/command_encoder.cpp.o[32m[39m
[33mclang++: warning: argument unused during compilation: '--gcc-toolchain=/Applications/DevEco-Studio.app/Contents/sdk/default/openharmony/native/llvm' [-Wunused-command-line-argument][33m[39m
[32m[434/605] Building CXX object maplibre/CMakeFiles/mbgl-core.dir/src/mbgl/gl/index_buffer_resource.cpp.o[32m[39m
[33mclang++: warning: argument unused during compilation: '--gcc-toolchain=/Applications/DevEco-Studio.app/Contents/sdk/default/openharmony/native/llvm' [-Wunused-command-line-argument][33m[39m
[32m[435/605] Building CXX object maplibre/CMakeFiles/mbgl-core.dir/platform/default/src/mbgl/storage/offline_download.cpp.o[32m[39m
[33mclang++: warning: argument unused during compilation: '--gcc-toolchain=/Applications/DevEco-Studio.app/Contents/sdk/default/openharmony/native/llvm' [-Wunused-command-line-argument][33m[39m
[32m[436/605] Building CXX object maplibre/CMakeFiles/mbgl-core.dir/src/mbgl/gl/object.cpp.o[32m[39m
[33mclang++: warning: argument unused during compilation: '--gcc-toolchain=/Applications/DevEco-Studio.app/Contents/sdk/default/openharmony/native/llvm' [-Wunused-command-line-argument][33m[39m
[32m[437/605] Building CXX object maplibre/CMakeFiles/mbgl-core.dir/src/mbgl/gl/offscreen_texture.cpp.o[32m[39m
[33mclang++: warning: argument unused during compilation: '--gcc-toolchain=/Applications/DevEco-Studio.app/Contents/sdk/default/openharmony/native/llvm' [-Wunused-command-line-argument][33m[39m
[32m[438/605] Building CXX object maplibre/CMakeFiles/mbgl-core.dir/src/mbgl/gl/render_pass.cpp.o[32m[39m
[33mclang++: warning: argument unused during compilation: '--gcc-toolchain=/Applications/DevEco-Studio.app/Contents/sdk/default/openharmony/native/llvm' [-Wunused-command-line-argument][33m[39m
[32m[439/605] Building CXX object maplibre/CMakeFiles/mbgl-core.dir/src/mbgl/gl/uniform.cpp.o[32m[39m
[33mclang++: warning: argument unused during compilation: '--gcc-toolchain=/Applications/DevEco-Studio.app/Contents/sdk/default/openharmony/native/llvm' [-Wunused-command-line-argument][33m[39m
[32m[440/605] Building CXX object maplibre/CMakeFiles/mbgl-core.dir/platform/default/src/mbgl/storage/pmtiles_file_source.cpp.o[32m[39m
[33mclang++: warning: argument unused during compilation: '--gcc-toolchain=/Applications/DevEco-Studio.app/Contents/sdk/default/openharmony/native/llvm' [-Wunused-command-line-argument][33m[39m
[32m[441/605] Building CXX object maplibre/CMakeFiles/mbgl-core.dir/src/mbgl/gl/resource_pool.cpp.o[32m[39m
[33mclang++: warning: argument unused during compilation: '--gcc-toolchain=/Applications/DevEco-Studio.app/Contents/sdk/default/openharmony/native/llvm' [-Wunused-command-line-argument][33m[39m
[32m[442/605] Building CXX object maplibre/CMakeFiles/mbgl-core.dir/src/mbgl/gl/vertex_array.cpp.o[32m[39m
[33mclang++: warning: argument unused during compilation: '--gcc-toolchain=/Applications/DevEco-Studio.app/Contents/sdk/default/openharmony/native/llvm' [-Wunused-command-line-argument][33m[39m
[32m[443/605] Building CXX object maplibre/CMakeFiles/mbgl-core.dir/src/mbgl/gl/vertex_buffer_resource.cpp.o[32m[39m
[33mclang++: warning: argument unused during compilation: '--gcc-toolchain=/Applications/DevEco-Studio.app/Contents/sdk/default/openharmony/native/llvm' [-Wunused-command-line-argument][33m[39m
[32m[444/605] Building CXX object maplibre/CMakeFiles/mbgl-core.dir/src/mbgl/gl/value.cpp.o[32m[39m
[33mclang++: warning: argument unused during compilation: '--gcc-toolchain=/Applications/DevEco-Studio.app/Contents/sdk/default/openharmony/native/llvm' [-Wunused-command-line-argument][33m[39m
[32m[445/605] Building CXX object maplibre/CMakeFiles/mbgl-core.dir/src/mbgl/gl/texture2d.cpp.o[32m[39m
[33mclang++: warning: argument unused during compilation: '--gcc-toolchain=/Applications/DevEco-Studio.app/Contents/sdk/default/openharmony/native/llvm' [-Wunused-command-line-argument][33m[39m
[32m[446/605] Building CXX object maplibre/CMakeFiles/mbgl-core.dir/src/mbgl/gl/buffer_allocator.cpp.o[32m[39m
[33mclang++: warning: argument unused during compilation: '--gcc-toolchain=/Applications/DevEco-Studio.app/Contents/sdk/default/openharmony/native/llvm' [-Wunused-command-line-argument][33m[39m
[32m[447/605] Building CXX object maplibre/CMakeFiles/mbgl-vendor-parsedate.dir/vendor/parsedate/parsedate.cpp.o[32m[39m
[33mclang++: warning: argument unused during compilation: '--gcc-toolchain=/Applications/DevEco-Studio.app/Contents/sdk/default/openharmony/native/llvm' [-Wunused-command-line-argument][33m[39m
[32m[448/605] Linking CXX static library maplibre/libmbgl-vendor-parsedate.a[32m[39m
[32m[449/605] Building CXX object maplibre/CMakeFiles/mbgl-vendor-icu.dir/vendor/icu/src/cmemory.cpp.o[32m[39m
[33mclang++: warning: argument unused during compilation: '--gcc-toolchain=/Applications/DevEco-Studio.app/Contents/sdk/default/openharmony/native/llvm' [-Wunused-command-line-argument][33m[39m
[32m[450/605] Building CXX object maplibre/CMakeFiles/mbgl-vendor-icu.dir/vendor/icu/src/cstring.cpp.o[32m[39m
[33mclang++: warning: argument unused during compilation: '--gcc-toolchain=/Applications/DevEco-Studio.app/Contents/sdk/default/openharmony/native/llvm' [-Wunused-command-line-argument][33m[39m
[32m[451/605] Building CXX object maplibre/CMakeFiles/mbgl-vendor-icu.dir/vendor/icu/src/ubidi.cpp.o[32m[39m
[33mclang++: warning: argument unused during compilation: '--gcc-toolchain=/Applications/DevEco-Studio.app/Contents/sdk/default/openharmony/native/llvm' [-Wunused-command-line-argument][33m[39m
[32m[452/605] Building CXX object maplibre/CMakeFiles/mbgl-core.dir/src/mbgl/shaders/gl/shader_info.cpp.o[32m[39m
[33mclang++: warning: argument unused during compilation: '--gcc-toolchain=/Applications/DevEco-Studio.app/Contents/sdk/default/openharmony/native/llvm' [-Wunused-command-line-argument][33m[39m
[32m[453/605] Building CXX object maplibre/CMakeFiles/mbgl-vendor-icu.dir/vendor/icu/src/ubidi_props.cpp.o[32m[39m
[33mclang++: warning: argument unused during compilation: '--gcc-toolchain=/Applications/DevEco-Studio.app/Contents/sdk/default/openharmony/native/llvm' [-Wunused-command-line-argument][33m[39m
[32m[454/605] Building CXX object maplibre/CMakeFiles/mbgl-vendor-icu.dir/vendor/icu/src/ubidiln.cpp.o[32m[39m
[33mclang++: warning: argument unused during compilation: '--gcc-toolchain=/Applications/DevEco-Studio.app/Contents/sdk/default/openharmony/native/llvm' [-Wunused-command-line-argument][33m[39m
[32m[455/605] Building CXX object maplibre/CMakeFiles/mbgl-core.dir/src/mbgl/gl/uniform_buffer_gl.cpp.o[32m[39m
[33mclang++: warning: argument unused during compilation: '--gcc-toolchain=/Applications/DevEco-Studio.app/Contents/sdk/default/openharmony/native/llvm' [-Wunused-command-line-argument][33m[39m
[32m[456/605] Building CXX object maplibre/CMakeFiles/mbgl-vendor-icu.dir/vendor/icu/src/ubidiwrt.cpp.o[32m[39m
[33mclang++: warning: argument unused during compilation: '--gcc-toolchain=/Applications/DevEco-Studio.app/Contents/sdk/default/openharmony/native/llvm' [-Wunused-command-line-argument][33m[39m
[32m[457/605] Building CXX object maplibre/CMakeFiles/mbgl-vendor-icu.dir/vendor/icu/src/udataswp.cpp.o[32m[39m
[33mclang++: warning: argument unused during compilation: '--gcc-toolchain=/Applications/DevEco-Studio.app/Contents/sdk/default/openharmony/native/llvm' [-Wunused-command-line-argument][33m[39m
[32m[458/605] Building CXX object maplibre/CMakeFiles/mbgl-vendor-icu.dir/vendor/icu/src/umath.cpp.o[32m[39m
[33mclang++: warning: argument unused during compilation: '--gcc-toolchain=/Applications/DevEco-Studio.app/Contents/sdk/default/openharmony/native/llvm' [-Wunused-command-line-argument][33m[39m
[32m[459/605] Building CXX object maplibre/CMakeFiles/mbgl-vendor-icu.dir/vendor/icu/src/ushape.cpp.o[32m[39m
[33mclang++: warning: argument unused during compilation: '--gcc-toolchain=/Applications/DevEco-Studio.app/Contents/sdk/default/openharmony/native/llvm' [-Wunused-command-line-argument][33m[39m
[32m[460/605] Building CXX object maplibre/CMakeFiles/mbgl-vendor-icu.dir/vendor/icu/src/ustring.cpp.o[32m[39m
[33mclang++: warning: argument unused during compilation: '--gcc-toolchain=/Applications/DevEco-Studio.app/Contents/sdk/default/openharmony/native/llvm' [-Wunused-command-line-argument][33m[39m
[32m[461/605] Building CXX object maplibre/CMakeFiles/mbgl-vendor-icu.dir/vendor/icu/src/utf_impl.cpp.o[32m[39m
[33mclang++: warning: argument unused during compilation: '--gcc-toolchain=/Applications/DevEco-Studio.app/Contents/sdk/default/openharmony/native/llvm' [-Wunused-command-line-argument][33m[39m
[32m[462/605] Building CXX object maplibre/CMakeFiles/mbgl-vendor-icu.dir/vendor/icu/src/uchar.cpp.o[32m[39m
[33mclang++: warning: argument unused during compilation: '--gcc-toolchain=/Applications/DevEco-Studio.app/Contents/sdk/default/openharmony/native/llvm' [-Wunused-command-line-argument][33m[39m
[32m[463/605] Building CXX object maplibre/CMakeFiles/mbgl-vendor-icu.dir/vendor/icu/src/utypes.cpp.o[32m[39m
[33mclang++: warning: argument unused during compilation: '--gcc-toolchain=/Applications/DevEco-Studio.app/Contents/sdk/default/openharmony/native/llvm' [-Wunused-command-line-argument][33m[39m
[32m[464/605] Building CXX object maplibre/CMakeFiles/mbgl-vendor-icu.dir/vendor/icu/src/utrie2.cpp.o[32m[39m
[33mclang++: warning: argument unused during compilation: '--gcc-toolchain=/Applications/DevEco-Studio.app/Contents/sdk/default/openharmony/native/llvm' [-Wunused-command-line-argument][33m[39m
[32m[465/605] Building C object maplibre/CMakeFiles/mbgl-vendor-nunicode.dir/vendor/nunicode/src/libnu/ducet.c.o[32m[39m
[33mclang: warning: argument unused during compilation: '--gcc-toolchain=/Applications/DevEco-Studio.app/Contents/sdk/default/openharmony/native/llvm' [-Wunused-command-line-argument][33m[39m
[32m[466/605] Building CXX object maplibre/CMakeFiles/mbgl-vendor-csscolorparser.dir/vendor/csscolorparser/csscolorparser.cpp.o[32m[39m
[33mclang++: warning: argument unused during compilation: '--gcc-toolchain=/Applications/DevEco-Studio.app/Contents/sdk/default/openharmony/native/llvm' [-Wunused-command-line-argument][33m[39m
[32m[467/605] Building C object maplibre/CMakeFiles/mbgl-vendor-nunicode.dir/vendor/nunicode/src/libnu/strcoll.c.o[32m[39m
[33mclang: warning: argument unused during compilation: '--gcc-toolchain=/Applications/DevEco-Studio.app/Contents/sdk/default/openharmony/native/llvm' [-Wunused-command-line-argument][33m[39m
[32m[468/605] Building C object maplibre/CMakeFiles/mbgl-vendor-nunicode.dir/vendor/nunicode/src/libnu/strings.c.o[32m[39m
[33mclang: warning: argument unused during compilation: '--gcc-toolchain=/Applications/DevEco-Studio.app/Contents/sdk/default/openharmony/native/llvm' [-Wunused-command-line-argument][33m[39m
[32m[469/605] Building CXX object maplibre/CMakeFiles/mbgl-core.dir/src/mbgl/gl/renderer_backend.cpp.o[32m[39m
[31mFAILED: maplibre/CMakeFiles/mbgl-core.dir/src/mbgl/gl/renderer_backend.cpp.o [31m[39m
[31m/Applications/DevEco-Studio.app/Contents/sdk/default/openharmony/native/llvm/bin/clang++ --target=aarch64-linux-ohos --gcc-toolchain=/Applications/DevEco-Studio.app/Contents/sdk/default/openharmony/native/llvm --sysroot=/Applications/DevEco-Studio.app/Contents/sdk/default/openharmony/native/sysroot -DMBGL_USE_BUILTIN_ICU -DMLN_RENDER_BACKEND_VULKAN=1 -DMLN_TEXT_SHAPING_HARFBUZZ=1 -DRAPIDJSON_HAS_STDSTRING=1 -I/Applications/DevEco-Studio.app/Contents/sdk/default/hms/native/sysroot/usr/include -I/Users/yidafu/github/maplibre-native/src -I/Users/yidafu/github/maplibre-native/include -I/Users/yidafu/github/maplibre-native/platform/default/include -I/Users/yidafu/github/maplibre-native/platform/harmony/maplibre_harmony/src/main/cpp/thirdparty/curl/arm64-v8a/include -I/Users/yidafu/github/maplibre-native/platform/harmony/maplibre_harmony/.cxx/default/default/debug/arm64-v8a/maplibre/vendor/freetype/include -isystem /Users/yidafu/github/maplibre-native/vendor/freetype/include -isystem /Users/yidafu/github/maplibre-native/vendor/harfbuzz/src -isystem /Users/yidafu/github/maplibre-native/vendor/Vulkan-Headers/include -isystem /Users/yidafu/github/maplibre-native/vendor/maplibre-native-base/extras/kdbush.hpp/include -isystem /Users/yidafu/github/maplibre-native/vendor/maplibre-native-base/deps/supercluster.hpp/include -isystem /Users/yidafu/github/maplibre-native/vendor/maplibre-native-base/deps/shelf-pack-cpp/include -isystem /Users/yidafu/github/maplibre-native/vendor/maplibre-native-base/deps/geojson-vt-cpp/include -isystem /Users/yidafu/github/maplibre-native/vendor/maplibre-native-base/deps/cheap-ruler-cpp/include -isystem /Users/yidafu/github/maplibre-native/vendor/boost/include -isystem /Users/yidafu/github/maplibre-native/vendor/earcut.hpp/include -isystem /Users/yidafu/github/maplibre-native/vendor/eternal/include -isystem /Users/yidafu/github/maplibre-native/vendor/parsedate -isystem /Users/yidafu/github/maplibre-native/vendor/PMTiles/cpp -isystem /Users/yidafu/github/maplibre-native/vendor/polylabel/include -isystem /Users/yidafu/github/maplibre-native/vendor/protozero/include -isystem /Users/yidafu/github/maplibre-native/vendor/unique_resource -isystem /Users/yidafu/github/maplibre-native/vendor/vector-tile/include -isystem /Users/yidafu/github/maplibre-native/vendor/wagyu/include -isystem /Users/yidafu/github/maplibre-native/vendor/csscolorparser -isystem /Users/yidafu/github/maplibre-native/vendor/maplibre-native-base/include -isystem /Users/yidafu/github/maplibre-native/vendor/maplibre-native-base/extras/expected-lite/include -isystem /Users/yidafu/github/maplibre-native/vendor/maplibre-native-base/deps/geojson.hpp/include -isystem /Users/yidafu/github/maplibre-native/vendor/maplibre-native-base/deps/geometry.hpp/include -isystem /Users/yidafu/github/maplibre-native/vendor/maplibre-native-base/deps/jni.hpp/include -isystem /Users/yidafu/github/maplibre-native/vendor/maplibre-native-base/deps/pixelmatch-cpp/include -isystem /Users/yidafu/github/maplibre-native/vendor/maplibre-native-base/deps/variant/include -isystem /Users/yidafu/github/maplibre-native/vendor/maplibre-native-base/extras/rapidjson/include -isystem /Users/yidafu/github/maplibre-native/vendor/unordered_dense/include -isystem /Users/yidafu/github/maplibre-native/vendor/VulkanMemoryAllocator/include -isystem /Users/yidafu/github/maplibre-native/vendor/glslang/glslang/.. -isystem /Users/yidafu/github/maplibre-native/platform/harmony/maplibre_harmony/.cxx/default/default/debug/arm64-v8a/include -isystem /Users/yidafu/github/maplibre-native/vendor/glslang/SPIRV/.. -isystem /Users/yidafu/github/maplibre-native/vendor/icu/include -isystem /Users/yidafu/github/maplibre-native/vendor/sqlite/include -isystem /Users/yidafu/github/maplibre-native/vendor/nunicode/include -fdata-sections -ffunction-sections -funwind-tables -fstack-protector-strong -no-canonical-prefixes -fno-addrsig -Wa,--noexecstack -Wformat -Werror=format-security  -std=c++20 -fexceptions -frtti -D__MUSL__ -std=c++20 -fPIC -Wno-error=unused-command-line-argument -frtti -O0 -g -fno-limit-debug-info  -std=c++20 -fPIC -fvisibility=hidden -fvisibility-inlines-hidden -frtti -Wall -Wshadow -Wextra -Werror -pthread -MD -MT maplibre/CMakeFiles/mbgl-core.dir/src/mbgl/gl/renderer_backend.cpp.o -MF maplibre/CMakeFiles/mbgl-core.dir/src/mbgl/gl/renderer_backend.cpp.o.d -o maplibre/CMakeFiles/mbgl-core.dir/src/mbgl/gl/renderer_backend.cpp.o -c /Users/yidafu/github/maplibre-native/src/mbgl/gl/renderer_backend.cpp[31m[39m
[33mclang++: warning: argument unused during compilation: '--gcc-toolchain=/Applications/DevEco-Studio.app/Contents/sdk/default/openharmony/native/llvm' [-Wunused-command-line-argument][33m[39m
[31m/Users/yidafu/github/maplibre-native/src/mbgl/gl/renderer_backend.cpp:110:52: error: implicit instantiation of undefined template 'mbgl::shaders::ShaderSource<mbgl::shaders::BuiltIn::SymbolTextAndIconShader, mbgl::gfx::Backend::Type::OpenGL>'[31m[39m
[31m            const auto name = std::string(shaders::ShaderSource<ShaderID, gfx::Backend::Type::OpenGL>::name);[31m[39m
[31m                                                   ^[31m[39m
[31m/Users/yidafu/github/maplibre-native/src/mbgl/gl/renderer_backend.cpp:121:5: note: in instantiation of function template specialization 'mbgl::gl::registerTypes<mbgl::shaders::BuiltIn::BackgroundShader, mbgl::shaders::BuiltIn::BackgroundPatternShader, mbgl::shaders::BuiltIn::CircleShader, mbgl::shaders::BuiltIn::CollisionBoxShader, mbgl::shaders::BuiltIn::CollisionCircleShader, mbgl::shaders::BuiltIn::CustomGeometryShader, mbgl::shaders::BuiltIn::CustomSymbolIconShader, mbgl::shaders::BuiltIn::DebugShader, mbgl::shaders::BuiltIn::FillShader, mbgl::shaders::BuiltIn::FillOutlineShader, mbgl::shaders::BuiltIn::FillPatternShader, mbgl::shaders::BuiltIn::FillOutlinePatternShader, mbgl::shaders::BuiltIn::FillOutlineTriangulatedShader, mbgl::shaders::BuiltIn::FillExtrusionShader, mbgl::shaders::BuiltIn::FillExtrusionPatternShader, mbgl::shaders::BuiltIn::HeatmapShader, mbgl::shaders::BuiltIn::HeatmapTextureShader, mbgl::shaders::BuiltIn::HillshadePrepareShader, mbgl::shaders::BuiltIn::HillshadeShader, mbgl::shaders::BuiltIn::LineShader, mbgl::shaders::BuiltIn::LineGradientShader, mbgl::shaders::BuiltIn::LinePatternShader, mbgl::shaders::BuiltIn::LineSDFShader, mbgl::shaders::BuiltIn::LocationIndicatorShader, mbgl::shaders::BuiltIn::LocationIndicatorTexturedShader, mbgl::shaders::BuiltIn::RasterShader, mbgl::shaders::BuiltIn::SymbolIconShader, mbgl::shaders::BuiltIn::SymbolSDFShader, mbgl::shaders::BuiltIn::SymbolTextAndIconShader>' requested here[31m[39m
[31m    registerTypes<shaders::BuiltIn::BackgroundShader,[31m[39m
[31m    ^[31m[39m
[31m/Users/yidafu/github/maplibre-native/include/mbgl/shaders/shader_source.hpp:52:8: note: template is declared here[31m[39m
[31mstruct ShaderSource;[31m[39m
[31m       ^[31m[39m
[31m/Users/yidafu/github/maplibre-native/src/mbgl/gl/renderer_backend.cpp:110:52: error: implicit instantiation of undefined template 'mbgl::shaders::ShaderSource<mbgl::shaders::BuiltIn::SymbolSDFShader, mbgl::gfx::Backend::Type::OpenGL>'[31m[39m
[31m            const auto name = std::string(shaders::ShaderSource<ShaderID, gfx::Backend::Type::OpenGL>::name);[31m[39m
[31m                                                   ^[31m[39m
[31m/Users/yidafu/github/maplibre-native/include/mbgl/shaders/shader_source.hpp:52:8: note: template is declared here[31m[39m
[31mstruct ShaderSource;[31m[39m
[31m       ^[31m[39m
[31m/Users/yidafu/github/maplibre-native/src/mbgl/gl/renderer_backend.cpp:110:52: error: implicit instantiation of undefined template 'mbgl::shaders::ShaderSource<mbgl::shaders::BuiltIn::SymbolIconShader, mbgl::gfx::Backend::Type::OpenGL>'[31m[39m
[31m            const auto name = std::string(shaders::ShaderSource<ShaderID, gfx::Backend::Type::OpenGL>::name);[31m[39m
[31m                                                   ^[31m[39m
[31m/Users/yidafu/github/maplibre-native/include/mbgl/shaders/shader_source.hpp:52:8: note: template is declared here[31m[39m
[31mstruct ShaderSource;[31m[39m
[31m       ^[31m[39m
[31m/Users/yidafu/github/maplibre-native/src/mbgl/gl/renderer_backend.cpp:110:52: error: implicit instantiation of undefined template 'mbgl::shaders::ShaderSource<mbgl::shaders::BuiltIn::RasterShader, mbgl::gfx::Backend::Type::OpenGL>'[31m[39m
[31m            const auto name = std::string(shaders::ShaderSource<ShaderID, gfx::Backend::Type::OpenGL>::name);[31m[39m
[31m                                                   ^[31m[39m
[31m/Users/yidafu/github/maplibre-native/include/mbgl/shaders/shader_source.hpp:52:8: note: template is declared here[31m[39m
[31mstruct ShaderSource;[31m[39m
[31m       ^[31m[39m
[31m/Users/yidafu/github/maplibre-native/src/mbgl/gl/renderer_backend.cpp:110:52: error: implicit instantiation of undefined template 'mbgl::shaders::ShaderSource<mbgl::shaders::BuiltIn::LocationIndicatorTexturedShader, mbgl::gfx::Backend::Type::OpenGL>'[31m[39m
[31m            const auto name = std::string(shaders::ShaderSource<ShaderID, gfx::Backend::Type::OpenGL>::name);[31m[39m
[31m                                                   ^[31m[39m
[31m/Users/yidafu/github/maplibre-native/include/mbgl/shaders/shader_source.hpp:52:8: note: template is declared here[31m[39m
[31mstruct ShaderSource;[31m[39m
[31m       ^[31m[39m
[31m/Users/yidafu/github/maplibre-native/src/mbgl/gl/renderer_backend.cpp:110:52: error: implicit instantiation of undefined template 'mbgl::shaders::ShaderSource<mbgl::shaders::BuiltIn::LocationIndicatorShader, mbgl::gfx::Backend::Type::OpenGL>'[31m[39m
[31m            const auto name = std::string(shaders::ShaderSource<ShaderID, gfx::Backend::Type::OpenGL>::name);[31m[39m
[31m                                                   ^[31m[39m
[31m/Users/yidafu/github/maplibre-native/include/mbgl/shaders/shader_source.hpp:52:8: note: template is declared here[31m[39m
[31mstruct ShaderSource;[31m[39m
[31m       ^[31m[39m
[31m/Users/yidafu/github/maplibre-native/src/mbgl/gl/renderer_backend.cpp:110:52: error: implicit instantiation of undefined template 'mbgl::shaders::ShaderSource<mbgl::shaders::BuiltIn::LineSDFShader, mbgl::gfx::Backend::Type::OpenGL>'[31m[39m
[31m            const auto name = std::string(shaders::ShaderSource<ShaderID, gfx::Backend::Type::OpenGL>::name);[31m[39m
[31m                                                   ^[31m[39m
[31m/Users/yidafu/github/maplibre-native/include/mbgl/shaders/shader_source.hpp:52:8: note: template is declared here[31m[39m
[31mstruct ShaderSource;[31m[39m
[31m       ^[31m[39m
[31m/Users/yidafu/github/maplibre-native/src/mbgl/gl/renderer_backend.cpp:110:52: error: implicit instantiation of undefined template 'mbgl::shaders::ShaderSource<mbgl::shaders::BuiltIn::LinePatternShader, mbgl::gfx::Backend::Type::OpenGL>'[31m[39m
[31m            const auto name = std::string(shaders::ShaderSource<ShaderID, gfx::Backend::Type::OpenGL>::name);[31m[39m
[31m                                                   ^[31m[39m
[31m/Users/yidafu/github/maplibre-native/include/mbgl/shaders/shader_source.hpp:52:8: note: template is declared here[31m[39m
[31mstruct ShaderSource;[31m[39m
[31m       ^[31m[39m
[31m/Users/yidafu/github/maplibre-native/src/mbgl/gl/renderer_backend.cpp:110:52: error: implicit instantiation of undefined template 'mbgl::shaders::ShaderSource<mbgl::shaders::BuiltIn::LineGradientShader, mbgl::gfx::Backend::Type::OpenGL>'[31m[39m
[31m            const auto name = std::string(shaders::ShaderSource<ShaderID, gfx::Backend::Type::OpenGL>::name);[31m[39m
[31m                                                   ^[31m[39m
[31m/Users/yidafu/github/maplibre-native/include/mbgl/shaders/shader_source.hpp:52:8: note: template is declared here[31m[39m
[31mstruct ShaderSource;[31m[39m
[31m       ^[31m[39m
[31m/Users/yidafu/github/maplibre-native/src/mbgl/gl/renderer_backend.cpp:110:52: error: implicit instantiation of undefined template 'mbgl::shaders::ShaderSource<mbgl::shaders::BuiltIn::LineShader, mbgl::gfx::Backend::Type::OpenGL>'[31m[39m
[31m            const auto name = std::string(shaders::ShaderSource<ShaderID, gfx::Backend::Type::OpenGL>::name);[31m[39m
[31m                                                   ^[31m[39m
[31m/Users/yidafu/github/maplibre-native/include/mbgl/shaders/shader_source.hpp:52:8: note: template is declared here[31m[39m
[31mstruct ShaderSource;[31m[39m
[31m       ^[31m[39m
[31m/Users/yidafu/github/maplibre-native/src/mbgl/gl/renderer_backend.cpp:110:52: error: implicit instantiation of undefined template 'mbgl::shaders::ShaderSource<mbgl::shaders::BuiltIn::HillshadeShader, mbgl::gfx::Backend::Type::OpenGL>'[31m[39m
[31m            const auto name = std::string(shaders::ShaderSource<ShaderID, gfx::Backend::Type::OpenGL>::name);[31m[39m
[31m                                                   ^[31m[39m
[31m/Users/yidafu/github/maplibre-native/include/mbgl/shaders/shader_source.hpp:52:8: note: template is declared here[31m[39m
[31mstruct ShaderSource;[31m[39m
[31m       ^[31m[39m
[31m/Users/yidafu/github/maplibre-native/src/mbgl/gl/renderer_backend.cpp:110:52: error: implicit instantiation of undefined template 'mbgl::shaders::ShaderSource<mbgl::shaders::BuiltIn::HillshadePrepareShader, mbgl::gfx::Backend::Type::OpenGL>'[31m[39m
[31m            const auto name = std::string(shaders::ShaderSource<ShaderID, gfx::Backend::Type::OpenGL>::name);[31m[39m
[31m                                                   ^[31m[39m
[31m/Users/yidafu/github/maplibre-native/include/mbgl/shaders/shader_source.hpp:52:8: note: template is declared here[31m[39m
[31mstruct ShaderSource;[31m[39m
[31m       ^[31m[39m
[31m/Users/yidafu/github/maplibre-native/src/mbgl/gl/renderer_backend.cpp:110:52: error: implicit instantiation of undefined template 'mbgl::shaders::ShaderSource<mbgl::shaders::BuiltIn::HeatmapTextureShader, mbgl::gfx::Backend::Type::OpenGL>'[31m[39m
[31m            const auto name = std::string(shaders::ShaderSource<ShaderID, gfx::Backend::Type::OpenGL>::name);[31m[39m
[31m                                                   ^[31m[39m
[31m/Users/yidafu/github/maplibre-native/include/mbgl/shaders/shader_source.hpp:52:8: note: template is declared here[31m[39m
[31mstruct ShaderSource;[31m[39m
[31m       ^[31m[39m
[31m/Users/yidafu/github/maplibre-native/src/mbgl/gl/renderer_backend.cpp:110:52: error: implicit instantiation of undefined template 'mbgl::shaders::ShaderSource<mbgl::shaders::BuiltIn::HeatmapShader, mbgl::gfx::Backend::Type::OpenGL>'[31m[39m
[31m            const auto name = std::string(shaders::ShaderSource<ShaderID, gfx::Backend::Type::OpenGL>::name);[31m[39m
[31m                                                   ^[31m[39m
[31m/Users/yidafu/github/maplibre-native/include/mbgl/shaders/shader_source.hpp:52:8: note: template is declared here[31m[39m
[31mstruct ShaderSource;[31m[39m
[31m       ^[31m[39m
[31m/Users/yidafu/github/maplibre-native/src/mbgl/gl/renderer_backend.cpp:110:52: error: implicit instantiation of undefined template 'mbgl::shaders::ShaderSource<mbgl::shaders::BuiltIn::FillExtrusionPatternShader, mbgl::gfx::Backend::Type::OpenGL>'[31m[39m
[31m            const auto name = std::string(shaders::ShaderSource<ShaderID, gfx::Backend::Type::OpenGL>::name);[31m[39m
[31m                                                   ^[31m[39m
[31m/Users/yidafu/github/maplibre-native/include/mbgl/shaders/shader_source.hpp:52:8: note: template is declared here[31m[39m
[31mstruct ShaderSource;[31m[39m
[31m       ^[31m[39m
[31m/Users/yidafu/github/maplibre-native/src/mbgl/gl/renderer_backend.cpp:110:52: error: implicit instantiation of undefined template 'mbgl::shaders::ShaderSource<mbgl::shaders::BuiltIn::FillExtrusionShader, mbgl::gfx::Backend::Type::OpenGL>'[31m[39m
[31m            const auto name = std::string(shaders::ShaderSource<ShaderID, gfx::Backend::Type::OpenGL>::name);[31m[39m
[31m                                                   ^[31m[39m
[31m/Users/yidafu/github/maplibre-native/include/mbgl/shaders/shader_source.hpp:52:8: note: template is declared here[31m[39m
[31mstruct ShaderSource;[31m[39m
[31m       ^[31m[39m
[31m/Users/yidafu/github/maplibre-native/src/mbgl/gl/renderer_backend.cpp:110:52: error: implicit instantiation of undefined template 'mbgl::shaders::ShaderSource<mbgl::shaders::BuiltIn::FillOutlineTriangulatedShader, mbgl::gfx::Backend::Type::OpenGL>'[31m[39m
[31m            const auto name = std::string(shaders::ShaderSource<ShaderID, gfx::Backend::Type::OpenGL>::name);[31m[39m
[31m                                                   ^[31m[39m
[31m/Users/yidafu/github/maplibre-native/include/mbgl/shaders/shader_source.hpp:52:8: note: template is declared here[31m[39m
[31mstruct ShaderSource;[31m[39m
[31m       ^[31m[39m
[31m/Users/yidafu/github/maplibre-native/src/mbgl/gl/renderer_backend.cpp:110:52: error: implicit instantiation of undefined template 'mbgl::shaders::ShaderSource<mbgl::shaders::BuiltIn::FillOutlinePatternShader, mbgl::gfx::Backend::Type::OpenGL>'[31m[39m
[31m            const auto name = std::string(shaders::ShaderSource<ShaderID, gfx::Backend::Type::OpenGL>::name);[31m[39m
[31m                                                   ^[31m[39m
[31m/Users/yidafu/github/maplibre-native/include/mbgl/shaders/shader_source.hpp:52:8: note: template is declared here[31m[39m
[31mstruct ShaderSource;[31m[39m
[31m       ^[31m[39m
[31m/Users/yidafu/github/maplibre-native/src/mbgl/gl/renderer_backend.cpp:110:52: error: implicit instantiation of undefined template 'mbgl::shaders::ShaderSource<mbgl::shaders::BuiltIn::FillPatternShader, mbgl::gfx::Backend::Type::OpenGL>'[31m[39m
[31m            const auto name = std::string(shaders::ShaderSource<ShaderID, gfx::Backend::Type::OpenGL>::name);[31m[39m
[31m                                                   ^[31m[39m
[31m/Users/yidafu/github/maplibre-native/include/mbgl/shaders/shader_source.hpp:52:8: note: template is declared here[31m[39m
[31mstruct ShaderSource;[31m[39m
[31m       ^[31m[39m
[31mfatal error: too many errors emitted, stopping now [-ferror-limit=][31m[39m
[33m20 errors generated.[33m[39m
[32m[470/605] Linking CXX static library maplibre/libmbgl-vendor-csscolorparser.a[32m[39m
[32m[471/605] Building C object maplibre/CMakeFiles/mbgl-vendor-nunicode.dir/vendor/nunicode/src/libnu/tolower.c.o[32m[39m
[33mclang: warning: argument unused during compilation: '--gcc-toolchain=/Applications/DevEco-Studio.app/Contents/sdk/default/openharmony/native/llvm' [-Wunused-command-line-argument][33m[39m
[32m[472/605] Building CXX object maplibre/CMakeFiles/mbgl-vendor-icu.dir/vendor/icu/src/uinvchar.cpp.o[32m[39m
[33mclang++: warning: argument unused during compilation: '--gcc-toolchain=/Applications/DevEco-Studio.app/Contents/sdk/default/openharmony/native/llvm' [-Wunused-command-line-argument][33m[39m
[32m[473/605] Building CXX object maplibre/CMakeFiles/mbgl-core.dir/src/mbgl/gl/context.cpp.o[32m[39m
[33mclang++: warning: argument unused during compilation: '--gcc-toolchain=/Applications/DevEco-Studio.app/Contents/sdk/default/openharmony/native/llvm' [-Wunused-command-line-argument][33m[39m
[32m[474/605] Building CXX object maplibre/CMakeFiles/mbgl-core.dir/src/mbgl/gl/upload_pass.cpp.o[32m[39m
[33mclang++: warning: argument unused during compilation: '--gcc-toolchain=/Applications/DevEco-Studio.app/Contents/sdk/default/openharmony/native/llvm' [-Wunused-command-line-argument][33m[39m
[32m[475/605] Building CXX object maplibre/CMakeFiles/mbgl-core.dir/src/mbgl/gl/drawable_gl.cpp.o[32m[39m
[33mclang++: warning: argument unused during compilation: '--gcc-toolchain=/Applications/DevEco-Studio.app/Contents/sdk/default/openharmony/native/llvm' [-Wunused-command-line-argument][33m[39m
[32m[476/605] Building CXX object maplibre/CMakeFiles/mbgl-core.dir/src/mbgl/gl/layer_group_gl.cpp.o[32m[39m
[33mclang++: warning: argument unused during compilation: '--gcc-toolchain=/Applications/DevEco-Studio.app/Contents/sdk/default/openharmony/native/llvm' [-Wunused-command-line-argument][33m[39m
[32m[477/605] Building CXX object maplibre/CMakeFiles/mbgl-core.dir/src/mbgl/gl/drawable_gl_builder.cpp.o[32m[39m
[33mclang++: warning: argument unused during compilation: '--gcc-toolchain=/Applications/DevEco-Studio.app/Contents/sdk/default/openharmony/native/llvm' [-Wunused-command-line-argument][33m[39m
[32m[478/605] Building CXX object maplibre/CMakeFiles/mbgl-core.dir/src/mbgl/shaders/gl/shader_program_gl.cpp.o[32m[39m
[31mFAILED: maplibre/CMakeFiles/mbgl-core.dir/src/mbgl/shaders/gl/shader_program_gl.cpp.o [31m[39m
[31m/Applications/DevEco-Studio.app/Contents/sdk/default/openharmony/native/llvm/bin/clang++ --target=aarch64-linux-ohos --gcc-toolchain=/Applications/DevEco-Studio.app/Contents/sdk/default/openharmony/native/llvm --sysroot=/Applications/DevEco-Studio.app/Contents/sdk/default/openharmony/native/sysroot -DMBGL_USE_BUILTIN_ICU -DMLN_RENDER_BACKEND_VULKAN=1 -DMLN_TEXT_SHAPING_HARFBUZZ=1 -DRAPIDJSON_HAS_STDSTRING=1 -I/Applications/DevEco-Studio.app/Contents/sdk/default/hms/native/sysroot/usr/include -I/Users/yidafu/github/maplibre-native/src -I/Users/yidafu/github/maplibre-native/include -I/Users/yidafu/github/maplibre-native/platform/default/include -I/Users/yidafu/github/maplibre-native/platform/harmony/maplibre_harmony/src/main/cpp/thirdparty/curl/arm64-v8a/include -I/Users/yidafu/github/maplibre-native/platform/harmony/maplibre_harmony/.cxx/default/default/debug/arm64-v8a/maplibre/vendor/freetype/include -isystem /Users/yidafu/github/maplibre-native/vendor/freetype/include -isystem /Users/yidafu/github/maplibre-native/vendor/harfbuzz/src -isystem /Users/yidafu/github/maplibre-native/vendor/Vulkan-Headers/include -isystem /Users/yidafu/github/maplibre-native/vendor/maplibre-native-base/extras/kdbush.hpp/include -isystem /Users/yidafu/github/maplibre-native/vendor/maplibre-native-base/deps/supercluster.hpp/include -isystem /Users/yidafu/github/maplibre-native/vendor/maplibre-native-base/deps/shelf-pack-cpp/include -isystem /Users/yidafu/github/maplibre-native/vendor/maplibre-native-base/deps/geojson-vt-cpp/include -isystem /Users/yidafu/github/maplibre-native/vendor/maplibre-native-base/deps/cheap-ruler-cpp/include -isystem /Users/yidafu/github/maplibre-native/vendor/boost/include -isystem /Users/yidafu/github/maplibre-native/vendor/earcut.hpp/include -isystem /Users/yidafu/github/maplibre-native/vendor/eternal/include -isystem /Users/yidafu/github/maplibre-native/vendor/parsedate -isystem /Users/yidafu/github/maplibre-native/vendor/PMTiles/cpp -isystem /Users/yidafu/github/maplibre-native/vendor/polylabel/include -isystem /Users/yidafu/github/maplibre-native/vendor/protozero/include -isystem /Users/yidafu/github/maplibre-native/vendor/unique_resource -isystem /Users/yidafu/github/maplibre-native/vendor/vector-tile/include -isystem /Users/yidafu/github/maplibre-native/vendor/wagyu/include -isystem /Users/yidafu/github/maplibre-native/vendor/csscolorparser -isystem /Users/yidafu/github/maplibre-native/vendor/maplibre-native-base/include -isystem /Users/yidafu/github/maplibre-native/vendor/maplibre-native-base/extras/expected-lite/include -isystem /Users/yidafu/github/maplibre-native/vendor/maplibre-native-base/deps/geojson.hpp/include -isystem /Users/yidafu/github/maplibre-native/vendor/maplibre-native-base/deps/geometry.hpp/include -isystem /Users/yidafu/github/maplibre-native/vendor/maplibre-native-base/deps/jni.hpp/include -isystem /Users/yidafu/github/maplibre-native/vendor/maplibre-native-base/deps/pixelmatch-cpp/include -isystem /Users/yidafu/github/maplibre-native/vendor/maplibre-native-base/deps/variant/include -isystem /Users/yidafu/github/maplibre-native/vendor/maplibre-native-base/extras/rapidjson/include -isystem /Users/yidafu/github/maplibre-native/vendor/unordered_dense/include -isystem /Users/yidafu/github/maplibre-native/vendor/VulkanMemoryAllocator/include -isystem /Users/yidafu/github/maplibre-native/vendor/glslang/glslang/.. -isystem /Users/yidafu/github/maplibre-native/platform/harmony/maplibre_harmony/.cxx/default/default/debug/arm64-v8a/include -isystem /Users/yidafu/github/maplibre-native/vendor/glslang/SPIRV/.. -isystem /Users/yidafu/github/maplibre-native/vendor/icu/include -isystem /Users/yidafu/github/maplibre-native/vendor/sqlite/include -isystem /Users/yidafu/github/maplibre-native/vendor/nunicode/include -fdata-sections -ffunction-sections -funwind-tables -fstack-protector-strong -no-canonical-prefixes -fno-addrsig -Wa,--noexecstack -Wformat -Werror=format-security  -std=c++20 -fexceptions -frtti -D__MUSL__ -std=c++20 -fPIC -Wno-error=unused-command-line-argument -frtti -O0 -g -fno-limit-debug-info  -std=c++20 -fPIC -fvisibility=hidden -fvisibility-inlines-hidden -frtti -Wall -Wshadow -Wextra -Werror -pthread -MD -MT maplibre/CMakeFiles/mbgl-core.dir/src/mbgl/shaders/gl/shader_program_gl.cpp.o -MF maplibre/CMakeFiles/mbgl-core.dir/src/mbgl/shaders/gl/shader_program_gl.cpp.o.d -o maplibre/CMakeFiles/mbgl-core.dir/src/mbgl/shaders/gl/shader_program_gl.cpp.o -c /Users/yidafu/github/maplibre-native/src/mbgl/shaders/gl/shader_program_gl.cpp[31m[39m
[33mclang++: warning: argument unused during compilation: '--gcc-toolchain=/Applications/DevEco-Studio.app/Contents/sdk/default/openharmony/native/llvm' [-Wunused-command-line-argument][33m[39m
[31m/Users/yidafu/github/maplibre-native/src/mbgl/shaders/gl/shader_program_gl.cpp:129:26: error: implicit instantiation of undefined template 'mbgl::shaders::ShaderSource<mbgl::shaders::BuiltIn::Prelude, mbgl::gfx::Backend::Type::OpenGL>'[31m[39m
[31m                shaders::ShaderSource<shaders::BuiltIn::Prelude, gfx::Backend::Type::OpenGL>::vertex,[31m[39m
[31m                         ^[31m[39m
[31m/Users/yidafu/github/maplibre-native/include/mbgl/shaders/shader_source.hpp:52:8: note: template is declared here[31m[39m
[31mstruct ShaderSource;[31m[39m
[31m       ^[31m[39m
[31m/Users/yidafu/github/maplibre-native/src/mbgl/shaders/gl/shader_program_gl.cpp:136:23: error: implicit instantiation of undefined template 'mbgl::shaders::ShaderSource<mbgl::shaders::BuiltIn::Prelude, mbgl::gfx::Backend::Type::OpenGL>'[31m[39m
[31m             shaders::ShaderSource<shaders::BuiltIn::Prelude, gfx::Backend::Type::OpenGL>::fragment,[31m[39m
[31m                      ^[31m[39m
[31m/Users/yidafu/github/maplibre-native/include/mbgl/shaders/shader_source.hpp:52:8: note: template is declared here[31m[39m
[31mstruct ShaderSource;[31m[39m
[31m       ^[31m[39m
[33m2 errors generated.[33m[39m
[32m[479/605] Building CXX object maplibre/CMakeFiles/mbgl-core.dir/platform/default/src/mbgl/vulkan/headless_backend.cpp.o[32m[39m
[33mclang++: warning: argument unused during compilation: '--gcc-toolchain=/Applications/DevEco-Studio.app/Contents/sdk/default/openharmony/native/llvm' [-Wunused-command-line-argument][33m[39m
[32m[480/605] Building CXX object maplibre/CMakeFiles/mbgl-core.dir/src/mbgl/gl/vertex_attribute_gl.cpp.o[32m[39m
[33mclang++: warning: argument unused during compilation: '--gcc-toolchain=/Applications/DevEco-Studio.app/Contents/sdk/default/openharmony/native/llvm' [-Wunused-command-line-argument][33m[39m
[32m[481/605] Building CXX object maplibre/CMakeFiles/mbgl-core.dir/src/mbgl/shaders/gl/legacy/programs.cpp.o[32m[39m
[33mclang++: warning: argument unused during compilation: '--gcc-toolchain=/Applications/DevEco-Studio.app/Contents/sdk/default/openharmony/native/llvm' [-Wunused-command-line-argument][33m[39m
[32m[482/605] Building C object maplibre/CMakeFiles/mbgl-vendor-sqlite.dir/vendor/sqlite/src/sqlite3.c.o[32m[39m
[33mclang: warning: argument unused during compilation: '--gcc-toolchain=/Applications/DevEco-Studio.app/Contents/sdk/default/openharmony/native/llvm' [-Wunused-command-line-argument][33m[39m
[31mninja: build stopped: subcommand failed.[31m[39m
undefined

[31m* Try:
> Run with --stacktrace option to get the stack trace.
> Run with --debug option to get more log output.
[39m
> hvigor [91mERROR: BUILD FAILED in 1 min 56 s 210 ms [39m
