10-26 10:25:28.573   36707-37097   A00000/org.map...ineFileSource  org.maplibre.harmony  I     Response callback completed
10-26 10:25:28.573   36707-37097   A00000/org.map...rmony/Network  org.maplibre.harmony  W     Request completed with error: Couldn't resolve host name
10-26 10:25:28.573   36707-37097   A00000/org.map...rmony/Network  org.maplibre.harmony  W     Request failed: Couldn't resolve host name
10-26 10:25:28.573   36707-37097   A00000/org.map...ineFileSource  org.maplibre.harmony  I     ========== HTTP RESPONSE CALLBACK ==========
10-26 10:25:28.573   36707-37097   A00000/org.map...ineFileSource  org.maplibre.harmony  I     URL: https://demotiles.maplibre.org/tiles/3/6/1.pbf
10-26 10:25:28.573   36707-37097   A00000/org.map...ineFileSource  org.maplibre.harmony  I     ⚠️ Response has ERROR: reason=4, message=Couldn't resolve host name: Could not resolve host: demotiles.maplibre.org
10-26 10:25:28.574   36707-37075   A00000/org.map...mony/MAPLIBRE  org.maplibre.harmony  E     [ERROR] {aplibre.harmony}[Style]: Failed to load tile 3/5/4=>3 for source maplibre: Couldn't resolve host name: Could not resolve host: demotiles.maplibre.org
10-26 10:25:28.584   36707-37097   A00000/org.map...ineFileSource  org.maplibre.harmony  I     ========== OnlineFileRequest::completed() ==========
10-26 10:25:28.584   36707-37097   A00000/org.map...ineFileSource  org.maplibre.harmony  I     URL: https://demotiles.maplibre.org/tiles/3/6/1.pbf
10-26 10:25:28.584   36707-37097   A00000/org.map...ineFileSource  org.maplibre.harmony  I     Response has error: Couldn't resolve host name: Could not resolve host: demotiles.maplibre.org
10-26 10:25:28.584   36707-37097   A00000/org.map...ineFileSource  org.maplibre.harmony  I     ========== OnlineFileRequest::schedule() ==========
10-26 10:25:28.584   36707-37097   A00000/org.map...ineFileSource  org.maplibre.harmony  I     URL: https://demotiles.maplibre.org/tiles/3/6/1.pbf
10-26 10:25:28.584   36707-37097   A00000/org.map...ineFileSource  org.maplibre.harmony  I     Timeout: 1000 ms
10-26 10:25:28.584   36707-37097   A00000/org.map...ineFileSource  org.maplibre.harmony  I     NetworkStatus is ONLINE
10-26 10:25:28.584   36707-37097   A00000/org.map...ineFileSource  org.maplibre.harmony  I     Starting timer with timeout=1000 ms, will call activateOrQueueRequest
10-26 10:25:28.584   36707-37097   A00000/org.map...harmony/Timer  org.maplibre.harmony  D     Timer started: timeout=<private> ms, repeat=<private> ms, runLoop=<private>
10-26 10:25:28.584   36707-37097   A00000/org.map...ineFileSource  org.maplibre.harmony  I     Timer started successfully
10-26 10:25:28.585   36707-37097   A00000/org.map...ineFileSource  org.maplibre.harmony  I     Calling final response callback to deliver result to requestor
10-26 10:25:28.585   36707-37097   A00000/org.map...ineFileSource  org.maplibre.harmony  I     ========== Response received, invoking FileSourceRequest::setResponse ==========
10-26 10:25:28.585   36707-37097   A00000/org.map...ineFileSource  org.maplibre.harmony  I     Response callback completed
10-26 10:25:28.585   36707-37097   A00000/org.map...rmony/Network  org.maplibre.harmony  W     Request completed with error: Couldn't resolve host name
10-26 10:25:28.585   36707-37097   A00000/org.map...rmony/Network  org.maplibre.harmony  W     Request failed: Couldn't resolve host name
10-26 10:25:28.585   36707-37097   A00000/org.map...ineFileSource  org.maplibre.harmony  I     ========== HTTP RESPONSE CALLBACK ==========
10-26 10:25:28.585   36707-37097   A00000/org.map...ineFileSource  org.maplibre.harmony  I     URL: https://demotiles.maplibre.org/tiles/3/7/1.pbf
10-26 10:25:28.585   36707-37097   A00000/org.map...ineFileSource  org.maplibre.harmony  I     ⚠️ Response has ERROR: reason=4, message=Couldn't resolve host name: Could not resolve host: demotiles.maplibre.org
10-26 10:25:28.585   36707-37075   A00000/org.map...mony/MAPLIBRE  org.maplibre.harmony  E     [ERROR] {aplibre.harmony}[Style]: Failed to load tile 3/6/1=>3 for source maplibre: Couldn't resolve host name: Could not resolve host: demotiles.maplibre.org
10-26 10:25:28.595   36707-37097   A00000/org.map...ineFileSource  org.maplibre.harmony  I     ========== OnlineFileRequest::completed() ==========
10-26 10:25:28.595   36707-37097   A00000/org.map...ineFileSource  org.maplibre.harmony  I     URL: https://demotiles.maplibre.org/tiles/3/7/1.pbf
10-26 10:25:28.595   36707-37097   A00000/org.map...ineFileSource  org.maplibre.harmony  I     Response has error: Couldn't resolve host name: Could not resolve host: demotiles.maplibre.org
10-26 10:25:28.595   36707-37097   A00000/org.map...ineFileSource  org.maplibre.harmony  I     ========== OnlineFileRequest::schedule() ==========
10-26 10:25:28.595   36707-37097   A00000/org.map...ineFileSource  org.maplibre.harmony  I     URL: https://demotiles.maplibre.org/tiles/3/7/1.pbf
10-26 10:25:28.595   36707-37097   A00000/org.map...ineFileSource  org.maplibre.harmony  I     Timeout: 1000 ms
10-26 10:25:28.595   36707-37097   A00000/org.map...ineFileSource  org.maplibre.harmony  I     NetworkStatus is ONLINE
10-26 10:25:28.595   36707-37097   A00000/org.map...ineFileSource  org.maplibre.harmony  I     Starting timer with timeout=1000 ms, will call activateOrQueueRequest
10-26 10:25:28.595   36707-37097   A00000/org.map...harmony/Timer  org.maplibre.harmony  D     Timer started: timeout=<private> ms, repeat=<private> ms, runLoop=<private>
10-26 10:25:28.596   36707-37097   A00000/org.map...ineFileSource  org.maplibre.harmony  I     Timer started successfully
10-26 10:25:28.596   36707-37097   A00000/org.map...ineFileSource  org.maplibre.harmony  I     Calling final response callback to deliver result to requestor
10-26 10:25:28.596   36707-37097   A00000/org.map...ineFileSource  org.maplibre.harmony  I     ========== Response received, invoking FileSourceRequest::setResponse ==========
10-26 10:25:28.596   36707-37097   A00000/org.map...ineFileSource  org.maplibre.harmony  I     Response callback completed
10-26 10:25:28.596   36707-37097   A00000/org.map...rmony/Network  org.maplibre.harmony  W     Request completed with error: Couldn't resolve host name
10-26 10:25:28.596   36707-37097   A00000/org.map...rmony/Network  org.maplibre.harmony  W     Request failed: Couldn't resolve host name
10-26 10:25:28.596   36707-37097   A00000/org.map...ineFileSource  org.maplibre.harmony  I     ========== HTTP RESPONSE CALLBACK ==========
10-26 10:25:28.596   36707-37097   A00000/org.map...ineFileSource  org.maplibre.harmony  I     URL: https://demotiles.maplibre.org/tiles/3/5/1.pbf
10-26 10:25:28.596   36707-37097   A00000/org.map...ineFileSource  org.maplibre.harmony  I     ⚠️ Response has ERROR: reason=4, message=Couldn't resolve host name: Could not resolve host: demotiles.maplibre.org
10-26 10:25:28.597   36707-37075   A00000/org.map...mony/MAPLIBRE  org.maplibre.harmony  E     [ERROR] {aplibre.harmony}[Style]: Failed to load tile 3/7/1=>3 for source maplibre: Couldn't resolve host name: Could not resolve host: demotiles.maplibre.org
10-26 10:25:28.607   36707-37097   A00000/org.map...ineFileSource  org.maplibre.harmony  I     ========== OnlineFileRequest::completed() ==========
10-26 10:25:28.607   36707-37097   A00000/org.map...ineFileSource  org.maplibre.harmony  I     URL: https://demotiles.maplibre.org/tiles/3/5/1.pbf
10-26 10:25:28.607   36707-37097   A00000/org.map...ineFileSource  org.maplibre.harmony  I     Response has error: Couldn't resolve host name: Could not resolve host: demotiles.maplibre.org
10-26 10:25:28.607   36707-37097   A00000/org.map...ineFileSource  org.maplibre.harmony  I     ========== OnlineFileRequest::schedule() ==========
10-26 10:25:28.607   36707-37097   A00000/org.map...ineFileSource  org.maplibre.harmony  I     URL: https://demotiles.maplibre.org/tiles/3/5/1.pbf
10-26 10:25:28.607   36707-37097   A00000/org.map...ineFileSource  org.maplibre.harmony  I     Timeout: 1000 ms
10-26 10:25:28.607   36707-37097   A00000/org.map...ineFileSource  org.maplibre.harmony  I     NetworkStatus is ONLINE
10-26 10:25:28.607   36707-37097   A00000/org.map...ineFileSource  org.maplibre.harmony  I     Starting timer with timeout=1000 ms, will call activateOrQueueRequest
10-26 10:25:28.607   36707-37097   A00000/org.map...harmony/Timer  org.maplibre.harmony  D     Timer started: timeout=<private> ms, repeat=<private> ms, runLoop=<private>
10-26 10:25:28.607   36707-37097   A00000/org.map...ineFileSource  org.maplibre.harmony  I     Timer started successfully
10-26 10:25:28.607   36707-37097   A00000/org.map...ineFileSource  org.maplibre.harmony  I     Calling final response callback to deliver result to requestor
10-26 10:25:28.607   36707-37097   A00000/org.map...ineFileSource  org.maplibre.harmony  I     ========== Response received, invoking FileSourceRequest::setResponse ==========
10-26 10:25:28.608   36707-37097   A00000/org.map...ineFileSource  org.maplibre.harmony  I     Response callback completed
10-26 10:25:28.608   36707-37097   A00000/org.map...rmony/Network  org.maplibre.harmony  W     Request completed with error: Couldn't resolve host name
10-26 10:25:28.608   36707-37097   A00000/org.map...rmony/Network  org.maplibre.harmony  W     Request failed: Couldn't resolve host name
10-26 10:25:28.608   36707-37097   A00000/org.map...ineFileSource  org.maplibre.harmony  I     ========== HTTP RESPONSE CALLBACK ==========
10-26 10:25:28.608   36707-37097   A00000/org.map...ineFileSource  org.maplibre.harmony  I     URL: https://demotiles.maplibre.org/tiles/2/3/1.pbf
10-26 10:25:28.608   36707-37097   A00000/org.map...ineFileSource  org.maplibre.harmony  I     ⚠️ Response has ERROR: reason=4, message=Couldn't resolve host name: Could not resolve host: demotiles.maplibre.org
10-26 10:25:28.609   36707-37075   A00000/org.map...mony/MAPLIBRE  org.maplibre.harmony  E     [ERROR] {aplibre.harmony}[Style]: Failed to load tile 3/5/1=>3 for source maplibre: Couldn't resolve host name: Could not resolve host: demotiles.maplibre.org
10-26 10:25:28.618   36707-37097   A00000/org.map...ineFileSource  org.maplibre.harmony  I     ========== OnlineFileRequest::completed() ==========
10-26 10:25:28.618   36707-37097   A00000/org.map...ineFileSource  org.maplibre.harmony  I     URL: https://demotiles.maplibre.org/tiles/2/3/1.pbf
10-26 10:25:28.618   36707-37097   A00000/org.map...ineFileSource  org.maplibre.harmony  I     Response has error: Couldn't resolve host name: Could not resolve host: demotiles.maplibre.org
10-26 10:25:28.618   36707-37097   A00000/org.map...ineFileSource  org.maplibre.harmony  I     ========== OnlineFileRequest::schedule() ==========
10-26 10:25:28.618   36707-37097   A00000/org.map...ineFileSource  org.maplibre.harmony  I     URL: https://demotiles.maplibre.org/tiles/2/3/1.pbf
10-26 10:25:28.618   36707-37097   A00000/org.map...ineFileSource  org.maplibre.harmony  I     Timeout: 1000 ms
10-26 10:25:28.618   36707-37097   A00000/org.map...ineFileSource  org.maplibre.harmony  I     NetworkStatus is ONLINE
10-26 10:25:28.618   36707-37097   A00000/org.map...ineFileSource  org.maplibre.harmony  I     Starting timer with timeout=1000 ms, will call activateOrQueueRequest
10-26 10:25:28.618   36707-37097   A00000/org.map...harmony/Timer  org.maplibre.harmony  D     Timer started: timeout=<private> ms, repeat=<private> ms, runLoop=<private>
10-26 10:25:28.619   36707-37097   A00000/org.map...ineFileSource  org.maplibre.harmony  I     Timer started successfully
10-26 10:25:28.619   36707-37097   A00000/org.map...ineFileSource  org.maplibre.harmony  I     Calling final response callback to deliver result to requestor
10-26 10:25:28.619   36707-37097   A00000/org.map...ineFileSource  org.maplibre.harmony  I     ========== Response received, invoking FileSourceRequest::setResponse ==========
10-26 10:25:28.619   36707-37097   A00000/org.map...ineFileSource  org.maplibre.harmony  I     Response callback completed
10-26 10:25:28.620   36707-37075   A00000/org.map...mony/MAPLIBRE  org.maplibre.harmony  E     [ERROR] {aplibre.harmony}[Style]: Failed to load tile 2/3/1=>2 for source maplibre: Couldn't resolve host name: Could not resolve host: demotiles.maplibre.org
10-26 10:25:28.733   36707-37075   A00000/org.map...ndererBackend  org.maplibre.harmony  D     activate() - context already current
10-26 10:25:28.738   36707-37096   A00000/org.map...ineFileSource  org.maplibre.harmony  I     ========== OnlineFileSource::request() ==========
10-26 10:25:28.738   36707-37096   A00000/org.map...ineFileSource  org.maplibre.harmony  I     HTTP REQUEST: url='https://demotiles.maplibre.org/tiles/1/1/0.pbf', kind=3
10-26 10:25:28.738   36707-37096   A00000/org.map...ineFileSource  org.maplibre.harmony  I     OnlineFileSource impl address: 0x5a1edeeee0
10-26 10:25:28.738   36707-37096   A00000/org.map...ineFileSource  org.maplibre.harmony  I     Original URL: https://demotiles.maplibre.org/tiles/1/1/0.pbf
10-26 10:25:28.738   36707-37096   A00000/org.map...ineFileSource  org.maplibre.harmony  I     Normalized URL: https://demotiles.maplibre.org/tiles/1/1/0.pbf
10-26 10:25:28.738   36707-37096   A00000/org.map...ineFileSource  org.maplibre.harmony  I     Calling impl->request()...
10-26 10:25:28.738   36707-37096   A00000/org.map...ineFileSource  org.maplibre.harmony  I     ========== OnlineFileSource::Impl::request() ==========
10-26 10:25:28.738   36707-37096   A00000/org.map...ineFileSource  org.maplibre.harmony  I     Creating FileSourceRequest for URL: https://demotiles.maplibre.org/tiles/1/1/0.pbf
10-26 10:25:28.738   36707-37096   A00000/org.map...ineFileSource  org.maplibre.harmony  I     FileSourceRequest created: 0x5a1ed9df00
10-26 10:25:28.738   36707-37096   A00000/org.map...ineFileSource  org.maplibre.harmony  I     Cancel callback set
10-26 10:25:28.738   36707-37096   A00000/org.map...ineFileSource  org.maplibre.harmony  I     Invoking OnlineFileSourceThread::request on actor...
10-26 10:25:28.738   36707-37096   A00000/org.map...ineFileSource  org.maplibre.harmony  I     Thread actor invoked successfully
10-26 10:25:28.738   36707-37096   A00000/org.map...ineFileSource  org.maplibre.harmony  I     impl->request() returned AsyncRequest: 0x5a1ed9df00
10-26 10:25:28.738   36707-37096   A00000/org.map...ineFileSource  org.maplibre.harmony  I     ========== OnlineFileSource::request() ==========
10-26 10:25:28.738   36707-37091   A00000/org.map...ineFileSource  org.maplibre.harmony  I     ========== OnlineFileSourceThread::request() ==========
10-26 10:25:28.738   36707-37096   A00000/org.map...ineFileSource  org.maplibre.harmony  I     HTTP REQUEST: url='https://demotiles.maplibre.org/tiles/2/2/1.pbf', kind=3
10-26 10:25:28.738   36707-37091   A00000/org.map...ineFileSource  org.maplibre.harmony  I     AsyncRequest: 0x5a1ed9df00
10-26 10:25:28.738   36707-37096   A00000/org.map...ineFileSource  org.maplibre.harmony  I     OnlineFileSource impl address: 0x5a1edeeee0
10-26 10:25:28.738   36707-37091   A00000/org.map...ineFileSource  org.maplibre.harmony  I     Resource URL: https://demotiles.maplibre.org/tiles/1/1/0.pbf
10-26 10:25:28.738   36707-37091   A00000/org.map...ineFileSource  org.maplibre.harmony  I     Creating OnlineFileRequest...
10-26 10:25:28.738   36707-37096   A00000/org.map...ineFileSource  org.maplibre.harmony  I     Original URL: https://demotiles.maplibre.org/tiles/2/2/1.pbf
10-26 10:25:28.739   36707-37096   A00000/org.map...ineFileSource  org.maplibre.harmony  I     Normalized URL: https://demotiles.maplibre.org/tiles/2/2/1.pbf
10-26 10:25:28.739   36707-37091   A00000/org.map...ineFileSource  org.maplibre.harmony  I     ========== OnlineFileRequest CONSTRUCTOR ==========
10-26 10:25:28.739   36707-37096   A00000/org.map...ineFileSource  org.maplibre.harmony  I     Calling impl->request()...
10-26 10:25:28.739   36707-37091   A00000/org.map...ineFileSource  org.maplibre.harmony  I     URL: https://demotiles.maplibre.org/tiles/1/1/0.pbf
10-26 10:25:28.739   36707-37096   A00000/org.map...ineFileSource  org.maplibre.harmony  I     ========== OnlineFileSource::Impl::request() ==========
10-26 10:25:28.739   36707-37091   A00000/org.map...ineFileSource  org.maplibre.harmony  I     Kind: 3, Priority: 0
10-26 10:25:28.739   36707-37096   A00000/org.map...ineFileSource  org.maplibre.harmony  I     Creating FileSourceRequest for URL: https://demotiles.maplibre.org/tiles/2/2/1.pbf
10-26 10:25:28.739   36707-37091   A00000/org.map...ineFileSource  org.maplibre.harmony  I     ========== OnlineFileSourceThread::add() ==========
10-26 10:25:28.739   36707-37091   A00000/org.map...ineFileSource  org.maplibre.harmony  I     Request URL: https://demotiles.maplibre.org/tiles/1/1/0.pbf
10-26 10:25:28.739   36707-37096   A00000/org.map...ineFileSource  org.maplibre.harmony  I     FileSourceRequest created: 0x5a1ecbf400
10-26 10:25:28.739   36707-37091   A00000/org.map...ineFileSource  org.maplibre.harmony  I     Total requests in allRequests: 4
10-26 10:25:28.739   36707-37096   A00000/org.map...ineFileSource  org.maplibre.harmony  I     Cancel callback set
10-26 10:25:28.739   36707-37091   A00000/org.map...ineFileSource  org.maplibre.harmony  I     No resourceTransform - activating request directly
10-26 10:25:28.739   36707-37096   A00000/org.map...ineFileSource  org.maplibre.harmony  I     Invoking OnlineFileSourceThread::request on actor...
10-26 10:25:28.739   36707-37091   A00000/org.map...ineFileSource  org.maplibre.harmony  I     ========== OnlineFileRequest::activate() ==========
10-26 10:25:28.739   36707-37091   A00000/org.map...ineFileSource  org.maplibre.harmony  I     URL: https://demotiles.maplibre.org/tiles/1/1/0.pbf
10-26 10:25:28.739   36707-37096   A00000/org.map...ineFileSource  org.maplibre.harmony  I     Thread actor invoked successfully
10-26 10:25:28.739   36707-37091   A00000/org.map...ineFileSource  org.maplibre.harmony  I     Has priorExpires - timeout: 0 ms
10-26 10:25:28.739   36707-37091   A00000/org.map...ineFileSource  org.maplibre.harmony  I     ========== OnlineFileRequest::schedule() ==========
10-26 10:25:28.739   36707-37096   A00000/org.map...ineFileSource  org.maplibre.harmony  I     impl->request() returned AsyncRequest: 0x5a1ecbf400
10-26 10:25:28.739   36707-37091   A00000/org.map...ineFileSource  org.maplibre.harmony  I     URL: https://demotiles.maplibre.org/tiles/1/1/0.pbf
10-26 10:25:28.739   36707-37091   A00000/org.map...ineFileSource  org.maplibre.harmony  I     Timeout: 0 ms
10-26 10:25:28.739   36707-37091   A00000/org.map...ineFileSource  org.maplibre.harmony  I     NetworkStatus is ONLINE
10-26 10:25:28.739   36707-37091   A00000/org.map...ineFileSource  org.maplibre.harmony  I     Starting timer with timeout=0 ms, will call activateOrQueueRequest
10-26 10:25:28.739   36707-37096   A00000/org.map...ineFileSource  org.maplibre.harmony  I     ========== OnlineFileSource::request() ==========
10-26 10:25:28.739   36707-37091   A00000/org.map...harmony/Timer  org.maplibre.harmony  D     Timer started: timeout=<private> ms, repeat=<private> ms, runLoop=<private>
10-26 10:25:28.739   36707-37096   A00000/org.map...ineFileSource  org.maplibre.harmony  I     HTTP REQUEST: url='https://demotiles.maplibre.org/tiles/2/3/2.pbf', kind=3
10-26 10:25:28.739   36707-37096   A00000/org.map...ineFileSource  org.maplibre.harmony  I     OnlineFileSource impl address: 0x5a1edeeee0
10-26 10:25:28.739   36707-37096   A00000/org.map...ineFileSource  org.maplibre.harmony  I     Original URL: https://demotiles.maplibre.org/tiles/2/3/2.pbf
10-26 10:25:28.739   36707-37096   A00000/org.map...ineFileSource  org.maplibre.harmony  I     Normalized URL: https://demotiles.maplibre.org/tiles/2/3/2.pbf
10-26 10:25:28.739   36707-37096   A00000/org.map...ineFileSource  org.maplibre.harmony  I     Calling impl->request()...
10-26 10:25:28.739   36707-37096   A00000/org.map...ineFileSource  org.maplibre.harmony  I     ========== OnlineFileSource::Impl::request() ==========
10-26 10:25:28.739   36707-37096   A00000/org.map...ineFileSource  org.maplibre.harmony  I     Creating FileSourceRequest for URL: https://demotiles.maplibre.org/tiles/2/3/2.pbf
10-26 10:25:28.739   36707-37096   A00000/org.map...ineFileSource  org.maplibre.harmony  I     FileSourceRequest created: 0x5a1ed9db00
10-26 10:25:28.739   36707-37096   A00000/org.map...ineFileSource  org.maplibre.harmony  I     Cancel callback set
10-26 10:25:28.739   36707-37096   A00000/org.map...ineFileSource  org.maplibre.harmony  I     Invoking OnlineFileSourceThread::request on actor...
10-26 10:25:28.739   36707-37096   A00000/org.map...ineFileSource  org.maplibre.harmony  I     Thread actor invoked successfully
10-26 10:25:28.739   36707-37096   A00000/org.map...ineFileSource  org.maplibre.harmony  I     impl->request() returned AsyncRequest: 0x5a1ed9db00
10-26 10:25:28.739   36707-37096   A00000/org.map...ineFileSource  org.maplibre.harmony  I     ========== OnlineFileSource::request() ==========
10-26 10:25:28.739   36707-37096   A00000/org.map...ineFileSource  org.maplibre.harmony  I     HTTP REQUEST: url='https://demotiles.maplibre.org/tiles/2/2/2.pbf', kind=3
10-26 10:25:28.739   36707-37096   A00000/org.map...ineFileSource  org.maplibre.harmony  I     OnlineFileSource impl address: 0x5a1edeeee0
10-26 10:25:28.739   36707-37096   A00000/org.map...ineFileSource  org.maplibre.harmony  I     Original URL: https://demotiles.maplibre.org/tiles/2/2/2.pbf
10-26 10:25:28.739   36707-37096   A00000/org.map...ineFileSource  org.maplibre.harmony  I     Normalized URL: https://demotiles.maplibre.org/tiles/2/2/2.pbf
10-26 10:25:28.739   36707-37096   A00000/org.map...ineFileSource  org.maplibre.harmony  I     Calling impl->request()...
10-26 10:25:28.739   36707-37096   A00000/org.map...ineFileSource  org.maplibre.harmony  I     ========== OnlineFileSource::Impl::request() ==========
10-26 10:25:28.739   36707-37096   A00000/org.map...ineFileSource  org.maplibre.harmony  I     Creating FileSourceRequest for URL: https://demotiles.maplibre.org/tiles/2/2/2.pbf
10-26 10:25:28.739   36707-37096   A00000/org.map...ineFileSource  org.maplibre.harmony  I     FileSourceRequest created: 0x5a1ed9dc80
10-26 10:25:28.739   36707-37096   A00000/org.map...ineFileSource  org.maplibre.harmony  I     Cancel callback set
10-26 10:25:28.739   36707-37096   A00000/org.map...ineFileSource  org.maplibre.harmony  I     Invoking OnlineFileSourceThread::request on actor...
10-26 10:25:28.739   36707-37096   A00000/org.map...ineFileSource  org.maplibre.harmony  I     Thread actor invoked successfully
10-26 10:25:28.739   36707-37096   A00000/org.map...ineFileSource  org.maplibre.harmony  I     impl->request() returned AsyncRequest: 0x5a1ed9dc80
10-26 10:25:28.739   36707-37096   A00000/org.map...ineFileSource  org.maplibre.harmony  I     ========== OnlineFileSource::request() ==========
10-26 10:25:28.739   36707-37096   A00000/org.map...ineFileSource  org.maplibre.harmony  I     HTTP REQUEST: url='https://demotiles.maplibre.org/tiles/2/3/0.pbf', kind=3
10-26 10:25:28.739   36707-37096   A00000/org.map...ineFileSource  org.maplibre.harmony  I     OnlineFileSource impl address: 0x5a1edeeee0
10-26 10:25:28.739   36707-37096   A00000/org.map...ineFileSource  org.maplibre.harmony  I     Original URL: https://demotiles.maplibre.org/tiles/2/3/0.pbf
10-26 10:25:28.739   36707-37096   A00000/org.map...ineFileSource  org.maplibre.harmony  I     Normalized URL: https://demotiles.maplibre.org/tiles/2/3/0.pbf
10-26 10:25:28.739   36707-37096   A00000/org.map...ineFileSource  org.maplibre.harmony  I     Calling impl->request()...
10-26 10:25:28.739   36707-37096   A00000/org.map...ineFileSource  org.maplibre.harmony  I     ========== OnlineFileSource::Impl::request() ==========
10-26 10:25:28.739   36707-37096   A00000/org.map...ineFileSource  org.maplibre.harmony  I     Creating FileSourceRequest for URL: https://demotiles.maplibre.org/tiles/2/3/0.pbf
10-26 10:25:28.739   36707-37096   A00000/org.map...ineFileSource  org.maplibre.harmony  I     FileSourceRequest created: 0x5a1e6f9300
10-26 10:25:28.739   36707-37096   A00000/org.map...ineFileSource  org.maplibre.harmony  I     Cancel callback set
10-26 10:25:28.739   36707-37096   A00000/org.map...ineFileSource  org.maplibre.harmony  I     Invoking OnlineFileSourceThread::request on actor...
10-26 10:25:28.739   36707-37091   A00000/org.map...ineFileSource  org.maplibre.harmony  I     Timer started successfully
10-26 10:25:28.739   36707-37096   A00000/org.map...ineFileSource  org.maplibre.harmony  I     Thread actor invoked successfully
10-26 10:25:28.739   36707-37091   A00000/org.map...ineFileSource  org.maplibre.harmony  I     OnlineFileRequest added to impl
10-26 10:25:28.739   36707-37096   A00000/org.map...ineFileSource  org.maplibre.harmony  I     impl->request() returned AsyncRequest: 0x5a1e6f9300
10-26 10:25:28.739   36707-37091   A00000/org.map...ineFileSource  org.maplibre.harmony  I     OnlineFileRequest created and stored in tasks map (total tasks: 4)
10-26 10:25:28.739   36707-37091   A00000/org.map...ineFileSource  org.maplibre.harmony  I     ========== OnlineFileSourceThread::request() ==========
10-26 10:25:28.739   36707-37096   A00000/org.map...ineFileSource  org.maplibre.harmony  I     ========== OnlineFileSource::request() ==========
10-26 10:25:28.739   36707-37091   A00000/org.map...ineFileSource  org.maplibre.harmony  I     AsyncRequest: 0x5a1ecbf400
10-26 10:25:28.739   36707-37096   A00000/org.map...ineFileSource  org.maplibre.harmony  I     HTTP REQUEST: url='https://demotiles.maplibre.org/tiles/2/2/0.pbf', kind=3
10-26 10:25:28.739   36707-37091   A00000/org.map...ineFileSource  org.maplibre.harmony  I     Resource URL: https://demotiles.maplibre.org/tiles/2/2/1.pbf
10-26 10:25:28.739   36707-37096   A00000/org.map...ineFileSource  org.maplibre.harmony  I     OnlineFileSource impl address: 0x5a1edeeee0
10-26 10:25:28.739   36707-37091   A00000/org.map...ineFileSource  org.maplibre.harmony  I     Creating OnlineFileRequest...
10-26 10:25:28.739   36707-37146   A00000/org.map...harmony/Timer  org.maplibre.harmony  D     Timer fired - dispatching callback to RunLoop thread
10-26 10:25:28.739   36707-37091   A00000/org.map...ineFileSource  org.maplibre.harmony  I     ========== OnlineFileRequest CONSTRUCTOR ==========
10-26 10:25:28.739   36707-37146   A00000/org.map...harmony/Timer  org.maplibre.harmony  D     RunLoop address: <private>, has callback: <private>
10-26 10:25:28.739   36707-37096   A00000/org.map...ineFileSource  org.maplibre.harmony  I     Original URL: https://demotiles.maplibre.org/tiles/2/2/0.pbf
10-26 10:25:28.739   36707-37091   A00000/org.map...ineFileSource  org.maplibre.harmony  I     URL: https://demotiles.maplibre.org/tiles/2/2/1.pbf
10-26 10:25:28.739   36707-37146   A00000/org.map...harmony/Timer  org.maplibre.harmony  D     runLoop->invoke() returned
10-26 10:25:28.739   36707-37096   A00000/org.map...ineFileSource  org.maplibre.harmony  I     Normalized URL: https://demotiles.maplibre.org/tiles/2/2/0.pbf
10-26 10:25:28.739   36707-37091   A00000/org.map...ineFileSource  org.maplibre.harmony  I     Kind: 3, Priority: 0
10-26 10:25:28.739   36707-37096   A00000/org.map...ineFileSource  org.maplibre.harmony  I     Calling impl->request()...
10-26 10:25:28.739   36707-37091   A00000/org.map...ineFileSource  org.maplibre.harmony  I     ========== OnlineFileSourceThread::add() ==========
10-26 10:25:28.739   36707-37096   A00000/org.map...ineFileSource  org.maplibre.harmony  I     ========== OnlineFileSource::Impl::request() ==========
10-26 10:25:28.739   36707-37091   A00000/org.map...ineFileSource  org.maplibre.harmony  I     Request URL: https://demotiles.maplibre.org/tiles/2/2/1.pbf
10-26 10:25:28.739   36707-37096   A00000/org.map...ineFileSource  org.maplibre.harmony  I     Creating FileSourceRequest for URL: https://demotiles.maplibre.org/tiles/2/2/0.pbf
10-26 10:25:28.739   36707-37091   A00000/org.map...ineFileSource  org.maplibre.harmony  I     Total requests in allRequests: 5
10-26 10:25:28.739   36707-37091   A00000/org.map...ineFileSource  org.maplibre.harmony  I     No resourceTransform - activating request directly
10-26 10:25:28.739   36707-37096   A00000/org.map...ineFileSource  org.maplibre.harmony  I     FileSourceRequest created: 0x5a1eb7f180
10-26 10:25:28.739   36707-37091   A00000/org.map...ineFileSource  org.maplibre.harmony  I     ========== OnlineFileRequest::activate() ==========
10-26 10:25:28.739   36707-37096   A00000/org.map...ineFileSource  org.maplibre.harmony  I     Cancel callback set
10-26 10:25:28.739   36707-37091   A00000/org.map...ineFileSource  org.maplibre.harmony  I     URL: https://demotiles.maplibre.org/tiles/2/2/1.pbf
10-26 10:25:28.739   36707-37096   A00000/org.map...ineFileSource  org.maplibre.harmony  I     Invoking OnlineFileSourceThread::request on actor...
10-26 10:25:28.739   36707-37091   A00000/org.map...ineFileSource  org.maplibre.harmony  I     Has priorExpires - timeout: 0 ms
10-26 10:25:28.739   36707-37096   A00000/org.map...ineFileSource  org.maplibre.harmony  I     Thread actor invoked successfully
10-26 10:25:28.739   36707-37091   A00000/org.map...ineFileSource  org.maplibre.harmony  I     ========== OnlineFileRequest::schedule() ==========
10-26 10:25:28.739   36707-37091   A00000/org.map...ineFileSource  org.maplibre.harmony  I     URL: https://demotiles.maplibre.org/tiles/2/2/1.pbf
10-26 10:25:28.739   36707-37096   A00000/org.map...ineFileSource  org.maplibre.harmony  I     impl->request() returned AsyncRequest: 0x5a1eb7f180
10-26 10:25:28.739   36707-37091   A00000/org.map...ineFileSource  org.maplibre.harmony  I     Timeout: 0 ms
10-26 10:25:28.739   36707-37091   A00000/org.map...ineFileSource  org.maplibre.harmony  I     NetworkStatus is ONLINE
10-26 10:25:28.739   36707-37091   A00000/org.map...ineFileSource  org.maplibre.harmony  I     Starting timer with timeout=0 ms, will call activateOrQueueRequest
10-26 10:25:28.739   36707-37091   A00000/org.map...harmony/Timer  org.maplibre.harmony  D     Timer started: timeout=<private> ms, repeat=<private> ms, runLoop=<private>
10-26 10:25:28.740   36707-37091   A00000/org.map...ineFileSource  org.maplibre.harmony  I     Timer started successfully
10-26 10:25:28.740   36707-37091   A00000/org.map...ineFileSource  org.maplibre.harmony  I     OnlineFileRequest added to impl
10-26 10:25:28.740   36707-37091   A00000/org.map...ineFileSource  org.maplibre.harmony  I     OnlineFileRequest created and stored in tasks map (total tasks: 5)
10-26 10:25:28.740   36707-37091   A00000/org.map...harmony/Timer  org.maplibre.harmony  D     ⭐ INSIDE INVOKE LAMBDA - about to execute timer callback
10-26 10:25:28.740   36707-37091   A00000/org.map...harmony/Timer  org.maplibre.harmony  D     ✅ Executing timer callback on RunLoop thread
10-26 10:25:28.740   36707-37147   A00000/org.map...harmony/Timer  org.maplibre.harmony  D     Timer fired - dispatching callback to RunLoop thread
10-26 10:25:28.740   36707-37147   A00000/org.map...harmony/Timer  org.maplibre.harmony  D     RunLoop address: <private>, has callback: <private>
10-26 10:25:28.740   36707-37091   A00000/org.map...ineFileSource  org.maplibre.harmony  I     ========== activateOrQueueRequest() ==========
10-26 10:25:28.740   36707-37147   A00000/org.map...harmony/Timer  org.maplibre.harmony  D     runLoop->invoke() returned
10-26 10:25:28.740   36707-37091   A00000/org.map...ineFileSource  org.maplibre.harmony  I     Request: 0x5a1f581f80
10-26 10:25:28.740   36707-37091   A00000/org.map...ineFileSource  org.maplibre.harmony  I     Active requests: 0, Max concurrent: 20
10-26 10:25:28.740   36707-37091   A00000/org.map...ineFileSource  org.maplibre.harmony  I     Queue has space - activating request NOW
10-26 10:25:28.740   36707-37091   A00000/org.map...ineFileSource  org.maplibre.harmony  I     ========== activateRequest() ==========
10-26 10:25:28.740   36707-37091   A00000/org.map...ineFileSource  org.maplibre.harmony  I     URL: https://demotiles.maplibre.org/tiles/1/1/0.pbf
10-26 10:25:28.740   36707-37091   A00000/org.map...ineFileSource  org.maplibre.harmony  I     Online status: 1
10-26 10:25:28.740   36707-37091   A00000/org.map...ineFileSource  org.maplibre.harmony  I     Request added to activeRequests (total: 1)
10-26 10:25:28.740   36707-37091   A00000/org.map...ineFileSource  org.maplibre.harmony  I     🌐 Network is ONLINE - calling httpFileSource.request()...
10-26 10:25:28.740   36707-37091   A00000/org.map...ineFileSource  org.maplibre.harmony  I     httpFileSource address: 0x5a1e461b38
10-26 10:25:28.740   36707-37091   A00000/org.map...ineFileSource  org.maplibre.harmony  I     httpFileSource type at request: N4mbgl14HTTPFileSourceE
10-26 10:25:28.740   36707-37091   A00000/org.map...ineFileSource  org.maplibre.harmony  I     About to call httpFileSource.request() with URL: https://demotiles.maplibre.org/tiles/1/1/0.pbf
10-26 10:25:28.740   36707-37091   A00000/org.map...ineFileSource  org.maplibre.harmony  I     🔵 BEFORE httpFileSource.request() call
10-26 10:25:28.740   36707-37091   A00000/org.map...ineFileSource  org.maplibre.harmony  I     🔵 AFTER httpFileSource.request() call
10-26 10:25:28.740   36707-37091   A00000/org.map...ineFileSource  org.maplibre.harmony  I     ✅ httpFileSource.request() SUCCESS - AsyncRequest: 0x5a1f62ae00
10-26 10:25:28.740   36707-37091   A00000/org.map...ineFileSource  org.maplibre.harmony  I     activateOrQueueRequest() COMPLETE
10-26 10:25:28.740   36707-37091   A00000/org.map...harmony/Timer  org.maplibre.harmony  D     ✅ Timer callback COMPLETED
10-26 10:25:28.740   36707-37091   A00000/org.map...harmony/Timer  org.maplibre.harmony  D     Non-repeating timer - stopping after callback
10-26 10:25:28.740   36707-37091   A00000/org.map...ineFileSource  org.maplibre.harmony  I     ========== OnlineFileSourceThread::request() ==========
10-26 10:25:28.740   36707-37091   A00000/org.map...ineFileSource  org.maplibre.harmony  I     AsyncRequest: 0x5a1ed9db00
10-26 10:25:28.740   36707-37091   A00000/org.map...ineFileSource  org.maplibre.harmony  I     Resource URL: https://demotiles.maplibre.org/tiles/2/3/2.pbf
10-26 10:25:28.740   36707-37091   A00000/org.map...ineFileSource  org.maplibre.harmony  I     Creating OnlineFileRequest...
10-26 10:25:28.740   36707-37091   A00000/org.map...ineFileSource  org.maplibre.harmony  I     ========== OnlineFileRequest CONSTRUCTOR ==========
10-26 10:25:28.740   36707-37091   A00000/org.map...ineFileSource  org.maplibre.harmony  I     URL: https://demotiles.maplibre.org/tiles/2/3/2.pbf
10-26 10:25:28.740   36707-37091   A00000/org.map...ineFileSource  org.maplibre.harmony  I     Kind: 3, Priority: 0
10-26 10:25:28.740   36707-37091   A00000/org.map...ineFileSource  org.maplibre.harmony  I     ========== OnlineFileSourceThread::add() ==========
10-26 10:25:28.740   36707-37091   A00000/org.map...ineFileSource  org.maplibre.harmony  I     Request URL: https://demotiles.maplibre.org/tiles/2/3/2.pbf
10-26 10:25:28.740   36707-37091   A00000/org.map...ineFileSource  org.maplibre.harmony  I     Total requests in allRequests: 6
10-26 10:25:28.740   36707-37091   A00000/org.map...ineFileSource  org.maplibre.harmony  I     No resourceTransform - activating request directly
10-26 10:25:28.740   36707-37091   A00000/org.map...ineFileSource  org.maplibre.harmony  I     ========== OnlineFileRequest::activate() ==========
10-26 10:25:28.740   36707-37091   A00000/org.map...ineFileSource  org.maplibre.harmony  I     URL: https://demotiles.maplibre.org/tiles/2/3/2.pbf
10-26 10:25:28.740   36707-37091   A00000/org.map...ineFileSource  org.maplibre.harmony  I     No priorExpires - immediate request (timeout=0)
10-26 10:25:28.740   36707-37091   A00000/org.map...ineFileSource  org.maplibre.harmony  I     ========== OnlineFileRequest::schedule() ==========
10-26 10:25:28.740   36707-37091   A00000/org.map...ineFileSource  org.maplibre.harmony  I     URL: https://demotiles.maplibre.org/tiles/2/3/2.pbf
10-26 10:25:28.740   36707-37091   A00000/org.map...ineFileSource  org.maplibre.harmony  I     Timeout: 0 ms
10-26 10:25:28.740   36707-37091   A00000/org.map...ineFileSource  org.maplibre.harmony  I     NetworkStatus is ONLINE
10-26 10:25:28.740   36707-37091   A00000/org.map...ineFileSource  org.maplibre.harmony  I     Starting timer with timeout=0 ms, will call activateOrQueueRequest
10-26 10:25:28.740   36707-37091   A00000/org.map...harmony/Timer  org.maplibre.harmony  D     Timer started: timeout=<private> ms, repeat=<private> ms, runLoop=<private>
10-26 10:25:28.741   36707-37091   A00000/org.map...ineFileSource  org.maplibre.harmony  I     Timer started successfully
10-26 10:25:28.741   36707-37091   A00000/org.map...ineFileSource  org.maplibre.harmony  I     OnlineFileRequest added to impl
10-26 10:25:28.741   36707-37091   A00000/org.map...ineFileSource  org.maplibre.harmony  I     OnlineFileRequest created and stored in tasks map (total tasks: 6)
10-26 10:25:28.741   36707-37091   A00000/org.map...harmony/Timer  org.maplibre.harmony  D     ⭐ INSIDE INVOKE LAMBDA - about to execute timer callback
10-26 10:25:28.741   36707-37091   A00000/org.map...harmony/Timer  org.maplibre.harmony  D     ✅ Executing timer callback on RunLoop thread
10-26 10:25:28.741   36707-37091   A00000/org.map...ineFileSource  org.maplibre.harmony  I     ========== activateOrQueueRequest() ==========
10-26 10:25:28.741   36707-37091   A00000/org.map...ineFileSource  org.maplibre.harmony  I     Request: 0x5a1f581e00
10-26 10:25:28.741   36707-37091   A00000/org.map...ineFileSource  org.maplibre.harmony  I     Active requests: 1, Max concurrent: 20
10-26 10:25:28.741   36707-37091   A00000/org.map...ineFileSource  org.maplibre.harmony  I     Queue has space - activating request NOW
10-26 10:25:28.741   36707-37148   A00000/org.map...harmony/Timer  org.maplibre.harmony  D     Timer fired - dispatching callback to RunLoop thread
10-26 10:25:28.741   36707-37091   A00000/org.map...ineFileSource  org.maplibre.harmony  I     ========== activateRequest() ==========
10-26 10:25:28.741   36707-37148   A00000/org.map...harmony/Timer  org.maplibre.harmony  D     RunLoop address: <private>, has callback: <private>
10-26 10:25:28.741   36707-37091   A00000/org.map...ineFileSource  org.maplibre.harmony  I     URL: https://demotiles.maplibre.org/tiles/2/2/1.pbf
10-26 10:25:28.741   36707-37148   A00000/org.map...harmony/Timer  org.maplibre.harmony  D     runLoop->invoke() returned
10-26 10:25:28.741   36707-37091   A00000/org.map...ineFileSource  org.maplibre.harmony  I     Online status: 1
10-26 10:25:28.742   36707-37091   A00000/org.map...ineFileSource  org.maplibre.harmony  I     Request added to activeRequests (total: 2)
10-26 10:25:28.742   36707-37091   A00000/org.map...ineFileSource  org.maplibre.harmony  I     🌐 Network is ONLINE - calling httpFileSource.request()...
10-26 10:25:28.742   36707-37091   A00000/org.map...ineFileSource  org.maplibre.harmony  I     httpFileSource address: 0x5a1e461b38
10-26 10:25:28.742   36707-37091   A00000/org.map...ineFileSource  org.maplibre.harmony  I     httpFileSource type at request: N4mbgl14HTTPFileSourceE
10-26 10:25:28.742   36707-37091   A00000/org.map...ineFileSource  org.maplibre.harmony  I     About to call httpFileSource.request() with URL: https://demotiles.maplibre.org/tiles/2/2/1.pbf
10-26 10:25:28.742   36707-37091   A00000/org.map...ineFileSource  org.maplibre.harmony  I     🔵 BEFORE httpFileSource.request() call
10-26 10:25:28.742   36707-37091   A00000/org.map...ineFileSource  org.maplibre.harmony  I     🔵 AFTER httpFileSource.request() call
10-26 10:25:28.742   36707-37091   A00000/org.map...ineFileSource  org.maplibre.harmony  I     ✅ httpFileSource.request() SUCCESS - AsyncRequest: 0x5a1f6b9280
10-26 10:25:28.742   36707-37091   A00000/org.map...ineFileSource  org.maplibre.harmony  I     activateOrQueueRequest() COMPLETE
10-26 10:25:28.742   36707-37091   A00000/org.map...harmony/Timer  org.maplibre.harmony  D     ✅ Timer callback COMPLETED
10-26 10:25:28.742   36707-37091   A00000/org.map...harmony/Timer  org.maplibre.harmony  D     Non-repeating timer - stopping after callback
10-26 10:25:28.742   36707-37091   A00000/org.map...ineFileSource  org.maplibre.harmony  I     ========== OnlineFileSourceThread::request() ==========
10-26 10:25:28.742   36707-37091   A00000/org.map...ineFileSource  org.maplibre.harmony  I     AsyncRequest: 0x5a1ed9dc80
10-26 10:25:28.742   36707-37091   A00000/org.map...ineFileSource  org.maplibre.harmony  I     Resource URL: https://demotiles.maplibre.org/tiles/2/2/2.pbf
10-26 10:25:28.742   36707-37091   A00000/org.map...ineFileSource  org.maplibre.harmony  I     Creating OnlineFileRequest...
10-26 10:25:28.742   36707-37091   A00000/org.map...ineFileSource  org.maplibre.harmony  I     ========== OnlineFileRequest CONSTRUCTOR ==========
10-26 10:25:28.742   36707-37091   A00000/org.map...ineFileSource  org.maplibre.harmony  I     URL: https://demotiles.maplibre.org/tiles/2/2/2.pbf
10-26 10:25:28.742   36707-37091   A00000/org.map...ineFileSource  org.maplibre.harmony  I     Kind: 3, Priority: 0
10-26 10:25:28.742   36707-37091   A00000/org.map...ineFileSource  org.maplibre.harmony  I     ========== OnlineFileSourceThread::add() ==========
10-26 10:25:28.742   36707-37091   A00000/org.map...ineFileSource  org.maplibre.harmony  I     Request URL: https://demotiles.maplibre.org/tiles/2/2/2.pbf
10-26 10:25:28.742   36707-37091   A00000/org.map...ineFileSource  org.maplibre.harmony  I     Total requests in allRequests: 7
10-26 10:25:28.742   36707-37091   A00000/org.map...ineFileSource  org.maplibre.harmony  I     No resourceTransform - activating request directly
10-26 10:25:28.742   36707-37091   A00000/org.map...ineFileSource  org.maplibre.harmony  I     ========== OnlineFileRequest::activate() ==========
10-26 10:25:28.742   36707-37091   A00000/org.map...ineFileSource  org.maplibre.harmony  I     URL: https://demotiles.maplibre.org/tiles/2/2/2.pbf
10-26 10:25:28.742   36707-37091   A00000/org.map...ineFileSource  org.maplibre.harmony  I     No priorExpires - immediate request (timeout=0)
10-26 10:25:28.742   36707-37091   A00000/org.map...ineFileSource  org.maplibre.harmony  I     ========== OnlineFileRequest::schedule() ==========
10-26 10:25:28.742   36707-37091   A00000/org.map...ineFileSource  org.maplibre.harmony  I     URL: https://demotiles.maplibre.org/tiles/2/2/2.pbf
10-26 10:25:28.742   36707-37091   A00000/org.map...ineFileSource  org.maplibre.harmony  I     Timeout: 0 ms
10-26 10:25:28.742   36707-37091   A00000/org.map...ineFileSource  org.maplibre.harmony  I     NetworkStatus is ONLINE
10-26 10:25:28.742   36707-37091   A00000/org.map...ineFileSource  org.maplibre.harmony  I     Starting timer with timeout=0 ms, will call activateOrQueueRequest
10-26 10:25:28.742   36707-37091   A00000/org.map...harmony/Timer  org.maplibre.harmony  D     Timer started: timeout=<private> ms, repeat=<private> ms, runLoop=<private>
10-26 10:25:28.742   36707-37091   A00000/org.map...ineFileSource  org.maplibre.harmony  I     Timer started successfully
10-26 10:25:28.742   36707-37091   A00000/org.map...ineFileSource  org.maplibre.harmony  I     OnlineFileRequest added to impl
10-26 10:25:28.742   36707-37091   A00000/org.map...ineFileSource  org.maplibre.harmony  I     OnlineFileRequest created and stored in tasks map (total tasks: 7)
10-26 10:25:28.742   36707-37091   A00000/org.map...harmony/Timer  org.maplibre.harmony  D     ⭐ INSIDE INVOKE LAMBDA - about to execute timer callback
10-26 10:25:28.742   36707-37150   A00000/org.map...harmony/Timer  org.maplibre.harmony  D     Timer fired - dispatching callback to RunLoop thread
10-26 10:25:28.742   36707-37091   A00000/org.map...harmony/Timer  org.maplibre.harmony  D     ✅ Executing timer callback on RunLoop thread
10-26 10:25:28.742   36707-37150   A00000/org.map...harmony/Timer  org.maplibre.harmony  D     RunLoop address: <private>, has callback: <private>
10-26 10:25:28.742   36707-37091   A00000/org.map...ineFileSource  org.maplibre.harmony  I     ========== activateOrQueueRequest() ==========
10-26 10:25:28.742   36707-37091   A00000/org.map...ineFileSource  org.maplibre.harmony  I     Request: 0x5a1f581500
10-26 10:25:28.742   36707-37150   A00000/org.map...harmony/Timer  org.maplibre.harmony  D     runLoop->invoke() returned
10-26 10:25:28.742   36707-37091   A00000/org.map...ineFileSource  org.maplibre.harmony  I     Active requests: 2, Max concurrent: 20
10-26 10:25:28.742   36707-37091   A00000/org.map...ineFileSource  org.maplibre.harmony  I     Queue has space - activating request NOW
10-26 10:25:28.742   36707-37091   A00000/org.map...ineFileSource  org.maplibre.harmony  I     ========== activateRequest() ==========
10-26 10:25:28.742   36707-37091   A00000/org.map...ineFileSource  org.maplibre.harmony  I     URL: https://demotiles.maplibre.org/tiles/2/3/2.pbf
10-26 10:25:28.742   36707-37091   A00000/org.map...ineFileSource  org.maplibre.harmony  I     Online status: 1
10-26 10:25:28.742   36707-37091   A00000/org.map...ineFileSource  org.maplibre.harmony  I     Request added to activeRequests (total: 3)
10-26 10:25:28.742   36707-37091   A00000/org.map...ineFileSource  org.maplibre.harmony  I     🌐 Network is ONLINE - calling httpFileSource.request()...
10-26 10:25:28.742   36707-37091   A00000/org.map...ineFileSource  org.maplibre.harmony  I     httpFileSource address: 0x5a1e461b38
10-26 10:25:28.742   36707-37091   A00000/org.map...ineFileSource  org.maplibre.harmony  I     httpFileSource type at request: N4mbgl14HTTPFileSourceE
10-26 10:25:28.742   36707-37091   A00000/org.map...ineFileSource  org.maplibre.harmony  I     About to call httpFileSource.request() with URL: https://demotiles.maplibre.org/tiles/2/3/2.pbf
10-26 10:25:28.742   36707-37091   A00000/org.map...ineFileSource  org.maplibre.harmony  I     🔵 BEFORE httpFileSource.request() call
10-26 10:25:28.743   36707-37091   A00000/org.map...ineFileSource  org.maplibre.harmony  I     🔵 AFTER httpFileSource.request() call
10-26 10:25:28.743   36707-37091   A00000/org.map...ineFileSource  org.maplibre.harmony  I     ✅ httpFileSource.request() SUCCESS - AsyncRequest: 0x5a1f62ce80
10-26 10:25:28.743   36707-37091   A00000/org.map...ineFileSource  org.maplibre.harmony  I     activateOrQueueRequest() COMPLETE
10-26 10:25:28.743   36707-37091   A00000/org.map...harmony/Timer  org.maplibre.harmony  D     ✅ Timer callback COMPLETED
10-26 10:25:28.743   36707-37091   A00000/org.map...harmony/Timer  org.maplibre.harmony  D     Non-repeating timer - stopping after callback
10-26 10:25:28.743   36707-37091   A00000/org.map...ineFileSource  org.maplibre.harmony  I     ========== OnlineFileSourceThread::request() ==========
10-26 10:25:28.743   36707-37091   A00000/org.map...ineFileSource  org.maplibre.harmony  I     AsyncRequest: 0x5a1e6f9300
10-26 10:25:28.743   36707-37091   A00000/org.map...ineFileSource  org.maplibre.harmony  I     Resource URL: https://demotiles.maplibre.org/tiles/2/3/0.pbf
10-26 10:25:28.743   36707-37091   A00000/org.map...ineFileSource  org.maplibre.harmony  I     Creating OnlineFileRequest...
10-26 10:25:28.743   36707-37091   A00000/org.map...ineFileSource  org.maplibre.harmony  I     ========== OnlineFileRequest CONSTRUCTOR ==========
10-26 10:25:28.743   36707-37091   A00000/org.map...ineFileSource  org.maplibre.harmony  I     URL: https://demotiles.maplibre.org/tiles/2/3/0.pbf
10-26 10:25:28.743   36707-37091   A00000/org.map...ineFileSource  org.maplibre.harmony  I     Kind: 3, Priority: 0
10-26 10:25:28.743   36707-37091   A00000/org.map...ineFileSource  org.maplibre.harmony  I     ========== OnlineFileSourceThread::add() ==========
10-26 10:25:28.743   36707-37091   A00000/org.map...ineFileSource  org.maplibre.harmony  I     Request URL: https://demotiles.maplibre.org/tiles/2/3/0.pbf
10-26 10:25:28.743   36707-37091   A00000/org.map...ineFileSource  org.maplibre.harmony  I     Total requests in allRequests: 8
10-26 10:25:28.743   36707-37091   A00000/org.map...ineFileSource  org.maplibre.harmony  I     No resourceTransform - activating request directly
10-26 10:25:28.743   36707-37091   A00000/org.map...ineFileSource  org.maplibre.harmony  I     ========== OnlineFileRequest::activate() ==========
10-26 10:25:28.743   36707-37091   A00000/org.map...ineFileSource  org.maplibre.harmony  I     URL: https://demotiles.maplibre.org/tiles/2/3/0.pbf
10-26 10:25:28.743   36707-37091   A00000/org.map...ineFileSource  org.maplibre.harmony  I     No priorExpires - immediate request (timeout=0)
10-26 10:25:28.743   36707-37091   A00000/org.map...ineFileSource  org.maplibre.harmony  I     ========== OnlineFileRequest::schedule() ==========
10-26 10:25:28.743   36707-37091   A00000/org.map...ineFileSource  org.maplibre.harmony  I     URL: https://demotiles.maplibre.org/tiles/2/3/0.pbf
10-26 10:25:28.743   36707-37091   A00000/org.map...ineFileSource  org.maplibre.harmony  I     Timeout: 0 ms
10-26 10:25:28.743   36707-37091   A00000/org.map...ineFileSource  org.maplibre.harmony  I     NetworkStatus is ONLINE
10-26 10:25:28.743   36707-37091   A00000/org.map...ineFileSource  org.maplibre.harmony  I     Starting timer with timeout=0 ms, will call activateOrQueueRequest
10-26 10:25:28.743   36707-37091   A00000/org.map...harmony/Timer  org.maplibre.harmony  D     Timer started: timeout=<private> ms, repeat=<private> ms, runLoop=<private>
10-26 10:25:28.743   36707-37091   A00000/org.map...ineFileSource  org.maplibre.harmony  I     Timer started successfully
10-26 10:25:28.743   36707-37091   A00000/org.map...ineFileSource  org.maplibre.harmony  I     OnlineFileRequest added to impl
10-26 10:25:28.743   36707-37091   A00000/org.map...ineFileSource  org.maplibre.harmony  I     OnlineFileRequest created and stored in tasks map (total tasks: 8)
10-26 10:25:28.743   36707-37091   A00000/org.map...harmony/Timer  org.maplibre.harmony  D     ⭐ INSIDE INVOKE LAMBDA - about to execute timer callback
10-26 10:25:28.743   36707-37091   A00000/org.map...harmony/Timer  org.maplibre.harmony  D     ✅ Executing timer callback on RunLoop thread
10-26 10:25:28.743   36707-37091   A00000/org.map...ineFileSource  org.maplibre.harmony  I     ========== activateOrQueueRequest() ==========
10-26 10:25:28.743   36707-37091   A00000/org.map...ineFileSource  org.maplibre.harmony  I     Request: 0x5a1f453500
10-26 10:25:28.743   36707-37091   A00000/org.map...ineFileSource  org.maplibre.harmony  I     Active requests: 3, Max concurrent: 20
10-26 10:25:28.743   36707-37151   A00000/org.map...harmony/Timer  org.maplibre.harmony  D     Timer fired - dispatching callback to RunLoop thread
10-26 10:25:28.743   36707-37151   A00000/org.map...harmony/Timer  org.maplibre.harmony  D     RunLoop address: <private>, has callback: <private>
10-26 10:25:28.743   36707-37091   A00000/org.map...ineFileSource  org.maplibre.harmony  I     Queue has space - activating request NOW
10-26 10:25:28.743   36707-37151   A00000/org.map...harmony/Timer  org.maplibre.harmony  D     runLoop->invoke() returned
10-26 10:25:28.743   36707-37091   A00000/org.map...ineFileSource  org.maplibre.harmony  I     ========== activateRequest() ==========
10-26 10:25:28.743   36707-37091   A00000/org.map...ineFileSource  org.maplibre.harmony  I     URL: https://demotiles.maplibre.org/tiles/2/2/2.pbf
10-26 10:25:28.743   36707-37091   A00000/org.map...ineFileSource  org.maplibre.harmony  I     Online status: 1
10-26 10:25:28.743   36707-37091   A00000/org.map...ineFileSource  org.maplibre.harmony  I     Request added to activeRequests (total: 4)
10-26 10:25:28.743   36707-37091   A00000/org.map...ineFileSource  org.maplibre.harmony  I     🌐 Network is ONLINE - calling httpFileSource.request()...
10-26 10:25:28.743   36707-37091   A00000/org.map...ineFileSource  org.maplibre.harmony  I     httpFileSource address: 0x5a1e461b38
10-26 10:25:28.743   36707-37091   A00000/org.map...ineFileSource  org.maplibre.harmony  I     httpFileSource type at request: N4mbgl14HTTPFileSourceE
10-26 10:25:28.743   36707-37091   A00000/org.map...ineFileSource  org.maplibre.harmony  I     About to call httpFileSource.request() with URL: https://demotiles.maplibre.org/tiles/2/2/2.pbf
10-26 10:25:28.743   36707-37091   A00000/org.map...ineFileSource  org.maplibre.harmony  I     🔵 BEFORE httpFileSource.request() call
10-26 10:25:28.743   36707-37091   A00000/org.map...ineFileSource  org.maplibre.harmony  I     🔵 AFTER httpFileSource.request() call
10-26 10:25:28.743   36707-37091   A00000/org.map...ineFileSource  org.maplibre.harmony  I     ✅ httpFileSource.request() SUCCESS - AsyncRequest: 0x5a1f62dd80
10-26 10:25:28.743   36707-37091   A00000/org.map...ineFileSource  org.maplibre.harmony  I     activateOrQueueRequest() COMPLETE
10-26 10:25:28.743   36707-37091   A00000/org.map...harmony/Timer  org.maplibre.harmony  D     ✅ Timer callback COMPLETED
10-26 10:25:28.743   36707-37091   A00000/org.map...harmony/Timer  org.maplibre.harmony  D     Non-repeating timer - stopping after callback
10-26 10:25:28.743   36707-37091   A00000/org.map...ineFileSource  org.maplibre.harmony  I     ========== OnlineFileSourceThread::request() ==========
10-26 10:25:28.743   36707-37091   A00000/org.map...ineFileSource  org.maplibre.harmony  I     AsyncRequest: 0x5a1eb7f180
10-26 10:25:28.743   36707-37091   A00000/org.map...ineFileSource  org.maplibre.harmony  I     Resource URL: https://demotiles.maplibre.org/tiles/2/2/0.pbf
10-26 10:25:28.743   36707-37091   A00000/org.map...ineFileSource  org.maplibre.harmony  I     Creating OnlineFileRequest...
10-26 10:25:28.743   36707-37091   A00000/org.map...ineFileSource  org.maplibre.harmony  I     ========== OnlineFileRequest CONSTRUCTOR ==========
10-26 10:25:28.743   36707-37091   A00000/org.map...ineFileSource  org.maplibre.harmony  I     URL: https://demotiles.maplibre.org/tiles/2/2/0.pbf
10-26 10:25:28.743   36707-37091   A00000/org.map...ineFileSource  org.maplibre.harmony  I     Kind: 3, Priority: 0
10-26 10:25:28.743   36707-37091   A00000/org.map...ineFileSource  org.maplibre.harmony  I     ========== OnlineFileSourceThread::add() ==========
10-26 10:25:28.743   36707-37091   A00000/org.map...ineFileSource  org.maplibre.harmony  I     Request URL: https://demotiles.maplibre.org/tiles/2/2/0.pbf
10-26 10:25:28.743   36707-37091   A00000/org.map...ineFileSource  org.maplibre.harmony  I     Total requests in allRequests: 9
10-26 10:25:28.743   36707-37091   A00000/org.map...ineFileSource  org.maplibre.harmony  I     No resourceTransform - activating request directly
10-26 10:25:28.743   36707-37091   A00000/org.map...ineFileSource  org.maplibre.harmony  I     ========== OnlineFileRequest::activate() ==========
10-26 10:25:28.743   36707-37091   A00000/org.map...ineFileSource  org.maplibre.harmony  I     URL: https://demotiles.maplibre.org/tiles/2/2/0.pbf
10-26 10:25:28.743   36707-37091   A00000/org.map...ineFileSource  org.maplibre.harmony  I     No priorExpires - immediate request (timeout=0)
10-26 10:25:28.743   36707-37091   A00000/org.map...ineFileSource  org.maplibre.harmony  I     ========== OnlineFileRequest::schedule() ==========
10-26 10:25:28.743   36707-37091   A00000/org.map...ineFileSource  org.maplibre.harmony  I     URL: https://demotiles.maplibre.org/tiles/2/2/0.pbf
10-26 10:25:28.743   36707-37091   A00000/org.map...ineFileSource  org.maplibre.harmony  I     Timeout: 0 ms
10-26 10:25:28.743   36707-37091   A00000/org.map...ineFileSource  org.maplibre.harmony  I     NetworkStatus is ONLINE
10-26 10:25:28.743   36707-37091   A00000/org.map...ineFileSource  org.maplibre.harmony  I     Starting timer with timeout=0 ms, will call activateOrQueueRequest
10-26 10:25:28.743   36707-37091   A00000/org.map...harmony/Timer  org.maplibre.harmony  D     Timer started: timeout=<private> ms, repeat=<private> ms, runLoop=<private>
10-26 10:25:28.744   36707-37091   A00000/org.map...ineFileSource  org.maplibre.harmony  I     Timer started successfully
10-26 10:25:28.744   36707-37091   A00000/org.map...ineFileSource  org.maplibre.harmony  I     OnlineFileRequest added to impl
10-26 10:25:28.744   36707-37091   A00000/org.map...ineFileSource  org.maplibre.harmony  I     OnlineFileRequest created and stored in tasks map (total tasks: 9)
10-26 10:25:28.744   36707-37091   A00000/org.map...harmony/Timer  org.maplibre.harmony  D     ⭐ INSIDE INVOKE LAMBDA - about to execute timer callback
10-26 10:25:28.744   36707-37091   A00000/org.map...harmony/Timer  org.maplibre.harmony  D     ✅ Executing timer callback on RunLoop thread
10-26 10:25:28.744   36707-37091   A00000/org.map...ineFileSource  org.maplibre.harmony  I     ========== activateOrQueueRequest() ==========
10-26 10:25:28.744   36707-37091   A00000/org.map...ineFileSource  org.maplibre.harmony  I     Request: 0x5a1f581680
10-26 10:25:28.744   36707-37091   A00000/org.map...ineFileSource  org.maplibre.harmony  I     Active requests: 4, Max concurrent: 20
10-26 10:25:28.744   36707-37152   A00000/org.map...harmony/Timer  org.maplibre.harmony  D     Timer fired - dispatching callback to RunLoop thread
10-26 10:25:28.744   36707-37152   A00000/org.map...harmony/Timer  org.maplibre.harmony  D     RunLoop address: <private>, has callback: <private>
10-26 10:25:28.744   36707-37091   A00000/org.map...ineFileSource  org.maplibre.harmony  I     Queue has space - activating request NOW
10-26 10:25:28.744   36707-37152   A00000/org.map...harmony/Timer  org.maplibre.harmony  D     runLoop->invoke() returned
10-26 10:25:28.744   36707-37091   A00000/org.map...ineFileSource  org.maplibre.harmony  I     ========== activateRequest() ==========
10-26 10:25:28.744   36707-37091   A00000/org.map...ineFileSource  org.maplibre.harmony  I     URL: https://demotiles.maplibre.org/tiles/2/3/0.pbf
10-26 10:25:28.744   36707-37091   A00000/org.map...ineFileSource  org.maplibre.harmony  I     Online status: 1
10-26 10:25:28.744   36707-37091   A00000/org.map...ineFileSource  org.maplibre.harmony  I     Request added to activeRequests (total: 5)
10-26 10:25:28.744   36707-37091   A00000/org.map...ineFileSource  org.maplibre.harmony  I     🌐 Network is ONLINE - calling httpFileSource.request()...
10-26 10:25:28.744   36707-37091   A00000/org.map...ineFileSource  org.maplibre.harmony  I     httpFileSource address: 0x5a1e461b38
10-26 10:25:28.744   36707-37091   A00000/org.map...ineFileSource  org.maplibre.harmony  I     httpFileSource type at request: N4mbgl14HTTPFileSourceE
10-26 10:25:28.744   36707-37091   A00000/org.map...ineFileSource  org.maplibre.harmony  I     About to call httpFileSource.request() with URL: https://demotiles.maplibre.org/tiles/2/3/0.pbf
10-26 10:25:28.744   36707-37091   A00000/org.map...ineFileSource  org.maplibre.harmony  I     🔵 BEFORE httpFileSource.request() call
10-26 10:25:28.744   36707-37091   A00000/org.map...ineFileSource  org.maplibre.harmony  I     🔵 AFTER httpFileSource.request() call
10-26 10:25:28.744   36707-37091   A00000/org.map...ineFileSource  org.maplibre.harmony  I     ✅ httpFileSource.request() SUCCESS - AsyncRequest: 0x5a1f62d380
10-26 10:25:28.744   36707-37091   A00000/org.map...ineFileSource  org.maplibre.harmony  I     activateOrQueueRequest() COMPLETE
10-26 10:25:28.744   36707-37091   A00000/org.map...harmony/Timer  org.maplibre.harmony  D     ✅ Timer callback COMPLETED
10-26 10:25:28.744   36707-37091   A00000/org.map...harmony/Timer  org.maplibre.harmony  D     Non-repeating timer - stopping after callback
10-26 10:25:28.744   36707-37091   A00000/org.map...harmony/Timer  org.maplibre.harmony  D     ⭐ INSIDE INVOKE LAMBDA - about to execute timer callback
10-26 10:25:28.744   36707-37091   A00000/org.map...harmony/Timer  org.maplibre.harmony  D     ✅ Executing timer callback on RunLoop thread
10-26 10:25:28.744   36707-37091   A00000/org.map...ineFileSource  org.maplibre.harmony  I     ========== activateOrQueueRequest() ==========
10-26 10:25:28.744   36707-37091   A00000/org.map...ineFileSource  org.maplibre.harmony  I     Request: 0x5a1f452c00
10-26 10:25:28.744   36707-37091   A00000/org.map...ineFileSource  org.maplibre.harmony  I     Active requests: 5, Max concurrent: 20
10-26 10:25:28.744   36707-37091   A00000/org.map...ineFileSource  org.maplibre.harmony  I     Queue has space - activating request NOW
10-26 10:25:28.744   36707-37091   A00000/org.map...ineFileSource  org.maplibre.harmony  I     ========== activateRequest() ==========
10-26 10:25:28.744   36707-37091   A00000/org.map...ineFileSource  org.maplibre.harmony  I     URL: https://demotiles.maplibre.org/tiles/2/2/0.pbf
10-26 10:25:28.744   36707-37091   A00000/org.map...ineFileSource  org.maplibre.harmony  I     Online status: 1
10-26 10:25:28.744   36707-37091   A00000/org.map...ineFileSource  org.maplibre.harmony  I     Request added to activeRequests (total: 6)
10-26 10:25:28.744   36707-37091   A00000/org.map...ineFileSource  org.maplibre.harmony  I     🌐 Network is ONLINE - calling httpFileSource.request()...
10-26 10:25:28.744   36707-37091   A00000/org.map...ineFileSource  org.maplibre.harmony  I     httpFileSource address: 0x5a1e461b38
10-26 10:25:28.744   36707-37091   A00000/org.map...ineFileSource  org.maplibre.harmony  I     httpFileSource type at request: N4mbgl14HTTPFileSourceE
10-26 10:25:28.744   36707-37091   A00000/org.map...ineFileSource  org.maplibre.harmony  I     About to call httpFileSource.request() with URL: https://demotiles.maplibre.org/tiles/2/2/0.pbf
10-26 10:25:28.744   36707-37091   A00000/org.map...ineFileSource  org.maplibre.harmony  I     🔵 BEFORE httpFileSource.request() call
10-26 10:25:28.744   36707-37091   A00000/org.map...ineFileSource  org.maplibre.harmony  I     🔵 AFTER httpFileSource.request() call
10-26 10:25:28.744   36707-37091   A00000/org.map...ineFileSource  org.maplibre.harmony  I     ✅ httpFileSource.request() SUCCESS - AsyncRequest: 0x5a1f6b9000
10-26 10:25:28.744   36707-37091   A00000/org.map...ineFileSource  org.maplibre.harmony  I     activateOrQueueRequest() COMPLETE
10-26 10:25:28.744   36707-37091   A00000/org.map...harmony/Timer  org.maplibre.harmony  D     ✅ Timer callback COMPLETED
10-26 10:25:28.744   36707-37091   A00000/org.map...harmony/Timer  org.maplibre.harmony  D     Non-repeating timer - stopping after callback
10-26 10:25:28.744   36707-37075   A00000/org.map...NativeMapView  org.maplibre.harmony  D     onWillStartRenderingFrame
10-26 10:25:28.744   36707-37075   A00000/org.map...ndererBackend  org.maplibre.harmony  D     updateAssumedState: viewport=(0, 0, 3952, 5365) logical pixels
10-26 10:25:28.744   36707-37075   A00000/org.map...ndererBackend  org.maplibre.harmony  D     updateAssumedState complete
10-26 10:25:28.746   36707-37075   A00000/org.map...NativeMapView  org.maplibre.harmony  I     onPreCompileShader: shader=22, backend=0, source_length=274
10-26 10:25:28.746   36707-37076   A00000/org.map...mony/MAPLIBRE  org.maplibre.harmony  W     [WARNING] {aplibre.harmony}[OpenGL]: Error1282: glGetAttribLocation(result, location0AttribName) - /Users/yidafu/github/maplibre-native/src/mbgl/gl/context.cpp:239
10-26 10:25:28.746   36707-37076   A00000/org.map...mony/MAPLIBRE  org.maplibre.harmony  I     [INFO] {aplibre.harmony}[OpenGL]: HarmonyOS: Before link - attribute 'a_pos_normal' location: -1 in program 12
10-26 10:25:28.747   36707-37075   A00000/org.map...NativeMapView  org.maplibre.harmony  I     onPostCompileShader: shader=22, backend=0, source_length=274
10-26 10:25:28.747   36707-37076   A00000/org.map...mony/MAPLIBRE  org.maplibre.harmony  I     [INFO] {aplibre.harmony}[OpenGL]: HarmonyOS: After link - attribute 'a_pos_normal' correctly bound to location 0 in program 12
10-26 10:25:28.749   36707-37075   A00000/org.map...NativeMapView  org.maplibre.harmony  I     onPreCompileShader: shader=11, backend=0, source_length=98
10-26 10:25:28.749   36707-37146   A00000/org.map...harmony/Timer  org.maplibre.harmony  D     Timer thread exiting
10-26 10:25:28.750   36707-37076   A00000/org.map...mony/MAPLIBRE  org.maplibre.harmony  W     [WARNING] {aplibre.harmony}[OpenGL]: Error1282: glGetAttribLocation(result, location0AttribName) - /Users/yidafu/github/maplibre-native/src/mbgl/gl/context.cpp:239
10-26 10:25:28.750   36707-37076   A00000/org.map...mony/MAPLIBRE  org.maplibre.harmony  I     [INFO] {aplibre.harmony}[OpenGL]: HarmonyOS: Before link - attribute 'a_pos' location: -1 in program 15
10-26 10:25:28.750   36707-37147   A00000/org.map...harmony/Timer  org.maplibre.harmony  D     Timer thread exiting
10-26 10:25:28.751   36707-37075   A00000/org.map...NativeMapView  org.maplibre.harmony  I     onPostCompileShader: shader=11, backend=0, source_length=98
10-26 10:25:28.751   36707-37076   A00000/org.map...mony/MAPLIBRE  org.maplibre.harmony  I     [INFO] {aplibre.harmony}[OpenGL]: HarmonyOS: After link - attribute 'a_pos' correctly bound to location 0 in program 15
10-26 10:25:28.751   36707-37075   A00000/org.map...NativeMapView  org.maplibre.harmony  I     onPreCompileShader: shader=12, backend=0, source_length=98
10-26 10:25:28.751   36707-37148   A00000/org.map...harmony/Timer  org.maplibre.harmony  D     Timer thread exiting
10-26 10:25:28.751   36707-37076   A00000/org.map...mony/MAPLIBRE  org.maplibre.harmony  W     [WARNING] {aplibre.harmony}[OpenGL]: Error1282: glGetAttribLocation(result, location0AttribName) - /Users/yidafu/github/maplibre-native/src/mbgl/gl/context.cpp:239
10-26 10:25:28.751   36707-37076   A00000/org.map...mony/MAPLIBRE  org.maplibre.harmony  I     [INFO] {aplibre.harmony}[OpenGL]: HarmonyOS: Before link - attribute 'a_pos' location: -1 in program 18
10-26 10:25:28.752   36707-37075   A00000/org.map...NativeMapView  org.maplibre.harmony  I     onPostCompileShader: shader=12, backend=0, source_length=98
10-26 10:25:28.752   36707-37076   A00000/org.map...mony/MAPLIBRE  org.maplibre.harmony  I     [INFO] {aplibre.harmony}[OpenGL]: HarmonyOS: After link - attribute 'a_pos' correctly bound to location 0 in program 18
10-26 10:25:28.752   36707-37150   A00000/org.map...harmony/Timer  org.maplibre.harmony  D     Timer thread exiting
10-26 10:25:28.753   36707-37151   A00000/org.map...harmony/Timer  org.maplibre.harmony  D     Timer thread exiting
10-26 10:25:28.754   36707-37152   A00000/org.map...harmony/Timer  org.maplibre.harmony  D     Timer thread exiting
10-26 10:25:28.754   36707-37075   A00000/org.map...NativeMapView  org.maplibre.harmony  I     onPreCompileShader: shader=27, backend=0, source_length=274
10-26 10:25:28.755   36707-37076   A00000/org.map...mony/MAPLIBRE  org.maplibre.harmony  W     [WARNING] {aplibre.harmony}[OpenGL]: Error1282: glGetAttribLocation(result, location0AttribName) - /Users/yidafu/github/maplibre-native/src/mbgl/gl/context.cpp:239
10-26 10:25:28.755   36707-37076   A00000/org.map...mony/MAPLIBRE  org.maplibre.harmony  I     [INFO] {aplibre.harmony}[OpenGL]: HarmonyOS: Before link - attribute 'a_pos_normal' location: -1 in program 21
10-26 10:25:28.756   36707-37075   A00000/org.map...NativeMapView  org.maplibre.harmony  I     onPostCompileShader: shader=27, backend=0, source_length=274
10-26 10:25:28.756   36707-37076   A00000/org.map...mony/MAPLIBRE  org.maplibre.harmony  I     [INFO] {aplibre.harmony}[OpenGL]: HarmonyOS: After link - attribute 'a_pos_normal' correctly bound to location 0 in program 21
10-26 10:25:28.757   36707-37075   A00000/org.map...NativeMapView  org.maplibre.harmony  I     onPreCompileShader: shader=30, backend=0, source_length=161
10-26 10:25:28.757   36707-37076   A00000/org.map...mony/MAPLIBRE  org.maplibre.harmony  W     [WARNING] {aplibre.harmony}[OpenGL]: Error1282: glGetAttribLocation(result, location0AttribName) - /Users/yidafu/github/maplibre-native/src/mbgl/gl/context.cpp:239
10-26 10:25:28.757   36707-37076   A00000/org.map...mony/MAPLIBRE  org.maplibre.harmony  I     [INFO] {aplibre.harmony}[OpenGL]: HarmonyOS: Before link - attribute 'a_pos_offset' location: -1 in program 24
10-26 10:25:28.759   36707-37075   A00000/org.map...NativeMapView  org.maplibre.harmony  I     onPostCompileShader: shader=30, backend=0, source_length=161
10-26 10:25:28.759   36707-37076   A00000/org.map...mony/MAPLIBRE  org.maplibre.harmony  I     [INFO] {aplibre.harmony}[OpenGL]: HarmonyOS: After link - attribute 'a_pos_offset' correctly bound to location 0 in program 24
10-26 10:25:28.763   36707-37097   A00000/org.map...rmony/Network  org.maplibre.harmony  W     Request completed with error: Couldn't resolve host name
10-26 10:25:28.763   36707-37097   A00000/org.map...rmony/Network  org.maplibre.harmony  W     Request failed: Couldn't resolve host name
10-26 10:25:28.763   36707-37097   A00000/org.map...ineFileSource  org.maplibre.harmony  I     ========== HTTP RESPONSE CALLBACK ==========
10-26 10:25:28.763   36707-37097   A00000/org.map...ineFileSource  org.maplibre.harmony  I     URL: https://demotiles.maplibre.org/tiles/1/1/0.pbf
10-26 10:25:28.763   36707-37097   A00000/org.map...ineFileSource  org.maplibre.harmony  I     ⚠️ Response has ERROR: reason=4, message=Couldn't resolve host name: Could not resolve host: demotiles.maplibre.org
10-26 10:25:28.769   36707-37075   A00000/org.map...NativeMapView  org.maplibre.harmony  D     onWillStartRenderingFrame
10-26 10:25:28.769   36707-37075   A00000/org.map...ndererBackend  org.maplibre.harmony  D     updateAssumedState: viewport=(0, 0, 3952, 5365) logical pixels
10-26 10:25:28.769   36707-37075   A00000/org.map...ndererBackend  org.maplibre.harmony  D     updateAssumedState complete
10-26 10:25:28.772   36707-37075   A00000/org.map...ndererBackend  org.maplibre.harmony  D     deactivate() - keeping context current for performance (single-thread mode)
10-26 10:25:28.774   36707-37097   A00000/org.map...ineFileSource  org.maplibre.harmony  I     ========== OnlineFileRequest::completed() ==========
10-26 10:25:28.774   36707-37097   A00000/org.map...ineFileSource  org.maplibre.harmony  I     URL: https://demotiles.maplibre.org/tiles/1/1/0.pbf
10-26 10:25:28.774   36707-37097   A00000/org.map...ineFileSource  org.maplibre.harmony  I     Response has error: Couldn't resolve host name: Could not resolve host: demotiles.maplibre.org
10-26 10:25:28.774   36707-37097   A00000/org.map...ineFileSource  org.maplibre.harmony  I     ========== OnlineFileRequest::schedule() ==========
10-26 10:25:28.774   36707-37097   A00000/org.map...ineFileSource  org.maplibre.harmony  I     URL: https://demotiles.maplibre.org/tiles/1/1/0.pbf
10-26 10:25:28.774   36707-37097   A00000/org.map...ineFileSource  org.maplibre.harmony  I     Timeout: 1000 ms
10-26 10:25:28.774   36707-37097   A00000/org.map...ineFileSource  org.maplibre.harmony  I     NetworkStatus is ONLINE
10-26 10:25:28.774   36707-37097   A00000/org.map...ineFileSource  org.maplibre.harmony  I     Starting timer with timeout=1000 ms, will call activateOrQueueRequest
10-26 10:25:28.774   36707-37097   A00000/org.map...harmony/Timer  org.maplibre.harmony  D     Timer started: timeout=<private> ms, repeat=<private> ms, runLoop=<private>
10-26 10:25:28.774   36707-37097   A00000/org.map...ineFileSource  org.maplibre.harmony  I     Timer started successfully
10-26 10:25:28.774   36707-37097   A00000/org.map...ineFileSource  org.maplibre.harmony  I     Calling final response callback to deliver result to requestor
10-26 10:25:28.774   36707-37097   A00000/org.map...ineFileSource  org.maplibre.harmony  I     ========== Response received, invoking FileSourceRequest::setResponse ==========
10-26 10:25:28.774   36707-37097   A00000/org.map...ineFileSource  org.maplibre.harmony  I     Response callback completed
10-26 10:25:28.775   36707-37075   A00000/org.map...mony/MAPLIBRE  org.maplibre.harmony  E     [ERROR] {aplibre.harmony}[Style]: Failed to load tile 1/1/0=>1 for source maplibre: Couldn't resolve host name: Could not resolve host: demotiles.maplibre.org
10-26 10:25:28.795   36707-37097   A00000/org.map...rmony/Network  org.maplibre.harmony  W     Request completed with error: Couldn't resolve host name
10-26 10:25:28.795   36707-37097   A00000/org.map...rmony/Network  org.maplibre.harmony  W     Request failed: Couldn't resolve host name
10-26 10:25:28.795   36707-37097   A00000/org.map...ineFileSource  org.maplibre.harmony  I     ========== HTTP RESPONSE CALLBACK ==========
10-26 10:25:28.795   36707-37097   A00000/org.map...ineFileSource  org.maplibre.harmony  I     URL: https://demotiles.maplibre.org/tiles/2/2/1.pbf
10-26 10:25:28.795   36707-37097   A00000/org.map...ineFileSource  org.maplibre.harmony  I     ⚠️ Response has ERROR: reason=4, message=Couldn't resolve host name: Could not resolve host: demotiles.maplibre.org
10-26 10:25:28.805   36707-37097   A00000/org.map...ineFileSource  org.maplibre.harmony  I     ========== OnlineFileRequest::completed() ==========
10-26 10:25:28.805   36707-37097   A00000/org.map...ineFileSource  org.maplibre.harmony  I     URL: https://demotiles.maplibre.org/tiles/2/2/1.pbf
10-26 10:25:28.806   36707-37097   A00000/org.map...ineFileSource  org.maplibre.harmony  I     Response has error: Couldn't resolve host name: Could not resolve host: demotiles.maplibre.org
10-26 10:25:28.806   36707-37097   A00000/org.map...ineFileSource  org.maplibre.harmony  I     ========== OnlineFileRequest::schedule() ==========
10-26 10:25:28.806   36707-37097   A00000/org.map...ineFileSource  org.maplibre.harmony  I     URL: https://demotiles.maplibre.org/tiles/2/2/1.pbf
10-26 10:25:28.806   36707-37097   A00000/org.map...ineFileSource  org.maplibre.harmony  I     Timeout: 1000 ms
10-26 10:25:28.806   36707-37097   A00000/org.map...ineFileSource  org.maplibre.harmony  I     NetworkStatus is ONLINE
10-26 10:25:28.806   36707-37097   A00000/org.map...ineFileSource  org.maplibre.harmony  I     Starting timer with timeout=1000 ms, will call activateOrQueueRequest
10-26 10:25:28.806   36707-37097   A00000/org.map...harmony/Timer  org.maplibre.harmony  D     Timer started: timeout=<private> ms, repeat=<private> ms, runLoop=<private>
10-26 10:25:28.806   36707-37097   A00000/org.map...ineFileSource  org.maplibre.harmony  I     Timer started successfully
10-26 10:25:28.806   36707-37097   A00000/org.map...ineFileSource  org.maplibre.harmony  I     Calling final response callback to deliver result to requestor
10-26 10:25:28.806   36707-37097   A00000/org.map...ineFileSource  org.maplibre.harmony  I     ========== Response received, invoking FileSourceRequest::setResponse ==========
10-26 10:25:28.806   36707-37097   A00000/org.map...ineFileSource  org.maplibre.harmony  I     Response callback completed
10-26 10:25:28.806   36707-37097   A00000/org.map...rmony/Network  org.maplibre.harmony  W     Request completed with error: Couldn't resolve host name
10-26 10:25:28.806   36707-37097   A00000/org.map...rmony/Network  org.maplibre.harmony  W     Request failed: Couldn't resolve host name
10-26 10:25:28.806   36707-37097   A00000/org.map...ineFileSource  org.maplibre.harmony  I     ========== HTTP RESPONSE CALLBACK ==========
10-26 10:25:28.807   36707-37097   A00000/org.map...ineFileSource  org.maplibre.harmony  I     URL: https://demotiles.maplibre.org/tiles/2/3/2.pbf
10-26 10:25:28.807   36707-37097   A00000/org.map...ineFileSource  org.maplibre.harmony  I     ⚠️ Response has ERROR: reason=4, message=Couldn't resolve host name: Could not resolve host: demotiles.maplibre.org
10-26 10:25:28.807   36707-37075   A00000/org.map...mony/MAPLIBRE  org.maplibre.harmony  E     [ERROR] {aplibre.harmony}[Style]: Failed to load tile 2/2/1=>2 for source maplibre: Couldn't resolve host name: Could not resolve host: demotiles.maplibre.org
10-26 10:25:28.817   36707-37097   A00000/org.map...ineFileSource  org.maplibre.harmony  I     ========== OnlineFileRequest::completed() ==========
10-26 10:25:28.817   36707-37097   A00000/org.map...ineFileSource  org.maplibre.harmony  I     URL: https://demotiles.maplibre.org/tiles/2/3/2.pbf
10-26 10:25:28.817   36707-37097   A00000/org.map...ineFileSource  org.maplibre.harmony  I     Response has error: Couldn't resolve host name: Could not resolve host: demotiles.maplibre.org
10-26 10:25:28.817   36707-37097   A00000/org.map...ineFileSource  org.maplibre.harmony  I     ========== OnlineFileRequest::schedule() ==========
10-26 10:25:28.817   36707-37097   A00000/org.map...ineFileSource  org.maplibre.harmony  I     URL: https://demotiles.maplibre.org/tiles/2/3/2.pbf
10-26 10:25:28.817   36707-37097   A00000/org.map...ineFileSource  org.maplibre.harmony  I     Timeout: 1000 ms
10-26 10:25:28.817   36707-37097   A00000/org.map...ineFileSource  org.maplibre.harmony  I     NetworkStatus is ONLINE
10-26 10:25:28.817   36707-37097   A00000/org.map...ineFileSource  org.maplibre.harmony  I     Starting timer with timeout=1000 ms, will call activateOrQueueRequest
10-26 10:25:28.817   36707-37097   A00000/org.map...harmony/Timer  org.maplibre.harmony  D     Timer started: timeout=<private> ms, repeat=<private> ms, runLoop=<private>
10-26 10:25:28.817   36707-37097   A00000/org.map...ineFileSource  org.maplibre.harmony  I     Timer started successfully
10-26 10:25:28.818   36707-37097   A00000/org.map...ineFileSource  org.maplibre.harmony  I     Calling final response callback to deliver result to requestor
10-26 10:25:28.818   36707-37097   A00000/org.map...ineFileSource  org.maplibre.harmony  I     ========== Response received, invoking FileSourceRequest::setResponse ==========
10-26 10:25:28.818   36707-37097   A00000/org.map...ineFileSource  org.maplibre.harmony  I     Response callback completed
10-26 10:25:28.818   36707-37097   A00000/org.map...rmony/Network  org.maplibre.harmony  W     Request completed with error: Couldn't resolve host name
10-26 10:25:28.818   36707-37097   A00000/org.map...rmony/Network  org.maplibre.harmony  W     Request failed: Couldn't resolve host name
10-26 10:25:28.818   36707-37097   A00000/org.map...ineFileSource  org.maplibre.harmony  I     ========== HTTP RESPONSE CALLBACK ==========
10-26 10:25:28.818   36707-37097   A00000/org.map...ineFileSource  org.maplibre.harmony  I     URL: https://demotiles.maplibre.org/tiles/2/2/2.pbf
10-26 10:25:28.818   36707-37097   A00000/org.map...ineFileSource  org.maplibre.harmony  I     ⚠️ Response has ERROR: reason=4, message=Couldn't resolve host name: Could not resolve host: demotiles.maplibre.org
10-26 10:25:28.819   36707-37075   A00000/org.map...mony/MAPLIBRE  org.maplibre.harmony  E     [ERROR] {aplibre.harmony}[Style]: Failed to load tile 2/3/2=>2 for source maplibre: Couldn't resolve host name: Could not resolve host: demotiles.maplibre.org
10-26 10:25:28.828   36707-37097   A00000/org.map...ineFileSource  org.maplibre.harmony  I     ========== OnlineFileRequest::completed() ==========
10-26 10:25:28.828   36707-37097   A00000/org.map...ineFileSource  org.maplibre.harmony  I     URL: https://demotiles.maplibre.org/tiles/2/2/2.pbf
10-26 10:25:28.828   36707-37097   A00000/org.map...ineFileSource  org.maplibre.harmony  I     Response has error: Couldn't resolve host name: Could not resolve host: demotiles.maplibre.org
10-26 10:25:28.828   36707-37097   A00000/org.map...ineFileSource  org.maplibre.harmony  I     ========== OnlineFileRequest::schedule() ==========
10-26 10:25:28.828   36707-37097   A00000/org.map...ineFileSource  org.maplibre.harmony  I     URL: https://demotiles.maplibre.org/tiles/2/2/2.pbf
10-26 10:25:28.828   36707-37097   A00000/org.map...ineFileSource  org.maplibre.harmony  I     Timeout: 1000 ms
10-26 10:25:28.828   36707-37097   A00000/org.map...ineFileSource  org.maplibre.harmony  I     NetworkStatus is ONLINE
10-26 10:25:28.828   36707-37097   A00000/org.map...ineFileSource  org.maplibre.harmony  I     Starting timer with timeout=1000 ms, will call activateOrQueueRequest
10-26 10:25:28.828   36707-37097   A00000/org.map...harmony/Timer  org.maplibre.harmony  D     Timer started: timeout=<private> ms, repeat=<private> ms, runLoop=<private>
10-26 10:25:28.829   36707-37097   A00000/org.map...ineFileSource  org.maplibre.harmony  I     Timer started successfully
10-26 10:25:28.829   36707-37097   A00000/org.map...ineFileSource  org.maplibre.harmony  I     Calling final response callback to deliver result to requestor
10-26 10:25:28.829   36707-37097   A00000/org.map...ineFileSource  org.maplibre.harmony  I     ========== Response received, invoking FileSourceRequest::setResponse ==========
10-26 10:25:28.829   36707-37097   A00000/org.map...ineFileSource  org.maplibre.harmony  I     Response callback completed
10-26 10:25:28.829   36707-37097   A00000/org.map...rmony/Network  org.maplibre.harmony  W     Request completed with error: Couldn't resolve host name
10-26 10:25:28.829   36707-37097   A00000/org.map...rmony/Network  org.maplibre.harmony  W     Request failed: Couldn't resolve host name
10-26 10:25:28.829   36707-37097   A00000/org.map...ineFileSource  org.maplibre.harmony  I     ========== HTTP RESPONSE CALLBACK ==========
10-26 10:25:28.829   36707-37097   A00000/org.map...ineFileSource  org.maplibre.harmony  I     URL: https://demotiles.maplibre.org/tiles/2/3/0.pbf
10-26 10:25:28.829   36707-37097   A00000/org.map...ineFileSource  org.maplibre.harmony  I     ⚠️ Response has ERROR: reason=4, message=Couldn't resolve host name: Could not resolve host: demotiles.maplibre.org
10-26 10:25:28.830   36707-37075   A00000/org.map...mony/MAPLIBRE  org.maplibre.harmony  E     [ERROR] {aplibre.harmony}[Style]: Failed to load tile 2/2/2=>2 for source maplibre: Couldn't resolve host name: Could not resolve host: demotiles.maplibre.org
10-26 10:25:28.840   36707-37097   A00000/org.map...ineFileSource  org.maplibre.harmony  I     ========== OnlineFileRequest::completed() ==========
10-26 10:25:28.840   36707-37097   A00000/org.map...ineFileSource  org.maplibre.harmony  I     URL: https://demotiles.maplibre.org/tiles/2/3/0.pbf
10-26 10:25:28.840   36707-37097   A00000/org.map...ineFileSource  org.maplibre.harmony  I     Response has error: Couldn't resolve host name: Could not resolve host: demotiles.maplibre.org
10-26 10:25:28.840   36707-37097   A00000/org.map...ineFileSource  org.maplibre.harmony  I     ========== OnlineFileRequest::schedule() ==========
10-26 10:25:28.840   36707-37097   A00000/org.map...ineFileSource  org.maplibre.harmony  I     URL: https://demotiles.maplibre.org/tiles/2/3/0.pbf
10-26 10:25:28.840   36707-37097   A00000/org.map...ineFileSource  org.maplibre.harmony  I     Timeout: 1000 ms
10-26 10:25:28.840   36707-37097   A00000/org.map...ineFileSource  org.maplibre.harmony  I     NetworkStatus is ONLINE
10-26 10:25:28.840   36707-37097   A00000/org.map...ineFileSource  org.maplibre.harmony  I     Starting timer with timeout=1000 ms, will call activateOrQueueRequest
10-26 10:25:28.840   36707-37097   A00000/org.map...harmony/Timer  org.maplibre.harmony  D     Timer started: timeout=<private> ms, repeat=<private> ms, runLoop=<private>
10-26 10:25:28.840   36707-37097   A00000/org.map...ineFileSource  org.maplibre.harmony  I     Timer started successfully
10-26 10:25:28.840   36707-37097   A00000/org.map...ineFileSource  org.maplibre.harmony  I     Calling final response callback to deliver result to requestor
10-26 10:25:28.840   36707-37097   A00000/org.map...ineFileSource  org.maplibre.harmony  I     ========== Response received, invoking FileSourceRequest::setResponse ==========
10-26 10:25:28.841   36707-37097   A00000/org.map...ineFileSource  org.maplibre.harmony  I     Response callback completed
10-26 10:25:28.841   36707-37097   A00000/org.map...rmony/Network  org.maplibre.harmony  W     Request completed with error: Couldn't resolve host name
10-26 10:25:28.841   36707-37097   A00000/org.map...rmony/Network  org.maplibre.harmony  W     Request failed: Couldn't resolve host name
10-26 10:25:28.841   36707-37097   A00000/org.map...ineFileSource  org.maplibre.harmony  I     ========== HTTP RESPONSE CALLBACK ==========
10-26 10:25:28.841   36707-37097   A00000/org.map...ineFileSource  org.maplibre.harmony  I     URL: https://demotiles.maplibre.org/tiles/2/2/0.pbf
10-26 10:25:28.841   36707-37097   A00000/org.map...ineFileSource  org.maplibre.harmony  I     ⚠️ Response has ERROR: reason=4, message=Couldn't resolve host name: Could not resolve host: demotiles.maplibre.org
10-26 10:25:28.842   36707-37075   A00000/org.map...mony/MAPLIBRE  org.maplibre.harmony  E     [ERROR] {aplibre.harmony}[Style]: Failed to load tile 2/3/0=>2 for source maplibre: Couldn't resolve host name: Could not resolve host: demotiles.maplibre.org
10-26 10:25:28.851   36707-37097   A00000/org.map...ineFileSource  org.maplibre.harmony  I     ========== OnlineFileRequest::completed() ==========
10-26 10:25:28.851   36707-37097   A00000/org.map...ineFileSource  org.maplibre.harmony  I     URL: https://demotiles.maplibre.org/tiles/2/2/0.pbf
10-26 10:25:28.851   36707-37097   A00000/org.map...ineFileSource  org.maplibre.harmony  I     Response has error: Couldn't resolve host name: Could not resolve host: demotiles.maplibre.org
10-26 10:25:28.851   36707-37097   A00000/org.map...ineFileSource  org.maplibre.harmony  I     ========== OnlineFileRequest::schedule() ==========
10-26 10:25:28.851   36707-37097   A00000/org.map...ineFileSource  org.maplibre.harmony  I     URL: https://demotiles.maplibre.org/tiles/2/2/0.pbf
10-26 10:25:28.851   36707-37097   A00000/org.map...ineFileSource  org.maplibre.harmony  I     Timeout: 1000 ms
10-26 10:25:28.851   36707-37097   A00000/org.map...ineFileSource  org.maplibre.harmony  I     NetworkStatus is ONLINE
10-26 10:25:28.851   36707-37097   A00000/org.map...ineFileSource  org.maplibre.harmony  I     Starting timer with timeout=1000 ms, will call activateOrQueueRequest
10-26 10:25:28.851   36707-37097   A00000/org.map...harmony/Timer  org.maplibre.harmony  D     Timer started: timeout=<private> ms, repeat=<private> ms, runLoop=<private>
10-26 10:25:28.851   36707-37097   A00000/org.map...ineFileSource  org.maplibre.harmony  I     Timer started successfully
10-26 10:25:28.851   36707-37097   A00000/org.map...ineFileSource  org.maplibre.harmony  I     Calling final response callback to deliver result to requestor
10-26 10:25:28.851   36707-37097   A00000/org.map...ineFileSource  org.maplibre.harmony  I     ========== Response received, invoking FileSourceRequest::setResponse ==========
10-26 10:25:28.851   36707-37097   A00000/org.map...ineFileSource  org.maplibre.harmony  I     Response callback completed
10-26 10:25:28.851   36707-37075   A00000/org.map...mony/MAPLIBRE  org.maplibre.harmony  E     [ERROR] {aplibre.harmony}[Style]: Failed to load tile 2/2/0=>2 for source maplibre: Couldn't resolve host name: Could not resolve host: demotiles.maplibre.org
10-26 10:25:28.857   36707-37075   A00000/org.map...ndererBackend  org.maplibre.harmony  D     activate() - context already current
10-26 10:25:28.862   36707-37096   A00000/org.map...ineFileSource  org.maplibre.harmony  I     ========== OnlineFileSource::request() ==========
10-26 10:25:28.862   36707-37096   A00000/org.map...ineFileSource  org.maplibre.harmony  I     HTTP REQUEST: url='https://demotiles.maplibre.org/tiles/1/1/1.pbf', kind=3
10-26 10:25:28.862   36707-37096   A00000/org.map...ineFileSource  org.maplibre.harmony  I     OnlineFileSource impl address: 0x5a1edeeee0
10-26 10:25:28.862   36707-37096   A00000/org.map...ineFileSource  org.maplibre.harmony  I     Original URL: https://demotiles.maplibre.org/tiles/1/1/1.pbf
10-26 10:25:28.862   36707-37096   A00000/org.map...ineFileSource  org.maplibre.harmony  I     Normalized URL: https://demotiles.maplibre.org/tiles/1/1/1.pbf
10-26 10:25:28.862   36707-37096   A00000/org.map...ineFileSource  org.maplibre.harmony  I     Calling impl->request()...
10-26 10:25:28.862   36707-37096   A00000/org.map...ineFileSource  org.maplibre.harmony  I     ========== OnlineFileSource::Impl::request() ==========
10-26 10:25:28.862   36707-37096   A00000/org.map...ineFileSource  org.maplibre.harmony  I     Creating FileSourceRequest for URL: https://demotiles.maplibre.org/tiles/1/1/1.pbf
10-26 10:25:28.862   36707-37096   A00000/org.map...ineFileSource  org.maplibre.harmony  I     FileSourceRequest created: 0x5a1ecbf080
10-26 10:25:28.862   36707-37096   A00000/org.map...ineFileSource  org.maplibre.harmony  I     Cancel callback set
10-26 10:25:28.862   36707-37096   A00000/org.map...ineFileSource  org.maplibre.harmony  I     Invoking OnlineFileSourceThread::request on actor...
10-26 10:25:28.862   36707-37096   A00000/org.map...ineFileSource  org.maplibre.harmony  I     Thread actor invoked successfully
10-26 10:25:28.862   36707-37096   A00000/org.map...ineFileSource  org.maplibre.harmony  I     impl->request() returned AsyncRequest: 0x5a1ecbf080
10-26 10:25:28.862   36707-37091   A00000/org.map...ineFileSource  org.maplibre.harmony  I     ========== OnlineFileSourceThread::request() ==========
10-26 10:25:28.862   36707-37091   A00000/org.map...ineFileSource  org.maplibre.harmony  I     AsyncRequest: 0x5a1ecbf080
10-26 10:25:28.862   36707-37091   A00000/org.map...ineFileSource  org.maplibre.harmony  I     Resource URL: https://demotiles.maplibre.org/tiles/1/1/1.pbf
10-26 10:25:28.862   36707-37091   A00000/org.map...ineFileSource  org.maplibre.harmony  I     Creating OnlineFileRequest...
10-26 10:25:28.862   36707-37091   A00000/org.map...ineFileSource  org.maplibre.harmony  I     ========== OnlineFileRequest CONSTRUCTOR ==========
10-26 10:25:28.862   36707-37091   A00000/org.map...ineFileSource  org.maplibre.harmony  I     URL: https://demotiles.maplibre.org/tiles/1/1/1.pbf
10-26 10:25:28.862   36707-37091   A00000/org.map...ineFileSource  org.maplibre.harmony  I     Kind: 3, Priority: 0
10-26 10:25:28.862   36707-37091   A00000/org.map...ineFileSource  org.maplibre.harmony  I     ========== OnlineFileSourceThread::add() ==========
10-26 10:25:28.862   36707-37091   A00000/org.map...ineFileSource  org.maplibre.harmony  I     Request URL: https://demotiles.maplibre.org/tiles/1/1/1.pbf
10-26 10:25:28.862   36707-37091   A00000/org.map...ineFileSource  org.maplibre.harmony  I     Total requests in allRequests: 4
10-26 10:25:28.862   36707-37091   A00000/org.map...ineFileSource  org.maplibre.harmony  I     No resourceTransform - activating request directly
10-26 10:25:28.862   36707-37091   A00000/org.map...ineFileSource  org.maplibre.harmony  I     ========== OnlineFileRequest::activate() ==========
10-26 10:25:28.863   36707-37091   A00000/org.map...ineFileSource  org.maplibre.harmony  I     URL: https://demotiles.maplibre.org/tiles/1/1/1.pbf
10-26 10:25:28.863   36707-37091   A00000/org.map...ineFileSource  org.maplibre.harmony  I     Has priorExpires - timeout: 0 ms
10-26 10:25:28.863   36707-37091   A00000/org.map...ineFileSource  org.maplibre.harmony  I     ========== OnlineFileRequest::schedule() ==========
10-26 10:25:28.863   36707-37091   A00000/org.map...ineFileSource  org.maplibre.harmony  I     URL: https://demotiles.maplibre.org/tiles/1/1/1.pbf
10-26 10:25:28.863   36707-37091   A00000/org.map...ineFileSource  org.maplibre.harmony  I     Timeout: 0 ms
10-26 10:25:28.863   36707-37091   A00000/org.map...ineFileSource  org.maplibre.harmony  I     NetworkStatus is ONLINE
10-26 10:25:28.863   36707-37091   A00000/org.map...ineFileSource  org.maplibre.harmony  I     Starting timer with timeout=0 ms, will call activateOrQueueRequest
10-26 10:25:28.863   36707-37091   A00000/org.map...harmony/Timer  org.maplibre.harmony  D     Timer started: timeout=<private> ms, repeat=<private> ms, runLoop=<private>
10-26 10:25:28.863   36707-37091   A00000/org.map...ineFileSource  org.maplibre.harmony  I     Timer started successfully
10-26 10:25:28.863   36707-37091   A00000/org.map...ineFileSource  org.maplibre.harmony  I     OnlineFileRequest added to impl
10-26 10:25:28.863   36707-37091   A00000/org.map...ineFileSource  org.maplibre.harmony  I     OnlineFileRequest created and stored in tasks map (total tasks: 4)
10-26 10:25:28.863   36707-37164   A00000/org.map...harmony/Timer  org.maplibre.harmony  D     Timer fired - dispatching callback to RunLoop thread
10-26 10:25:28.863   36707-37164   A00000/org.map...harmony/Timer  org.maplibre.harmony  D     RunLoop address: <private>, has callback: <private>
10-26 10:25:28.863   36707-37164   A00000/org.map...harmony/Timer  org.maplibre.harmony  D     runLoop->invoke() returned
10-26 10:25:28.863   36707-37091   A00000/org.map...harmony/Timer  org.maplibre.harmony  D     ⭐ INSIDE INVOKE LAMBDA - about to execute timer callback
10-26 10:25:28.863   36707-37091   A00000/org.map...harmony/Timer  org.maplibre.harmony  D     ✅ Executing timer callback on RunLoop thread
10-26 10:25:28.863   36707-37091   A00000/org.map...ineFileSource  org.maplibre.harmony  I     ========== activateOrQueueRequest() ==========
10-26 10:25:28.863   36707-37091   A00000/org.map...ineFileSource  org.maplibre.harmony  I     Request: 0x5a1f452f00
10-26 10:25:28.863   36707-37091   A00000/org.map...ineFileSource  org.maplibre.harmony  I     Active requests: 0, Max concurrent: 20
10-26 10:25:28.863   36707-37091   A00000/org.map...ineFileSource  org.maplibre.harmony  I     Queue has space - activating request NOW
10-26 10:25:28.863   36707-37091   A00000/org.map...ineFileSource  org.maplibre.harmony  I     ========== activateRequest() ==========
10-26 10:25:28.863   36707-37091   A00000/org.map...ineFileSource  org.maplibre.harmony  I     URL: https://demotiles.maplibre.org/tiles/1/1/1.pbf
10-26 10:25:28.863   36707-37091   A00000/org.map...ineFileSource  org.maplibre.harmony  I     Online status: 1
10-26 10:25:28.863   36707-37091   A00000/org.map...ineFileSource  org.maplibre.harmony  I     Request added to activeRequests (total: 1)
10-26 10:25:28.863   36707-37091   A00000/org.map...ineFileSource  org.maplibre.harmony  I     🌐 Network is ONLINE - calling httpFileSource.request()...
10-26 10:25:28.863   36707-37091   A00000/org.map...ineFileSource  org.maplibre.harmony  I     httpFileSource address: 0x5a1e461b38
10-26 10:25:28.863   36707-37091   A00000/org.map...ineFileSource  org.maplibre.harmony  I     httpFileSource type at request: N4mbgl14HTTPFileSourceE
10-26 10:25:28.863   36707-37091   A00000/org.map...ineFileSource  org.maplibre.harmony  I     About to call httpFileSource.request() with URL: https://demotiles.maplibre.org/tiles/1/1/1.pbf
10-26 10:25:28.863   36707-37091   A00000/org.map...ineFileSource  org.maplibre.harmony  I     🔵 BEFORE httpFileSource.request() call
10-26 10:25:28.864   36707-37091   A00000/org.map...ineFileSource  org.maplibre.harmony  I     🔵 AFTER httpFileSource.request() call
10-26 10:25:28.864   36707-37091   A00000/org.map...ineFileSource  org.maplibre.harmony  I     ✅ httpFileSource.request() SUCCESS - AsyncRequest: 0x5a1f62cc00
10-26 10:25:28.864   36707-37091   A00000/org.map...ineFileSource  org.maplibre.harmony  I     activateOrQueueRequest() COMPLETE
10-26 10:25:28.864   36707-37091   A00000/org.map...harmony/Timer  org.maplibre.harmony  D     ✅ Timer callback COMPLETED
10-26 10:25:28.864   36707-37091   A00000/org.map...harmony/Timer  org.maplibre.harmony  D     Non-repeating timer - stopping after callback
10-26 10:25:28.871   36707-37075   A00000/org.map...NativeMapView  org.maplibre.harmony  D     onWillStartRenderingFrame
10-26 10:25:28.871   36707-37075   A00000/org.map...ndererBackend  org.maplibre.harmony  D     updateAssumedState: viewport=(0, 0, 3952, 5365) logical pixels
10-26 10:25:28.871   36707-37075   A00000/org.map...ndererBackend  org.maplibre.harmony  D     updateAssumedState complete
10-26 10:25:28.873   36707-37164   A00000/org.map...harmony/Timer  org.maplibre.harmony  D     Timer thread exiting
10-26 10:25:28.892   36707-37097   A00000/org.map...rmony/Network  org.maplibre.harmony  W     Request completed with error: Couldn't resolve host name
10-26 10:25:28.893   36707-37097   A00000/org.map...rmony/Network  org.maplibre.harmony  W     Request failed: Couldn't resolve host name
10-26 10:25:28.893   36707-37097   A00000/org.map...ineFileSource  org.maplibre.harmony  I     ========== HTTP RESPONSE CALLBACK ==========
10-26 10:25:28.893   36707-37097   A00000/org.map...ineFileSource  org.maplibre.harmony  I     URL: https://demotiles.maplibre.org/tiles/1/1/1.pbf
10-26 10:25:28.893   36707-37097   A00000/org.map...ineFileSource  org.maplibre.harmony  I     ⚠️ Response has ERROR: reason=4, message=Couldn't resolve host name: Could not resolve host: demotiles.maplibre.org
10-26 10:25:28.895   36707-37075   A00000/org.map...NativeMapView  org.maplibre.harmony  D     onWillStartRenderingFrame
10-26 10:25:28.895   36707-37075   A00000/org.map...ndererBackend  org.maplibre.harmony  D     updateAssumedState: viewport=(0, 0, 3952, 5365) logical pixels
10-26 10:25:28.895   36707-37075   A00000/org.map...ndererBackend  org.maplibre.harmony  D     updateAssumedState complete
10-26 10:25:28.900   36707-37075   A00000/org.map...ndererBackend  org.maplibre.harmony  D     deactivate() - keeping context current for performance (single-thread mode)
10-26 10:25:28.903   36707-37097   A00000/org.map...ineFileSource  org.maplibre.harmony  I     ========== OnlineFileRequest::completed() ==========
10-26 10:25:28.903   36707-37097   A00000/org.map...ineFileSource  org.maplibre.harmony  I     URL: https://demotiles.maplibre.org/tiles/1/1/1.pbf
10-26 10:25:28.903   36707-37097   A00000/org.map...ineFileSource  org.maplibre.harmony  I     Response has error: Couldn't resolve host name: Could not resolve host: demotiles.maplibre.org
10-26 10:25:28.903   36707-37097   A00000/org.map...ineFileSource  org.maplibre.harmony  I     ========== OnlineFileRequest::schedule() ==========
10-26 10:25:28.903   36707-37097   A00000/org.map...ineFileSource  org.maplibre.harmony  I     URL: https://demotiles.maplibre.org/tiles/1/1/1.pbf
10-26 10:25:28.903   36707-37097   A00000/org.map...ineFileSource  org.maplibre.harmony  I     Timeout: 1000 ms
10-26 10:25:28.903   36707-37097   A00000/org.map...ineFileSource  org.maplibre.harmony  I     NetworkStatus is ONLINE
10-26 10:25:28.903   36707-37097   A00000/org.map...ineFileSource  org.maplibre.harmony  I     Starting timer with timeout=1000 ms, will call activateOrQueueRequest
10-26 10:25:28.903   36707-37097   A00000/org.map...harmony/Timer  org.maplibre.harmony  D     Timer started: timeout=<private> ms, repeat=<private> ms, runLoop=<private>
10-26 10:25:28.903   36707-37097   A00000/org.map...ineFileSource  org.maplibre.harmony  I     Timer started successfully
10-26 10:25:28.903   36707-37097   A00000/org.map...ineFileSource  org.maplibre.harmony  I     Calling final response callback to deliver result to requestor
10-26 10:25:28.903   36707-37097   A00000/org.map...ineFileSource  org.maplibre.harmony  I     ========== Response received, invoking FileSourceRequest::setResponse ==========
10-26 10:25:28.903   36707-37097   A00000/org.map...ineFileSource  org.maplibre.harmony  I     Response callback completed
10-26 10:25:28.904   36707-37075   A00000/org.map...mony/MAPLIBRE  org.maplibre.harmony  E     [ERROR] {aplibre.harmony}[Style]: Failed to load tile 1/1/1=>1 for source maplibre: Couldn't resolve host name: Could not resolve host: demotiles.maplibre.org
10-26 10:25:28.929   36707-37075   A00000/org.map...ndererBackend  org.maplibre.harmony  D     activate() - context already current
10-26 10:25:28.935   36707-37075   A00000/org.map...NativeMapView  org.maplibre.harmony  D     onWillStartRenderingFrame
10-26 10:25:28.935   36707-37075   A00000/org.map...ndererBackend  org.maplibre.harmony  D     updateAssumedState: viewport=(0, 0, 3952, 5365) logical pixels
10-26 10:25:28.935   36707-37075   A00000/org.map...ndererBackend  org.maplibre.harmony  D     updateAssumedState complete
10-26 10:25:28.992   36707-37075   A00000/org.map...NativeMapView  org.maplibre.harmony  D     onWillStartRenderingFrame
10-26 10:25:28.992   36707-37075   A00000/org.map...ndererBackend  org.maplibre.harmony  D     updateAssumedState: viewport=(0, 0, 3952, 5365) logical pixels
10-26 10:25:28.992   36707-37075   A00000/org.map...ndererBackend  org.maplibre.harmony  D     updateAssumedState complete
10-26 10:25:29.000   36707-37075   A00000/org.map...ndererBackend  org.maplibre.harmony  D     deactivate() - keeping context current for performance (single-thread mode)
10-26 10:25:29.183   36707-37075   A00000/org.map...ndererBackend  org.maplibre.harmony  D     activate() - context already current
10-26 10:25:29.196   36707-37075   A00000/org.map...NativeMapView  org.maplibre.harmony  D     onWillStartRenderingFrame
10-26 10:25:29.196   36707-37075   A00000/org.map...ndererBackend  org.maplibre.harmony  D     updateAssumedState: viewport=(0, 0, 3952, 5365) logical pixels
10-26 10:25:29.197   36707-37075   A00000/org.map...ndererBackend  org.maplibre.harmony  D     updateAssumedState complete
10-26 10:25:29.255   36707-37075   A00000/org.map...NativeMapView  org.maplibre.harmony  D     onWillStartRenderingFrame
10-26 10:25:29.255   36707-37075   A00000/org.map...ndererBackend  org.maplibre.harmony  D     updateAssumedState: viewport=(0, 0, 3952, 5365) logical pixels
10-26 10:25:29.255   36707-37075   A00000/org.map...ndererBackend  org.maplibre.harmony  D     updateAssumedState complete
10-26 10:25:29.260   36707-37075   A00000/org.map...NativeMapView  org.maplibre.harmony  D     onDidFinishRenderingMap
10-26 10:25:29.260   36707-37075   A00000/org.map...NativeMapView  org.maplibre.harmony  W     🗺️ [0 ms] onDidFinishLoadingMap
10-26 10:25:29.260   36707-37075   A00000/org.map...ndererBackend  org.maplibre.harmony  D     deactivate() - keeping context current for performance (single-thread mode)
10-26 10:25:29.424   36707-37118   A00000/org.map...harmony/Timer  org.maplibre.harmony  D     Timer thread exiting
10-26 10:25:29.435   36707-37120   A00000/org.map...harmony/Timer  org.maplibre.harmony  D     Timer thread exiting
10-26 10:25:29.449   36707-37123   A00000/org.map...harmony/Timer  org.maplibre.harmony  D     Timer thread exiting
10-26 10:25:29.459   36707-37126   A00000/org.map...harmony/Timer  org.maplibre.harmony  D     Timer thread exiting
10-26 10:25:29.496   36707-37136   A00000/org.map...harmony/Timer  org.maplibre.harmony  D     Timer thread exiting
10-26 10:25:29.507   36707-37137   A00000/org.map...harmony/Timer  org.maplibre.harmony  D     Timer thread exiting
10-26 10:25:29.539   36707-37138   A00000/org.map...harmony/Timer  org.maplibre.harmony  D     Timer thread exiting
10-26 10:25:29.550   36707-37139   A00000/org.map...harmony/Timer  org.maplibre.harmony  D     Timer thread exiting
10-26 10:25:29.561   36707-37140   A00000/org.map...harmony/Timer  org.maplibre.harmony  D     Timer thread exiting
10-26 10:25:29.574   36707-37141   A00000/org.map...harmony/Timer  org.maplibre.harmony  D     Timer thread exiting
10-26 10:25:29.585   36707-37142   A00000/org.map...harmony/Timer  org.maplibre.harmony  D     Timer thread exiting
10-26 10:25:29.596   36707-37143   A00000/org.map...harmony/Timer  org.maplibre.harmony  D     Timer thread exiting
10-26 10:25:29.608   36707-37144   A00000/org.map...harmony/Timer  org.maplibre.harmony  D     Timer thread exiting
10-26 10:25:29.619   36707-37145   A00000/org.map...harmony/Timer  org.maplibre.harmony  D     Timer thread exiting
10-26 10:25:29.697   36707-36707   A0FF00/org.map...stureDetector  org.maplibre.harmony  D     Pan gesture started
10-26 10:25:29.697   36707-36707   A00000/org.map...NativeMapView  org.maplibre.harmony  D     cancelTransitions() called
10-26 10:25:29.697   36707-36707   A00000/org.map...NativeMapView  org.maplibre.harmony  D     cancelTransitions: Transitions cancelled successfully
10-26 10:25:29.697   36707-36707   A00000/org.map...NativeMapView  org.maplibre.harmony  D     setGestureInProgress() called
10-26 10:25:29.697   36707-36707   A00000/org.map...NativeMapView  org.maplibre.harmony  D     setGestureInProgress: Set to true
10-26 10:25:29.698   36707-36707   A00000/org.map...NativeMapView  org.maplibre.harmony  D     moveBy() called
10-26 10:25:29.698   36707-36707   A00000/org.map...NativeMapView  org.maplibre.harmony  D     moveBy: with animation duration = 0 ms
10-26 10:25:29.698   36707-37075   A00000/org.map...ndererBackend  org.maplibre.harmony  D     activate() - context already current
10-26 10:25:29.698   36707-36707   A00000/org.map...NativeMapView  org.maplibre.harmony  D     onCameraWillChange
10-26 10:25:29.698   36707-36707   A00000/org.map...NativeMapView  org.maplibre.harmony  D     onCameraDidChange
10-26 10:25:29.698   36707-36707   A00000/org.map...NativeMapView  org.maplibre.harmony  D     moveBy: Instant move by (6.53, 0.00)
10-26 10:25:29.704   36707-36707   A00000/org.map...NativeMapView  org.maplibre.harmony  D     moveBy() called
10-26 10:25:29.704   36707-36707   A00000/org.map...NativeMapView  org.maplibre.harmony  D     moveBy: with animation duration = 0 ms
10-26 10:25:29.704   36707-36707   A00000/org.map...NativeMapView  org.maplibre.harmony  D     onCameraWillChange
10-26 10:25:29.705   36707-36707   A00000/org.map...NativeMapView  org.maplibre.harmony  D     onCameraDidChange
10-26 10:25:29.705   36707-36707   A00000/org.map...NativeMapView  org.maplibre.harmony  D     moveBy: Instant move by (4.24, 0.00)
10-26 10:25:29.710   36707-37075   A00000/org.map...NativeMapView  org.maplibre.harmony  D     onWillStartRenderingFrame
10-26 10:25:29.710   36707-37075   A00000/org.map...ndererBackend  org.maplibre.harmony  D     updateAssumedState: viewport=(0, 0, 3952, 5365) logical pixels
10-26 10:25:29.710   36707-37075   A00000/org.map...ndererBackend  org.maplibre.harmony  D     updateAssumedState complete
10-26 10:25:29.713   36707-36707   A00000/org.map...NativeMapView  org.maplibre.harmony  D     moveBy() called
10-26 10:25:29.713   36707-36707   A00000/org.map...NativeMapView  org.maplibre.harmony  D     moveBy: with animation duration = 0 ms
10-26 10:25:29.713   36707-36707   A00000/org.map...NativeMapView  org.maplibre.harmony  D     onCameraWillChange
10-26 10:25:29.713   36707-36707   A00000/org.map...NativeMapView  org.maplibre.harmony  D     onCameraDidChange
10-26 10:25:29.713   36707-36707   A00000/org.map...NativeMapView  org.maplibre.harmony  D     moveBy: Instant move by (5.76, 0.00)
10-26 10:25:29.719   36707-37075   A00000/org.map...NativeMapView  org.maplibre.harmony  D     onWillStartRenderingFrame
10-26 10:25:29.719   36707-37075   A00000/org.map...ndererBackend  org.maplibre.harmony  D     updateAssumedState: viewport=(0, 0, 3952, 5365) logical pixels
10-26 10:25:29.719   36707-37075   A00000/org.map...ndererBackend  org.maplibre.harmony  D     updateAssumedState complete
10-26 10:25:29.721   36707-36707   A00000/org.map...NativeMapView  org.maplibre.harmony  D     moveBy() called
10-26 10:25:29.721   36707-36707   A00000/org.map...NativeMapView  org.maplibre.harmony  D     moveBy: with animation duration = 0 ms
10-26 10:25:29.721   36707-36707   A00000/org.map...NativeMapView  org.maplibre.harmony  D     onCameraWillChange
10-26 10:25:29.721   36707-36707   A00000/org.map...NativeMapView  org.maplibre.harmony  D     onCameraDidChange
10-26 10:25:29.721   36707-36707   A00000/org.map...NativeMapView  org.maplibre.harmony  D     moveBy: Instant move by (6.26, 0.00)
10-26 10:25:29.724   36707-37075   A00000/org.map...ndererBackend  org.maplibre.harmony  D     deactivate() - keeping context current for performance (single-thread mode)
10-26 10:25:29.730   36707-36707   A00000/org.map...NativeMapView  org.maplibre.harmony  D     moveBy() called
10-26 10:25:29.730   36707-36707   A00000/org.map...NativeMapView  org.maplibre.harmony  D     moveBy: with animation duration = 0 ms
10-26 10:25:29.730   36707-36707   A00000/org.map...NativeMapView  org.maplibre.harmony  D     onCameraWillChange
10-26 10:25:29.730   36707-36707   A00000/org.map...NativeMapView  org.maplibre.harmony  D     onCameraDidChange
10-26 10:25:29.730   36707-36707   A00000/org.map...NativeMapView  org.maplibre.harmony  D     moveBy: Instant move by (5.83, 0.00)
10-26 10:25:29.738   36707-36707   A00000/org.map...NativeMapView  org.maplibre.harmony  D     moveBy() called
10-26 10:25:29.738   36707-36707   A00000/org.map...NativeMapView  org.maplibre.harmony  D     moveBy: with animation duration = 0 ms
10-26 10:25:29.738   36707-36707   A00000/org.map...NativeMapView  org.maplibre.harmony  D     onCameraWillChange
10-26 10:25:29.738   36707-36707   A00000/org.map...NativeMapView  org.maplibre.harmony  D     onCameraDidChange
10-26 10:25:29.738   36707-36707   A00000/org.map...NativeMapView  org.maplibre.harmony  D     moveBy: Instant move by (7.80, 0.00)
10-26 10:25:29.738   36707-37075   A00000/org.map...ndererBackend  org.maplibre.harmony  D     activate() - context already current
10-26 10:25:29.743   36707-37075   A00000/org.map...NativeMapView  org.maplibre.harmony  D     onWillStartRenderingFrame
10-26 10:25:29.743   36707-37075   A00000/org.map...ndererBackend  org.maplibre.harmony  D     updateAssumedState: viewport=(0, 0, 3952, 5365) logical pixels
10-26 10:25:29.743   36707-37075   A00000/org.map...ndererBackend  org.maplibre.harmony  D     updateAssumedState complete
10-26 10:25:29.746   36707-36707   A00000/org.map...NativeMapView  org.maplibre.harmony  D     moveBy() called
10-26 10:25:29.746   36707-36707   A00000/org.map...NativeMapView  org.maplibre.harmony  D     moveBy: with animation duration = 0 ms
10-26 10:25:29.746   36707-36707   A00000/org.map...NativeMapView  org.maplibre.harmony  D     onCameraWillChange
10-26 10:25:29.746   36707-36707   A00000/org.map...NativeMapView  org.maplibre.harmony  D     onCameraDidChange
10-26 10:25:29.747   36707-36707   A00000/org.map...NativeMapView  org.maplibre.harmony  D     moveBy: Instant move by (7.32, 0.00)
10-26 10:25:29.751   36707-37075   A00000/org.map...ndererBackend  org.maplibre.harmony  D     deactivate() - keeping context current for performance (single-thread mode)
10-26 10:25:29.754   36707-36707   A00000/org.map...NativeMapView  org.maplibre.harmony  D     moveBy() called
10-26 10:25:29.754   36707-36707   A00000/org.map...NativeMapView  org.maplibre.harmony  D     moveBy: with animation duration = 0 ms
10-26 10:25:29.755   36707-36707   A00000/org.map...NativeMapView  org.maplibre.harmony  D     onCameraWillChange
10-26 10:25:29.755   36707-36707   A00000/org.map...NativeMapView  org.maplibre.harmony  D     onCameraDidChange
10-26 10:25:29.755   36707-36707   A00000/org.map...NativeMapView  org.maplibre.harmony  D     moveBy: Instant move by (6.47, 0.67)
10-26 10:25:29.755   36707-37075   A00000/org.map...ndererBackend  org.maplibre.harmony  D     activate() - context already current
10-26 10:25:29.760   36707-37075   A00000/org.map...NativeMapView  org.maplibre.harmony  D     onWillStartRenderingFrame
10-26 10:25:29.760   36707-37075   A00000/org.map...ndererBackend  org.maplibre.harmony  D     updateAssumedState: viewport=(0, 0, 3952, 5365) logical pixels
10-26 10:25:29.760   36707-37075   A00000/org.map...ndererBackend  org.maplibre.harmony  D     updateAssumedState complete
10-26 10:25:29.762   36707-36707   A00000/org.map...NativeMapView  org.maplibre.harmony  D     moveBy() called
10-26 10:25:29.762   36707-36707   A00000/org.map...NativeMapView  org.maplibre.harmony  D     moveBy: with animation duration = 0 ms
10-26 10:25:29.762   36707-36707   A00000/org.map...NativeMapView  org.maplibre.harmony  D     onCameraWillChange
10-26 10:25:29.762   36707-36707   A00000/org.map...NativeMapView  org.maplibre.harmony  D     onCameraDidChange
10-26 10:25:29.762   36707-36707   A00000/org.map...NativeMapView  org.maplibre.harmony  D     moveBy: Instant move by (6.40, 1.63)
10-26 10:25:29.770   36707-37075   A00000/org.map...ndererBackend  org.maplibre.harmony  D     deactivate() - keeping context current for performance (single-thread mode)
10-26 10:25:29.770   36707-36707   A00000/org.map...NativeMapView  org.maplibre.harmony  D     moveBy() called
10-26 10:25:29.770   36707-36707   A00000/org.map...NativeMapView  org.maplibre.harmony  D     moveBy: with animation duration = 0 ms
10-26 10:25:29.770   36707-36707   A00000/org.map...NativeMapView  org.maplibre.harmony  D     onCameraWillChange
10-26 10:25:29.770   36707-36707   A00000/org.map...NativeMapView  org.maplibre.harmony  D     onCameraDidChange
10-26 10:25:29.770   36707-36707   A00000/org.map...NativeMapView  org.maplibre.harmony  D     moveBy: Instant move by (9.85, 2.01)
10-26 10:25:29.774   36707-37158   A00000/org.map...harmony/Timer  org.maplibre.harmony  D     Timer thread exiting
10-26 10:25:29.779   36707-36707   A00000/org.map...NativeMapView  org.maplibre.harmony  D     moveBy() called
10-26 10:25:29.779   36707-36707   A00000/org.map...NativeMapView  org.maplibre.harmony  D     moveBy: with animation duration = 0 ms
10-26 10:25:29.779   36707-36707   A00000/org.map...NativeMapView  org.maplibre.harmony  D     onCameraWillChange
10-26 10:25:29.779   36707-36707   A00000/org.map...NativeMapView  org.maplibre.harmony  D     onCameraDidChange
10-26 10:25:29.779   36707-36707   A00000/org.map...NativeMapView  org.maplibre.harmony  D     moveBy: Instant move by (7.08, 1.54)
10-26 10:25:29.779   36707-37075   A00000/org.map...ndererBackend  org.maplibre.harmony  D     activate() - context already current
10-26 10:25:29.784   36707-37075   A00000/org.map...NativeMapView  org.maplibre.harmony  D     onWillStartRenderingFrame
10-26 10:25:29.784   36707-37075   A00000/org.map...ndererBackend  org.maplibre.harmony  D     updateAssumedState: viewport=(0, 0, 3952, 5365) logical pixels
10-26 10:25:29.784   36707-37075   A00000/org.map...ndererBackend  org.maplibre.harmony  D     updateAssumedState complete
10-26 10:25:29.787   36707-36707   A00000/org.map...NativeMapView  org.maplibre.harmony  D     moveBy() called
10-26 10:25:29.787   36707-36707   A00000/org.map...NativeMapView  org.maplibre.harmony  D     moveBy: with animation duration = 0 ms
10-26 10:25:29.787   36707-36707   A00000/org.map...NativeMapView  org.maplibre.harmony  D     onCameraWillChange
10-26 10:25:29.787   36707-36707   A00000/org.map...NativeMapView  org.maplibre.harmony  D     onCameraDidChange
10-26 10:25:29.787   36707-36707   A00000/org.map...NativeMapView  org.maplibre.harmony  D     moveBy: Instant move by (8.39, 3.73)
10-26 10:25:29.795   36707-37075   A00000/org.map...ndererBackend  org.maplibre.harmony  D     deactivate() - keeping context current for performance (single-thread mode)
10-26 10:25:29.796   36707-36707   A00000/org.map...NativeMapView  org.maplibre.harmony  D     moveBy() called
10-26 10:25:29.796   36707-36707   A00000/org.map...NativeMapView  org.maplibre.harmony  D     moveBy: with animation duration = 0 ms
10-26 10:25:29.796   36707-36707   A00000/org.map...NativeMapView  org.maplibre.harmony  D     onCameraWillChange
10-26 10:25:29.796   36707-36707   A00000/org.map...NativeMapView  org.maplibre.harmony  D     onCameraDidChange
10-26 10:25:29.796   36707-36707   A00000/org.map...NativeMapView  org.maplibre.harmony  D     moveBy: Instant move by (13.03, 5.43)
10-26 10:25:29.796   36707-37075   A00000/org.map...ndererBackend  org.maplibre.harmony  D     activate() - context already current
10-26 10:25:29.800   36707-37075   A00000/org.map...NativeMapView  org.maplibre.harmony  D     onWillStartRenderingFrame
10-26 10:25:29.800   36707-37075   A00000/org.map...ndererBackend  org.maplibre.harmony  D     updateAssumedState: viewport=(0, 0, 3952, 5365) logical pixels
10-26 10:25:29.800   36707-37075   A00000/org.map...ndererBackend  org.maplibre.harmony  D     updateAssumedState complete
10-26 10:25:29.803   36707-36707   A00000/org.map...NativeMapView  org.maplibre.harmony  D     moveBy() called
10-26 10:25:29.803   36707-36707   A00000/org.map...NativeMapView  org.maplibre.harmony  D     moveBy: with animation duration = 0 ms
10-26 10:25:29.803   36707-36707   A00000/org.map...NativeMapView  org.maplibre.harmony  D     onCameraWillChange
10-26 10:25:29.804   36707-36707   A00000/org.map...NativeMapView  org.maplibre.harmony  D     onCameraDidChange
10-26 10:25:29.804   36707-36707   A00000/org.map...NativeMapView  org.maplibre.harmony  D     moveBy: Instant move by (14.67, 6.93)
10-26 10:25:29.807   36707-36707   A0FF00/org.map...stureDetector  org.maplibre.harmony  D     Pan gesture ended
10-26 10:25:29.807   36707-36707   A0FF00/org.map...stureDetector  org.maplibre.harmony  D     Pan velocity: vx=2026.90, vy=949.63, speed=2238.33
10-26 10:25:29.807   36707-36707   A0FF00/org.map...stureDetector  org.maplibre.harmony  I     Fling animation: offset=(351.73, 164.79), duration=619.7608585916851ms
10-26 10:25:29.807   36707-36707   A00000/org.map...NativeMapView  org.maplibre.harmony  D     moveBy() called
10-26 10:25:29.807   36707-36707   A00000/org.map...NativeMapView  org.maplibre.harmony  D     moveBy: with animation duration = 619 ms
10-26 10:25:29.807   36707-36707   A00000/org.map...NativeMapView  org.maplibre.harmony  D     onCameraWillChange
10-26 10:25:29.807   36707-36707   A00000/org.map...NativeMapView  org.maplibre.harmony  D     onCameraIsChanging
10-26 10:25:29.807   36707-36707   A00000/org.map...NativeMapView  org.maplibre.harmony  D     moveBy: Animated move by (351.73, 164.79) over 619 ms
10-26 10:25:29.807   36707-36707   A00000/org.map...NativeMapView  org.maplibre.harmony  D     onCameraIsChanging
10-26 10:25:29.807   36707-36707   A00000/org.map...NativeMapView  org.maplibre.harmony  D     setGestureInProgress() called
10-26 10:25:29.807   36707-36707   A00000/org.map...NativeMapView  org.maplibre.harmony  D     onCameraIsChanging
10-26 10:25:29.807   36707-36707   A00000/org.map...NativeMapView  org.maplibre.harmony  D     setGestureInProgress: Set to false
10-26 10:25:29.807   36707-37159   A00000/org.map...harmony/Timer  org.maplibre.harmony  D     Timer thread exiting
10-26 10:25:29.808   36707-37075   A00000/org.map...NativeMapView  org.maplibre.harmony  D     onCameraIsChanging
10-26 10:25:29.808   36707-37075   A00000/org.map...ndererBackend  org.maplibre.harmony  D     deactivate() - keeping context current for performance (single-thread mode)
10-26 10:25:29.818   36707-37160   A00000/org.map...harmony/Timer  org.maplibre.harmony  D     Timer thread exiting
10-26 10:25:29.829   36707-37161   A00000/org.map...harmony/Timer  org.maplibre.harmony  D     Timer thread exiting
10-26 10:25:29.841   36707-37162   A00000/org.map...harmony/Timer  org.maplibre.harmony  D     Timer thread exiting
10-26 10:25:29.851   36707-37163   A00000/org.map...harmony/Timer  org.maplibre.harmony  D     Timer thread exiting
10-26 10:25:29.904   36707-37166   A00000/org.map...harmony/Timer  org.maplibre.harmony  D     Timer thread exiting
10-26 10:25:30.227   36707-36707   A0FF00/org.map...stureDetector  org.maplibre.harmony  D     Pan gesture started
10-26 10:25:30.227   36707-36707   A00000/org.map...NativeMapView  org.maplibre.harmony  D     cancelTransitions() called
10-26 10:25:30.227   36707-36707   A00000/org.map...NativeMapView  org.maplibre.harmony  D     onCameraDidChange
10-26 10:25:30.227   36707-36707   A00000/org.map...NativeMapView  org.maplibre.harmony  D     cancelTransitions: Transitions cancelled successfully
10-26 10:25:30.227   36707-36707   A00000/org.map...NativeMapView  org.maplibre.harmony  D     setGestureInProgress() called
10-26 10:25:30.227   36707-36707   A00000/org.map...NativeMapView  org.maplibre.harmony  D     setGestureInProgress: Set to true
10-26 10:25:30.227   36707-37075   A00000/org.map...ndererBackend  org.maplibre.harmony  D     activate() - context already current
10-26 10:25:30.227   36707-36707   A00000/org.map...NativeMapView  org.maplibre.harmony  D     moveBy() called
10-26 10:25:30.227   36707-36707   A00000/org.map...NativeMapView  org.maplibre.harmony  D     moveBy: with animation duration = 0 ms
10-26 10:25:30.228   36707-36707   A00000/org.map...NativeMapView  org.maplibre.harmony  D     onCameraWillChange
10-26 10:25:30.228   36707-36707   A00000/org.map...NativeMapView  org.maplibre.harmony  D     onCameraDidChange
10-26 10:25:30.228   36707-36707   A00000/org.map...NativeMapView  org.maplibre.harmony  D     moveBy: Instant move by (6.05, 0.00)
10-26 10:25:30.235   36707-36707   A00000/org.map...NativeMapView  org.maplibre.harmony  D     moveBy() called
10-26 10:25:30.235   36707-36707   A00000/org.map...NativeMapView  org.maplibre.harmony  D     moveBy: with animation duration = 0 ms
10-26 10:25:30.235   36707-36707   A00000/org.map...NativeMapView  org.maplibre.harmony  D     onCameraWillChange
10-26 10:25:30.235   36707-36707   A00000/org.map...NativeMapView  org.maplibre.harmony  D     onCameraDidChange
10-26 10:25:30.235   36707-36707   A00000/org.map...NativeMapView  org.maplibre.harmony  D     moveBy: Instant move by (6.44, 0.00)
10-26 10:25:30.243   36707-36707   A00000/org.map...NativeMapView  org.maplibre.harmony  D     moveBy() called
10-26 10:25:30.243   36707-36707   A00000/org.map...NativeMapView  org.maplibre.harmony  D     moveBy: with animation duration = 0 ms
10-26 10:25:30.243   36707-36707   A00000/org.map...NativeMapView  org.maplibre.harmony  D     onCameraWillChange
10-26 10:25:30.243   36707-36707   A00000/org.map...NativeMapView  org.maplibre.harmony  D     onCameraDidChange
10-26 10:25:30.243   36707-36707   A00000/org.map...NativeMapView  org.maplibre.harmony  D     moveBy: Instant move by (9.42, 0.00)
10-26 10:25:30.246   36707-37075   A00000/org.map...NativeMapView  org.maplibre.harmony  D     onWillStartRenderingFrame
10-26 10:25:30.246   36707-37075   A00000/org.map...ndererBackend  org.maplibre.harmony  D     updateAssumedState: viewport=(0, 0, 3952, 5365) logical pixels
10-26 10:25:30.246   36707-37075   A00000/org.map...ndererBackend  org.maplibre.harmony  D     updateAssumedState complete
10-26 10:25:30.251   36707-36707   A00000/org.map...NativeMapView  org.maplibre.harmony  D     moveBy() called
10-26 10:25:30.251   36707-36707   A00000/org.map...NativeMapView  org.maplibre.harmony  D     moveBy: with animation duration = 0 ms
10-26 10:25:30.251   36707-36707   A00000/org.map...NativeMapView  org.maplibre.harmony  D     onCameraWillChange
10-26 10:25:30.251   36707-36707   A00000/org.map...NativeMapView  org.maplibre.harmony  D     onCameraDidChange
10-26 10:25:30.251   36707-36707   A00000/org.map...NativeMapView  org.maplibre.harmony  D     moveBy: Instant move by (7.71, -0.28)
10-26 10:25:30.254   36707-37075   A00000/org.map...ndererBackend  org.maplibre.harmony  D     deactivate() - keeping context current for performance (single-thread mode)
10-26 10:25:30.254   36707-37075   A00000/org.map...ndererBackend  org.maplibre.harmony  D     activate() - context already current
10-26 10:25:30.258   36707-37075   A00000/org.map...NativeMapView  org.maplibre.harmony  D     onWillStartRenderingFrame
10-26 10:25:30.258   36707-37075   A00000/org.map...ndererBackend  org.maplibre.harmony  D     updateAssumedState: viewport=(0, 0, 3952, 5365) logical pixels
10-26 10:25:30.258   36707-37075   A00000/org.map...ndererBackend  org.maplibre.harmony  D     updateAssumedState complete
10-26 10:25:30.260   36707-36707   A00000/org.map...NativeMapView  org.maplibre.harmony  D     moveBy() called
10-26 10:25:30.260   36707-36707   A00000/org.map...NativeMapView  org.maplibre.harmony  D     moveBy: with animation duration = 0 ms
10-26 10:25:30.260   36707-36707   A00000/org.map...NativeMapView  org.maplibre.harmony  D     onCameraWillChange
10-26 10:25:30.260   36707-36707   A00000/org.map...NativeMapView  org.maplibre.harmony  D     onCameraDidChange
10-26 10:25:30.260   36707-36707   A00000/org.map...NativeMapView  org.maplibre.harmony  D     moveBy: Instant move by (7.65, -0.58)
10-26 10:25:30.267   36707-37075   A00000/org.map...ndererBackend  org.maplibre.harmony  D     deactivate() - keeping context current for performance (single-thread mode)
10-26 10:25:30.267   36707-37075   A00000/org.map...ndererBackend  org.maplibre.harmony  D     activate() - context already current
10-26 10:25:30.268   36707-36707   A00000/org.map...NativeMapView  org.maplibre.harmony  D     moveBy() called
10-26 10:25:30.268   36707-36707   A00000/org.map...NativeMapView  org.maplibre.harmony  D     moveBy: with animation duration = 0 ms
10-26 10:25:30.268   36707-36707   A00000/org.map...NativeMapView  org.maplibre.harmony  D     onCameraWillChange
10-26 10:25:30.268   36707-36707   A00000/org.map...NativeMapView  org.maplibre.harmony  D     onCameraDidChange
10-26 10:25:30.268   36707-36707   A00000/org.map...NativeMapView  org.maplibre.harmony  D     moveBy: Instant move by (6.39, -1.05)
10-26 10:25:30.270   36707-37075   A00000/org.map...NativeMapView  org.maplibre.harmony  D     onWillStartRenderingFrame
10-26 10:25:30.270   36707-37075   A00000/org.map...ndererBackend  org.maplibre.harmony  D     updateAssumedState: viewport=(0, 0, 3952, 5365) logical pixels
10-26 10:25:30.270   36707-37075   A00000/org.map...ndererBackend  org.maplibre.harmony  D     updateAssumedState complete
10-26 10:25:30.276   36707-36707   A00000/org.map...NativeMapView  org.maplibre.harmony  D     moveBy() called
10-26 10:25:30.276   36707-36707   A00000/org.map...NativeMapView  org.maplibre.harmony  D     moveBy: with animation duration = 0 ms
10-26 10:25:30.276   36707-36707   A00000/org.map...NativeMapView  org.maplibre.harmony  D     onCameraWillChange
10-26 10:25:30.277   36707-36707   A00000/org.map...NativeMapView  org.maplibre.harmony  D     onCameraDidChange
10-26 10:25:30.277   36707-36707   A00000/org.map...NativeMapView  org.maplibre.harmony  D     moveBy: Instant move by (6.55, -1.42)
10-26 10:25:30.284   36707-36707   A00000/org.map...NativeMapView  org.maplibre.harmony  D     moveBy() called
10-26 10:25:30.284   36707-36707   A00000/org.map...NativeMapView  org.maplibre.harmony  D     moveBy: with animation duration = 0 ms
10-26 10:25:30.284   36707-36707   A00000/org.map...NativeMapView  org.maplibre.harmony  D     onCameraWillChange
10-26 10:25:30.284   36707-36707   A00000/org.map...NativeMapView  org.maplibre.harmony  D     onCameraDidChange
10-26 10:25:30.284   36707-36707   A00000/org.map...NativeMapView  org.maplibre.harmony  D     moveBy: Instant move by (7.13, -1.72)
10-26 10:25:30.287   36707-37075   A00000/org.map...ndererBackend  org.maplibre.harmony  D     deactivate() - keeping context current for performance (single-thread mode)
10-26 10:25:30.287   36707-37075   A00000/org.map...ndererBackend  org.maplibre.harmony  D     activate() - context already current
10-26 10:25:30.291   36707-37075   A00000/org.map...NativeMapView  org.maplibre.harmony  D     onWillStartRenderingFrame
10-26 10:25:30.291   36707-37075   A00000/org.map...ndererBackend  org.maplibre.harmony  D     updateAssumedState: viewport=(0, 0, 3952, 5365) logical pixels
10-26 10:25:30.291   36707-37075   A00000/org.map...ndererBackend  org.maplibre.harmony  D     updateAssumedState complete
10-26 10:25:30.293   36707-36707   A00000/org.map...NativeMapView  org.maplibre.harmony  D     moveBy() called
10-26 10:25:30.293   36707-36707   A00000/org.map...NativeMapView  org.maplibre.harmony  D     moveBy: with animation duration = 0 ms
10-26 10:25:30.293   36707-36707   A00000/org.map...NativeMapView  org.maplibre.harmony  D     onCameraWillChange
10-26 10:25:30.293   36707-36707   A00000/org.map...NativeMapView  org.maplibre.harmony  D     onCameraDidChange
10-26 10:25:30.293   36707-36707   A00000/org.map...NativeMapView  org.maplibre.harmony  D     moveBy: Instant move by (8.77, -1.66)
10-26 10:25:30.301   36707-37075   A00000/org.map...NativeMapView  org.maplibre.harmony  D     onWillStartRenderingFrame
10-26 10:25:30.301   36707-37075   A00000/org.map...ndererBackend  org.maplibre.harmony  D     updateAssumedState: viewport=(0, 0, 3952, 5365) logical pixels
10-26 10:25:30.301   36707-37075   A00000/org.map...ndererBackend  org.maplibre.harmony  D     updateAssumedState complete
10-26 10:25:30.301   36707-36707   A00000/org.map...NativeMapView  org.maplibre.harmony  D     moveBy() called
10-26 10:25:30.301   36707-36707   A00000/org.map...NativeMapView  org.maplibre.harmony  D     moveBy: with animation duration = 0 ms
10-26 10:25:30.301   36707-36707   A00000/org.map...NativeMapView  org.maplibre.harmony  D     onCameraWillChange
10-26 10:25:30.301   36707-36707   A00000/org.map...NativeMapView  org.maplibre.harmony  D     onCameraDidChange
10-26 10:25:30.301   36707-36707   A00000/org.map...NativeMapView  org.maplibre.harmony  D     moveBy: Instant move by (8.06, -0.98)
10-26 10:25:30.302   36707-36707   A0FF00/org.map...stureDetector  org.maplibre.harmony  D     Pan gesture ended
10-26 10:25:30.302   36707-36707   A0FF00/org.map...stureDetector  org.maplibre.harmony  D     Pan velocity: vx=1002.74, vy=-129.31, speed=1011.05
10-26 10:25:30.302   36707-36707   A0FF00/org.map...stureDetector  org.maplibre.harmony  I     Fling animation: offset=(124.78, -16.09), duration=444.43550537691374ms
10-26 10:25:30.302   36707-36707   A00000/org.map...NativeMapView  org.maplibre.harmony  D     moveBy() called
10-26 10:25:30.302   36707-36707   A00000/org.map...NativeMapView  org.maplibre.harmony  D     moveBy: with animation duration = 444 ms
10-26 10:25:30.302   36707-36707   A00000/org.map...NativeMapView  org.maplibre.harmony  D     onCameraWillChange
10-26 10:25:30.302   36707-36707   A00000/org.map...NativeMapView  org.maplibre.harmony  D     onCameraIsChanging
10-26 10:25:30.302   36707-36707   A00000/org.map...NativeMapView  org.maplibre.harmony  D     moveBy: Animated move by (124.78, -16.09) over 444 ms
10-26 10:25:30.302   36707-36707   A00000/org.map...NativeMapView  org.maplibre.harmony  D     onCameraIsChanging
10-26 10:25:30.302   36707-36707   A00000/org.map...NativeMapView  org.maplibre.harmony  D     setGestureInProgress() called
10-26 10:25:30.302   36707-36707   A00000/org.map...NativeMapView  org.maplibre.harmony  D     onCameraIsChanging
10-26 10:25:30.302   36707-36707   A00000/org.map...NativeMapView  org.maplibre.harmony  D     setGestureInProgress: Set to false
10-26 10:25:30.310   36707-37075   A00000/org.map...NativeMapView  org.maplibre.harmony  D     onCameraIsChanging
10-26 10:25:30.310   36707-37075   A00000/org.map...ndererBackend  org.maplibre.harmony  D     deactivate() - keeping context current for performance (single-thread mode)
10-26 10:25:49.123   36707-36707   A00000/org.map...rmony/testTag  org.maplibre.harmony  I     Ability onBackground
10-26 10:25:49.123   36707-36707   A00000/org.map...rmony/testTag  org.maplibre.harmony  I     Pausing non-essential operations
10-26 10:25:54.927   36707-36707   A00000/org.map...rmony/testTag  org.maplibre.harmony  I     Ability onForeground
10-26 10:26:29.987   36707-37049   C01719/org.map....harmony/ffrt  org.maplibre.harmony  W     19:RecordPollerInfo:323 3:59;
10-26 10:27:24.049   36707-39074   C01719/org.map....harmony/ffrt  org.maplibre.harmony  W     20:~WorkerThread:72 to exit, qos[3]
10-26 10:27:29.054   36707-39095   C01719/org.map....harmony/ffrt  org.maplibre.harmony  W     21:~WorkerThread:72 to exit, qos[3]
10-26 10:27:30.069   36707-37049   C01719/org.map....harmony/ffrt  org.maplibre.harmony  W     22:RecordPollerInfo:323 3:104;
10-26 10:27:35.050   36707-39127   C01719/org.map....harmony/ffrt  org.maplibre.harmony  W     23:~WorkerThread:72 to exit, qos[3]
10-26 10:27:44.768   36707-37041   C0420C/org.map...mony/WMSEvent  org.maplibre.harmony  I     [] HandleBackEvent(4041): called
10-26 10:27:44.768   36707-37041   C03900/org.map...e.harmony/Ace  org.maplibre.harmony  I     [(-1:100000:singleton)] [org.maplibre.harmony][maplibre_harmony][100000]: OnBackPressed called
10-26 10:27:44.768   36707-36707   C03903/org.mapl...AceSubWindow  org.maplibre.harmony  W     [(-2:100000:singleton)] Fail to find subwindow in subwindowMap_, instanceId is 100000.
10-26 10:27:44.769   36707-36707   C01406/org.map...mony/OHOS::RS  org.maplibre.harmony  E     FlushImplicitTransaction return, [renderServiceClient_:1, transactionData empty:1]
10-26 10:27:44.769   36707-36707   C0391C/org.map...mony/AceFocus  org.maplibre.harmony  I     [(100000:100000:scope)] Focus view: page/52 hide
10-26 10:27:44.769   36707-36707   C0391C/org.map...mony/AceFocus  org.maplibre.harmony  I     [(100000:100000:scope)] Focus view: page/52 lost focus
10-26 10:27:44.769   36707-36707   C03922/org.map...AceNavigation  org.maplibre.harmony  I     [(100000:100000:scope)] can't find inner navigation
10-26 10:27:44.769   36707-36707   C0391C/org.map...mony/AceFocus  org.maplibre.harmony  I     [(100000:100000:scope)] Focus view: page/2 show
10-26 10:27:44.769   36707-36707   C03922/org.map...AceNavigation  org.maplibre.harmony  I     [(100000:100000:scope)] can't find inner navigation
10-26 10:27:44.769   36707-36707   C03933/org.map...y/AceKeyboard  org.maplibre.harmony  I     [(100000:100000:scope)] StageManager FrameNode notNeedSoftKeyboard.
10-26 10:27:44.769   36707-36707   C03933/org.map...y/AceKeyboard  org.maplibre.harmony  I     [(100000:100000:scope)] Container not ScenceBoardWindow.
10-26 10:27:44.770   36707-36707   C03933/org.map...y/AceKeyboard  org.maplibre.harmony  I     [(100000:100000:scope)] Ime Not Shown, Ime Not Attached, No need to close keyboard
10-26 10:27:44.770   36707-36707   C03930/org.mapl...AceAnimation  org.maplibre.harmony  I     [(100000:100000:scope)] start pageTransition, from node 52 to 2
10-26 10:27:44.770   36707-36707   C03900/org.map...e.harmony/Ace  org.maplibre.harmony  I     [(100000:100000:scope)] router consumed backpressed event
10-26 10:27:45.126   36707-37041   C01406/org.map...mony/OHOS::RS  org.maplibre.harmony  I     RSUIDirector::ProcessMessages messageId:3, cmdCount:1, instanceId:100000
10-26 10:27:45.126   36707-36707   C01406/org.map...mony/OHOS::RS  org.maplibre.harmony  I     RSUIDirector::PostTask messageId:3, cmdCount:1, instanceId:100000
10-26 10:27:45.176   36707-37041   C01406/org.map...mony/OHOS::RS  org.maplibre.harmony  I     RSUIDirector::ProcessMessages messageId:4, cmdCount:4, instanceId:100000
10-26 10:27:45.177   36707-36707   C01406/org.map...mony/OHOS::RS  org.maplibre.harmony  I     RSUIDirector::PostTask messageId:4, cmdCount:4, instanceId:100000
10-26 10:27:45.178   36707-36707   C03930/org.mapl...AceAnimation  org.maplibre.harmony  I     [(100000:100000:scope)] pageTransition in finish, nodeId:2
10-26 10:27:45.178   36707-36707   C0391C/org.map...mony/AceFocus  org.maplibre.harmony  I     [(100000:100000:scope)] Focus view: page/2 show
10-26 10:27:45.178   36707-36707   C03930/org.mapl...AceAnimation  org.maplibre.harmony  I     [(100000:100000:scope)] pageTransition exit finish, nodeId:52
10-26 10:27:45.178   36707-36707   C0391C/org.map...mony/AceFocus  org.maplibre.harmony  I     [(100000:100000:scope)] Focus view: page/52 hide
10-26 10:27:45.178   36707-36707   C0391C/org.map...mony/AceFocus  org.maplibre.harmony  I     [(100000:100000:scope)] Focus view: page/52 lost focus
10-26 10:27:45.178   36707-36707   C0391C/org.map...mony/AceFocus  org.maplibre.harmony  I     [(100000:100000:scope)] Focus view: page/52 close
10-26 10:27:45.178   36707-36707   C0391C/org.map...mony/AceFocus  org.maplibre.harmony  I     [(100000:100000:scope)] Focus view: page/52 lost focus
10-26 10:27:45.179   36707-36707   C03931/org.map...AceXcomponent  org.maplibre.harmony  I     [(100000:100000:scope)] XComponent[nodeId:99] DetachFromMainTree
10-26 10:27:45.180   36707-36707   A0FF00/org.map...stureTestPage  org.maplibre.harmony  I     GestureTestPage aboutToDisappear
10-26 10:27:45.184   36707-36707   A0FF00/org.map...NativeMapView  org.maplibre.harmony  I     Component aboutToDisappear
10-26 10:27:45.184   36707-36707   A0FF00/org.map...iewController  org.maplibre.harmony  I     Starting resource cleanup
10-26 10:27:45.184   36707-36707   A0FF00/org.map...NativeMapView  org.maplibre.harmony  I     Starting map resource cleanup
10-26 10:27:45.184   36707-36707   A0FF00/org.map...NativeMapView  org.maplibre.harmony  I     Map resource cleanup completed
10-26 10:27:45.184   36707-36707   A0FF00/org.map...iewController  org.maplibre.harmony  I     Resource cleanup completed
10-26 10:27:45.185   36707-36707   C03931/org.map...AceXcomponent  org.maplibre.harmony  I     [(100000:100000:scope)] UninitializeAccessibility
10-26 10:27:45.185   36707-36707   A03D00/org.map...harmony/JSAPP  org.maplibre.harmony  I     NativeMapView: onSurfaceDestroyed surfaceId: 6339371730054
10-26 10:27:45.186   36707-36707   C01406/org.map...mony/OHOS::RS  org.maplibre.harmony  I     RSSurfaceNode::~RSSurfaceNode, Node: 157655364534365, Name: nodeId:99Surface
10-26 10:27:45.186   36707-36707   C0391C/org.map...mony/AceFocus  org.maplibre.harmony  I     [(100000:100000:scope)] Request focus on focus view: page/2.
10-26 10:27:45.187   36707-36707   C0391C/org.map...mony/AceFocus  org.maplibre.harmony  I     [(100000:100000:scope)] Focus view has no default focus.
10-26 10:27:45.187   36707-36707   C0391C/org.map...mony/AceFocus  org.maplibre.harmony  I     [(100000:100000:scope)] FocusSwitch end, NULL/secure_field onBlur, Column/secure_field onFocus, start: 2, end: 1, update: 2
10-26 10:27:45.187   36707-36707   C03933/org.map...y/AceKeyboard  org.maplibre.harmony  I     [(100000:100000:scope)] current focus node info : (Column/5).
10-26 10:27:45.187   36707-36707   C03933/org.map...y/AceKeyboard  org.maplibre.harmony  I     [(100000:100000:scope)] FrameNode(Column/5) notNeedSoftKeyboard.
10-26 10:27:45.187   36707-36707   C03933/org.map...y/AceKeyboard  org.maplibre.harmony  I     [(100000:100000:scope)] Ime Not Shown, Ime Not Attached, No need to close keyboard
10-26 10:27:45.187   36707-36707   C0391C/org.map...mony/AceFocus  org.maplibre.harmony  I     [(100000:100000:scope)] Request focus on view root scope: Column/5 return: 1.
10-26 10:27:46.189   36707-37056   C02805/org.mapl...InputKeyFlow  org.maplibre.harmony  I     [][OnPointerEvent:216] ac: down: 125227
10-26 10:27:46.189   36707-37056   C02805/org.mapl...InputKeyFlow  org.maplibre.harmony  I     [P:D:125227][OnPointerEvent:544] id:125227 recv
10-26 10:27:46.189   36707-37056   C04213/org.mapl...InputKeyFlow  org.maplibre.harmony  I     [] OnInputEvent(86): eid:6,InputId:125227,wid:410,ac:2
10-26 10:27:46.189   36707-37056   C04219/org.map...mony/WMSDecor  org.maplibre.harmony  W     [] GetDecorHeight(2241): Get app window decor height failed
10-26 10:27:46.190   36707-37056   C03919/org.map...InputTracking  org.maplibre.harmony  I     [(-1:100000:singleton)] pointdown windowId: 410
10-26 10:27:46.190   36707-37056   C04213/org.mapl...InputKeyFlow  org.maplibre.harmony  I     [] ConsumePointerEventInner(876): InputId:125227,wid:410,pointId:0,srcType:2,rect:[0,0,1216,2688],notify:1
10-26 10:27:46.191   36707-36707   C03951/org.mapl...InputKeyFlow  org.maplibre.harmony  I     [(100000:100000:scope)] InputTracking id:125227, fingerId:0, type=0, inject=0, isPrivacyMode=0
10-26 10:27:46.191   36707-37056   C02805/org.mapl...InputKeyFlow  org.maplibre.harmony  I     [][OnPointerEvent:216] ac: move: 125228
10-26 10:27:46.191   36707-36707   C03951/org.mapl...InputKeyFlow  org.maplibre.harmony  I     [(100000:100000:scope)] InputTracking id:125227, touch test hitted node info: fingerId: 0{ tag: List, depth: 6 };{ tag: Column, depth: 10 };
10-26 10:27:46.191   36707-36707   C03951/org.mapl...InputKeyFlow  org.maplibre.harmony  I     [(100000:100000:scope)] InputTracking id:125227, touch test hitted recognizer type info: recognizer type ClickRecognizer node info: { tag: Column };
10-26 10:27:46.191   36707-36707   C03951/org.mapl...InputKeyFlow  org.maplibre.harmony  I     [(100000:100000:scope)] Id:125227, click 0 down, ETF: 0, CTP: 0, state: 0
10-26 10:27:46.191   36707-36707   C02805/org.mapl...InputKeyFlow  org.maplibre.harmony  I     [B:UK:125227][SetLastProcessedEventId:54] Last eventId:0, current eventId:125227
10-26 10:27:46.192   36707-36707   C03919/org.map...InputTracking  org.maplibre.harmony  I     [(100000:100000:scope)] Consumed new event id=125227 in ace_container, lastEventInfo: id:125154
10-26 10:27:46.193   36707-39218   C02805/org.mapl...InputKeyFlow  org.maplibre.harmony  I     [][MarkProcessed:71] Ffrt PE: 125103 125227
10-26 10:27:46.224   36707-37056   C02805/org.mapl...InputKeyFlow  org.maplibre.harmony  I     [][OnPointerEvent:216] ac: move, first: 125229-(2025-10-26 10:27:46.193ms), 125232, count: 4, last: ac: up: 125233
10-26 10:27:46.224   36707-37056   C02805/org.mapl...InputKeyFlow  org.maplibre.harmony  I     [P:U:125233][OnPointerEvent:544] id:125233 recv
10-26 10:27:46.224   36707-37056   C04213/org.mapl...InputKeyFlow  org.maplibre.harmony  I     [] OnInputEvent(86): eid:7,InputId:125233,wid:410,ac:4
10-26 10:27:46.225   36707-37056   C04213/org.mapl...InputKeyFlow  org.maplibre.harmony  I     [] ConsumePointerEventInner(876): InputId:125233,wid:410,pointId:0,srcType:2,rect:[0,0,1216,2688],notify:1
10-26 10:27:46.226   36707-36707   C03951/org.mapl...InputKeyFlow  org.maplibre.harmony  I     [(100000:100000:scope)] InputTracking id:125233, fingerId:0, type=1, inject=0, isPrivacyMode=0
10-26 10:27:46.226   36707-36707   C03951/org.mapl...InputKeyFlow  org.maplibre.harmony  I     [(100000:100000:scope)] Id:125233, click 0 up, state: 0
10-26 10:27:46.226   36707-36707   C0391E/org.map...ny/AceGesture  org.maplibre.harmony  I     [(100000:100000:scope)] Click try accept
10-26 10:27:46.226   36707-36707   C03951/org.mapl...InputKeyFlow  org.maplibre.harmony  I     [(100000:100000:scope)] Click accepted, tag: Column
10-26 10:27:46.227   36707-36707   A00000/org.map...harmony/Index  org.maplibre.harmony  I     Attempting to navigate to: pages/MarkerTestPage
10-26 10:27:46.227   36707-36707   C03925/org.map...ony/AceRouter  org.maplibre.harmony  I     [(100000:100000:scope)] Page router manager is creating page[3]: url: pages/MarkerTestPage path: pages/MarkerTestPage.js, recoverable: yes, namedRouter: no
10-26 10:27:46.231   36707-36707   C03F01/org.map....harmony/NAPI  org.maplibre.harmony  I     [(native_module_manager.cpp:1141)(RegisterByBuffer)] Register by buffer success. module name is 'arkui.node'
10-26 10:27:46.236   36707-36707   C03900/org.map...e.harmony/Ace  org.maplibre.harmony  I     [(100000:100000:scope)] build ohmUrl for forward compatibility
10-26 10:27:46.236   36707-36707   C03925/org.map...ony/AceRouter  org.maplibre.harmony  I     [(100000:100000:scope)] add named router record, name: , bundleName: org.maplibre.harmony, moduleName: maplibre_harmony, pagePath: pages/MarkerTestPage, pageFullPath: maplibre_harmony/src/main/ets/pages/MarkerTestPage, ohmUrl: @bundle:org.maplibre.harmony/maplibre_harmony/ets/pages/MarkerTestPage
10-26 10:27:46.237   36707-36707   A03D00/org.map...harmony/JSAPP  org.maplibre.harmony  I     MarkerTestPage: aboutToAppear
10-26 10:27:46.241   36707-36707   C0391C/org.map...mony/AceFocus  org.maplibre.harmony  I     [(100000:100000:scope)] Focus view: page/2 hide
10-26 10:27:46.241   36707-36707   C0391C/org.map...mony/AceFocus  org.maplibre.harmony  I     [(100000:100000:scope)] Focus view: page/2 lost focus
10-26 10:27:46.241   36707-36707   C03922/org.map...AceNavigation  org.maplibre.harmony  I     [(100000:100000:scope)] can't find inner navigation
10-26 10:27:46.241   36707-36707   C0391C/org.map...mony/AceFocus  org.maplibre.harmony  I     [(100000:100000:scope)] Focus view: page/100 show
10-26 10:27:46.241   36707-36707   C03922/org.map...AceNavigation  org.maplibre.harmony  I     [(100000:100000:scope)] can't find inner navigation
10-26 10:27:46.242   36707-36707   C03933/org.map...y/AceKeyboard  org.maplibre.harmony  I     [(100000:100000:scope)] StageManager FrameNode notNeedSoftKeyboard.
10-26 10:27:46.242   36707-36707   C03933/org.map...y/AceKeyboard  org.maplibre.harmony  I     [(100000:100000:scope)] Container not ScenceBoardWindow.
10-26 10:27:46.242   36707-36707   C03933/org.map...y/AceKeyboard  org.maplibre.harmony  I     [(100000:100000:scope)] Ime Not Shown, Ime Not Attached, No need to close keyboard
10-26 10:27:46.242   36707-36707   C03925/org.map...ony/AceRouter  org.maplibre.harmony  I     [(100000:100000:scope)] LoadPage Success
10-26 10:27:46.242   36707-36707   A00000/org.map...harmony/Index  org.maplibre.harmony  I     Successfully navigated to: pages/MarkerTestPage
10-26 10:27:46.242   36707-36707   C03951/org.mapl...InputKeyFlow  org.maplibre.harmony  I     [(100000:100000:scope)] id: 0, log: {types: Click, node: Column, prcd: Down, state: READY, prcd: Up, state: SUCCEED}
10-26 10:27:46.242   36707-36707   C03919/org.map...InputTracking  org.maplibre.harmony  I     [(100000:100000:scope)] Consumed new event id=125233 in ace_container, lastEventInfo: id:125232
10-26 10:27:46.254   36707-36707   C03930/org.mapl...AceAnimation  org.maplibre.harmony  I     [(100000:100000:scope)] start pageTransition, from node 2 to 100
10-26 10:27:46.601   36707-37755   C01406/org.map...mony/OHOS::RS  org.maplibre.harmony  I     RSUIDirector::ProcessMessages messageId:5, cmdCount:1, instanceId:100000
10-26 10:27:46.601   36707-36707   C01406/org.map...mony/OHOS::RS  org.maplibre.harmony  I     RSUIDirector::PostTask messageId:5, cmdCount:1, instanceId:100000
10-26 10:27:46.654   36707-37755   C01406/org.map...mony/OHOS::RS  org.maplibre.harmony  I     RSUIDirector::ProcessMessages messageId:6, cmdCount:4, instanceId:100000
10-26 10:27:46.654   36707-36707   C01406/org.map...mony/OHOS::RS  org.maplibre.harmony  I     RSUIDirector::PostTask messageId:6, cmdCount:4, instanceId:100000
10-26 10:27:46.655   36707-36707   C03930/org.mapl...AceAnimation  org.maplibre.harmony  I     [(100000:100000:scope)] pageTransition in finish, nodeId:100
10-26 10:27:46.655   36707-36707   C0391C/org.map...mony/AceFocus  org.maplibre.harmony  I     [(100000:100000:scope)] Focus view: page/100 show
10-26 10:27:46.656   36707-36707   C03930/org.mapl...AceAnimation  org.maplibre.harmony  I     [(100000:100000:scope)] pageTransition exit finish, nodeId:2
10-26 10:27:46.656   36707-36707   C0391C/org.map...mony/AceFocus  org.maplibre.harmony  I     [(100000:100000:scope)] Focus view: page/2 hide
10-26 10:27:46.656   36707-36707   C0391C/org.map...mony/AceFocus  org.maplibre.harmony  I     [(100000:100000:scope)] Focus view: page/2 lost focus
10-26 10:27:46.658   36707-36707   C0391C/org.map...mony/AceFocus  org.maplibre.harmony  I     [(100000:100000:scope)] Request focus on focus view: page/100.
10-26 10:27:46.658   36707-36707   C0391C/org.map...mony/AceFocus  org.maplibre.harmony  I     [(100000:100000:scope)] Focus view has no default focus.
10-26 10:27:46.658   36707-36707   C0391C/org.map...mony/AceFocus  org.maplibre.harmony  I     [(100000:100000:scope)] FocusSwitch end, Column/secure_field onBlur, Column/secure_field onFocus, start: 2, end: 1, update: 2
10-26 10:27:46.658   36707-36707   C03933/org.map...y/AceKeyboard  org.maplibre.harmony  I     [(100000:100000:scope)] current focus node info : (Column/103).
10-26 10:27:46.658   36707-36707   C03933/org.map...y/AceKeyboard  org.maplibre.harmony  I     [(100000:100000:scope)] FrameNode(Column/103) notNeedSoftKeyboard.
10-26 10:27:46.658   36707-36707   C03933/org.map...y/AceKeyboard  org.maplibre.harmony  I     [(100000:100000:scope)] Ime Not Shown, Ime Not Attached, No need to close keyboard
10-26 10:27:46.658   36707-36707   C0391C/org.map...mony/AceFocus  org.maplibre.harmony  I     [(100000:100000:scope)] Request focus on view root scope: Column/103 return: 1.
10-26 10:27:47.030   36707-36707   C02504/org.map...ony/thp_extra  org.maplibre.harmony  I     ThpExtraRunCommand[122]ver:5.0.8ThpExtraRunCommand, cmd:THP_UpdateViewsLocation, param:thp#Location#
10-26 10:27:47.030   36707-36707   C02504/org.map...ony/thp_extra  org.maplibre.harmony  I     InitTpInterfaces[33]InitTpInterfaces+
10-26 10:27:47.030   36707-36707   C02504/org.map...ony/thp_extra  org.maplibre.harmony  E     InitTpInterfaces[35]inited +
10-26 10:27:48.261   36707-36707   C01406/org.map...mony/OHOS::RS  org.maplibre.harmony  I     [RenderAnimation] Id: 157655364534287 SetExpectedFrameRateRange{0, 90, 15}
10-26 10:27:48.576   36707-36707   C01406/org.map...mony/OHOS::RS  org.maplibre.harmony  I     RSUIDirector::ProcessMessages messageId:7, cmdCount:1, instanceId:100000
10-26 10:27:48.578   36707-36707   C01406/org.map...mony/OHOS::RS  org.maplibre.harmony  I     RSUIDirector::PostTask messageId:7, cmdCount:1, instanceId:100000
10-26 10:27:51.194   36707-39218   C01719/org.map....harmony/ffrt  org.maplibre.harmony  W     24:~WorkerThread:72 to exit, qos[4]
10-26 10:27:51.210   36707-39220   C01719/org.map....harmony/ffrt  org.maplibre.harmony  W     25:~WorkerThread:72 to exit, qos[4]
10-26 10:27:51.243   36707-39219   C01719/org.map....harmony/ffrt  org.maplibre.harmony  W     26:~WorkerThread:72 to exit, qos[4]
10-26 10:27:51.244   36707-39221   C01719/org.map....harmony/ffrt  org.maplibre.harmony  W     27:~WorkerThread:72 to exit, qos[2]
10-26 10:27:51.254   36707-39222   C01719/org.map....harmony/ffrt  org.maplibre.harmony  W     28:~WorkerThread:72 to exit, qos[2]
10-26 10:28:30.196   36707-37049   C01719/org.map....harmony/ffrt  org.maplibre.harmony  W     29:RecordPollerInfo:323 3:107;
10-26 10:28:33.029   36707-37755   C04207/org.map...mony/WMSFocus  org.maplibre.harmony  I     [] UpdateFocus(1069): Report update focus: 0, id: 410
10-26 10:28:33.029   36707-37755   C03900/org.map...e.harmony/Ace  org.maplibre.harmony  I     [(-1:100000:singleton)] [org.maplibre.harmony][maplibre_harmony][100000]: window unfocus
10-26 10:28:33.030   36707-36707   C01332/org.map...ony/UIAbility  org.maplibre.harmony  E     [ui_ability_impl.cpp:414]null applicationContext or lifecycleCallback
10-26 10:28:33.030   36707-36707   C03900/org.map...e.harmony/Ace  org.maplibre.harmony  I     [(100000:100000:scope)] Update application state , state: ON_INACTIVE
10-26 10:28:33.030   36707-36707   C0391C/org.map...mony/AceFocus  org.maplibre.harmony  I     [(100000:100000:scope)] Window id: 410 lost focus.
10-26 10:28:33.031   36707-37755   C04207/org.map...mony/WMSFocus  org.maplibre.harmony  I     [] NotifyHighlightChange(1650): windowId: 410, isHighlight: 0,
10-26 10:28:33.033   36707-36707   C01406/org.map...mony/OHOS::RS  org.maplibre.harmony  E     FlushImplicitTransaction return, [renderServiceClient_:1, transactionData empty:1]
10-26 10:28:34.749   36707-37755   C04207/org.map...mony/WMSFocus  org.maplibre.harmony  I     [] UpdateFocus(1069): Report update focus: 1, id: 410
10-26 10:28:34.753   36707-37755   C03900/org.map...e.harmony/Ace  org.maplibre.harmony  I     [(-1:100000:singleton)] [org.maplibre.harmony][maplibre_harmony][100000]: window focus
10-26 10:28:34.753   36707-36707   C01332/org.map...ony/UIAbility  org.maplibre.harmony  E     [ui_ability_impl.cpp:414]null applicationContext or lifecycleCallback
10-26 10:28:34.753   36707-36707   C03900/org.map...e.harmony/Ace  org.maplibre.harmony  I     [(100000:100000:scope)] Update application state , state: ON_ACTIVE
10-26 10:28:34.754   36707-36707   C01D02/org.map...ility_asacfwk  org.maplibre.harmony  I     [(SubscribeStateObserver:463)]Observer has subscribed!
10-26 10:28:34.754   36707-36707   C03924/org.map...Accessibility  org.maplibre.harmony  I     [(100000:100000:scope)]  the result of SubscribeStateObserver:4001
10-26 10:28:34.754   36707-36707   C0391C/org.map...mony/AceFocus  org.maplibre.harmony  I     [(100000:100000:scope)] Window id: 410 get focus.
10-26 10:28:34.754   36707-36707   C0391C/org.map...mony/AceFocus  org.maplibre.harmony  I     [(100000:100000:scope)] Request focus on current focus view: page/100
10-26 10:28:34.754   36707-37755   C04207/org.map...mony/WMSFocus  org.maplibre.harmony  I     [] NotifyHighlightChange(1650): windowId: 410, isHighlight: 1,
10-26 10:28:34.761   36707-36707   C0391C/org.map...mony/AceFocus  org.maplibre.harmony  I     [(100000:100000:scope)] WinFocusMove end, Column/secure_field onBlur, Column/secure_field onFocus, start: 1, end: 1, update: 2
10-26 10:28:34.761   36707-36707   C03933/org.map...y/AceKeyboard  org.maplibre.harmony  I     [(100000:100000:scope)] current focus node info : (Column/103).
10-26 10:28:34.761   36707-36707   C03933/org.map...y/AceKeyboard  org.maplibre.harmony  I     [(100000:100000:scope)] Normal Window focus first, set focus flag to window.
10-26 10:28:34.761   36707-36707   C03933/org.map...y/AceKeyboard  org.maplibre.harmony  I     [(100000:100000:scope)] Trigger Window Focus Callback
10-26 10:28:34.761   36707-36707   C03933/org.map...y/AceKeyboard  org.maplibre.harmony  I     [(100000:100000:scope)] need keyboard : 0.
10-26 10:28:34.761   36707-36707   C0420B/org.map...y/WMSKeyboard  org.maplibre.harmony  I     [] operator()(3031): isNeedKeyboard: 0, keepKeyboardFlag: 0
10-26 10:28:34.761   36707-36707   C0420B/org.map...y/WMSKeyboard  org.maplibre.harmony  I     [] RequestInputMethodCloseKeyboard(2999): Notify InputMethod framework close keyboard start.
10-26 10:28:34.762   36707-36707   C0420B/org.map...y/WMSKeyboard  org.maplibre.harmony  I     [] RequestInputMethodCloseKeyboard(3002): Notify InputMethod framework close keyboard end.
10-26 10:28:45.561   36707-37041   C0420C/org.map...mony/WMSEvent  org.maplibre.harmony  I     [] HandleBackEvent(4041): called
10-26 10:28:45.561   36707-37041   C03900/org.map...e.harmony/Ace  org.maplibre.harmony  I     [(-1:100000:singleton)] [org.maplibre.harmony][maplibre_harmony][100000]: OnBackPressed called
10-26 10:28:45.561   36707-36707   C03903/org.mapl...AceSubWindow  org.maplibre.harmony  W     [(-2:100000:singleton)] Fail to find subwindow in subwindowMap_, instanceId is 100000.
10-26 10:28:45.561   36707-36707   C0391C/org.map...mony/AceFocus  org.maplibre.harmony  I     [(100000:100000:scope)] Focus view: page/100 hide
10-26 10:28:45.561   36707-36707   C0391C/org.map...mony/AceFocus  org.maplibre.harmony  I     [(100000:100000:scope)] Focus view: page/100 lost focus
10-26 10:28:45.562   36707-36707   C03922/org.map...AceNavigation  org.maplibre.harmony  I     [(100000:100000:scope)] can't find inner navigation
10-26 10:28:45.562   36707-36707   C0391C/org.map...mony/AceFocus  org.maplibre.harmony  I     [(100000:100000:scope)] Focus view: page/2 show
10-26 10:28:45.562   36707-36707   C03922/org.map...AceNavigation  org.maplibre.harmony  I     [(100000:100000:scope)] can't find inner navigation
10-26 10:28:45.562   36707-36707   C03933/org.map...y/AceKeyboard  org.maplibre.harmony  I     [(100000:100000:scope)] StageManager FrameNode notNeedSoftKeyboard.
10-26 10:28:45.562   36707-36707   C03933/org.map...y/AceKeyboard  org.maplibre.harmony  I     [(100000:100000:scope)] Container not ScenceBoardWindow.
10-26 10:28:45.562   36707-36707   C03933/org.map...y/AceKeyboard  org.maplibre.harmony  I     [(100000:100000:scope)] Ime Not Shown, Ime Not Attached, No need to close keyboard
10-26 10:28:45.562   36707-36707   C03930/org.mapl...AceAnimation  org.maplibre.harmony  I     [(100000:100000:scope)] start pageTransition, from node 100 to 2
10-26 10:28:45.562   36707-36707   C03900/org.map...e.harmony/Ace  org.maplibre.harmony  I     [(100000:100000:scope)] router consumed backpressed event
10-26 10:28:45.911   36707-37041   C01406/org.map...mony/OHOS::RS  org.maplibre.harmony  I     RSUIDirector::ProcessMessages messageId:8, cmdCount:1, instanceId:100000
10-26 10:28:45.911   36707-36707   C01406/org.map...mony/OHOS::RS  org.maplibre.harmony  I     RSUIDirector::PostTask messageId:8, cmdCount:1, instanceId:100000
10-26 10:28:45.958   36707-37041   C01406/org.map...mony/OHOS::RS  org.maplibre.harmony  I     RSUIDirector::ProcessMessages messageId:9, cmdCount:4, instanceId:100000
10-26 10:28:45.958   36707-36707   C01406/org.map...mony/OHOS::RS  org.maplibre.harmony  I     RSUIDirector::PostTask messageId:9, cmdCount:4, instanceId:100000
10-26 10:28:45.960   36707-36707   C03930/org.mapl...AceAnimation  org.maplibre.harmony  I     [(100000:100000:scope)] pageTransition in finish, nodeId:2
10-26 10:28:45.960   36707-36707   C0391C/org.map...mony/AceFocus  org.maplibre.harmony  I     [(100000:100000:scope)] Focus view: page/2 show
10-26 10:28:45.960   36707-36707   C03930/org.mapl...AceAnimation  org.maplibre.harmony  I     [(100000:100000:scope)] pageTransition exit finish, nodeId:100
10-26 10:28:45.960   36707-36707   C0391C/org.map...mony/AceFocus  org.maplibre.harmony  I     [(100000:100000:scope)] Focus view: page/100 hide
10-26 10:28:45.960   36707-36707   C0391C/org.map...mony/AceFocus  org.maplibre.harmony  I     [(100000:100000:scope)] Focus view: page/100 lost focus
10-26 10:28:45.960   36707-36707   C0391C/org.map...mony/AceFocus  org.maplibre.harmony  I     [(100000:100000:scope)] Focus view: page/100 close
10-26 10:28:45.960   36707-36707   C0391C/org.map...mony/AceFocus  org.maplibre.harmony  I     [(100000:100000:scope)] Focus view: page/100 lost focus
10-26 10:28:45.961   36707-36707   A03D00/org.map...harmony/JSAPP  org.maplibre.harmony  I     MarkerTestPage: aboutToDisappear
10-26 10:28:45.965   36707-36707   C0391C/org.map...mony/AceFocus  org.maplibre.harmony  I     [(100000:100000:scope)] Request focus on focus view: page/2.
10-26 10:28:45.965   36707-36707   C0391C/org.map...mony/AceFocus  org.maplibre.harmony  I     [(100000:100000:scope)] Focus view has no default focus.
10-26 10:28:45.965   36707-36707   C0391C/org.map...mony/AceFocus  org.maplibre.harmony  I     [(100000:100000:scope)] FocusSwitch end, NULL/secure_field onBlur, Column/secure_field onFocus, start: 2, end: 1, update: 2
10-26 10:28:45.965   36707-36707   C03933/org.map...y/AceKeyboard  org.maplibre.harmony  I     [(100000:100000:scope)] current focus node info : (Column/5).
10-26 10:28:45.965   36707-36707   C03933/org.map...y/AceKeyboard  org.maplibre.harmony  I     [(100000:100000:scope)] FrameNode(Column/5) notNeedSoftKeyboard.
10-26 10:28:45.965   36707-36707   C03933/org.map...y/AceKeyboard  org.maplibre.harmony  I     [(100000:100000:scope)] Ime Not Shown, Ime Not Attached, No need to close keyboard
10-26 10:28:45.965   36707-36707   C0391C/org.map...mony/AceFocus  org.maplibre.harmony  I     [(100000:100000:scope)] Request focus on view root scope: Column/5 return: 1.
10-26 10:29:12.053   36707-39657   C01719/org.map....harmony/ffrt  org.maplibre.harmony  W     30:~WorkerThread:72 to exit, qos[3]
10-26 10:29:17.058   36707-39721   C01719/org.map....harmony/ffrt  org.maplibre.harmony  W     31:~WorkerThread:72 to exit, qos[3]
10-26 10:29:30.388   36707-37049   C01719/org.map....harmony/ffrt  org.maplibre.harmony  W     32:RecordPollerInfo:323 3:155;
10-26 10:30:30.588   36707-37049   C01719/org.map....harmony/ffrt  org.maplibre.harmony  W     33:RecordPollerInfo:323 3:155;
10-26 10:30:55.060   36707-40104   C01719/org.map....harmony/ffrt  org.maplibre.harmony  W     34:~WorkerThread:72 to exit, qos[3]
10-26 10:31:01.061   36707-40134   C01719/org.map....harmony/ffrt  org.maplibre.harmony  W     35:~WorkerThread:72 to exit, qos[3]
10-26 10:31:06.067   36707-40171   C01719/org.map....harmony/ffrt  org.maplibre.harmony  W     36:~WorkerThread:72 to exit, qos[3]
10-26 10:31:30.925   36707-37049   C01719/org.map....harmony/ffrt  org.maplibre.harmony  W     37:RecordPollerInfo:323 3:203;
10-26 10:32:31.207   36707-37049   C01719/org.map....harmony/ffrt  org.maplibre.harmony  W     38:RecordPollerInfo:323 3:206;
10-26 10:32:41.067   36707-40466   C01719/org.map....harmony/ffrt  org.maplibre.harmony  W     39:~WorkerThread:72 to exit, qos[3]
10-26 10:32:47.067   36707-40509   C01719/org.map....harmony/ffrt  org.maplibre.harmony  W     40:~WorkerThread:72 to exit, qos[3]
10-26 10:33:31.323   36707-37049   C01719/org.map....harmony/ffrt  org.maplibre.harmony  W     41:RecordPollerInfo:323 3:251;
10-26 10:34:25.069   36707-37187   C01719/org.map....harmony/ffrt  org.maplibre.harmony  W     42:~WorkerThread:72 to exit, qos[3]
10-26 10:34:31.635   36707-37049   C01719/org.map....harmony/ffrt  org.maplibre.harmony  W     43:RecordPollerInfo:323 3:299;
10-26 10:34:35.074   36707-40984   C01719/org.map....harmony/ffrt  org.maplibre.harmony  W     44:~WorkerThread:72 to exit, qos[3]
10-26 10:35:31.907   36707-37049   C01719/org.map....harmony/ffrt  org.maplibre.harmony  W     45:RecordPollerInfo:323 3:299;
10-26 10:36:06.081   36707-41568   C01719/org.map....harmony/ffrt  org.maplibre.harmony  W     46:~WorkerThread:72 to exit, qos[3]
10-26 10:36:18.076   36707-40953   C01719/org.map....harmony/ffrt  org.maplibre.harmony  W     47:~WorkerThread:72 to exit, qos[3]
10-26 10:36:32.018   36707-37049   C01719/org.map....harmony/ffrt  org.maplibre.harmony  W     48:RecordPollerInfo:323 3:347;
10-26 10:36:40.017   36707-37056   C02805/org.mapl...InputKeyFlow  org.maplibre.harmony  I     [][OnPointerEvent:216] ac: down: 125271
10-26 10:36:40.017   36707-37056   C02805/org.mapl...InputKeyFlow  org.maplibre.harmony  I     [P:D:125271][OnPointerEvent:544] id:125271 recv
10-26 10:36:40.017   36707-37056   C04213/org.mapl...InputKeyFlow  org.maplibre.harmony  I     [] OnInputEvent(86): eid:8,InputId:125271,wid:410,ac:2
10-26 10:36:40.018   36707-37056   C04219/org.map...mony/WMSDecor  org.maplibre.harmony  W     [] GetDecorHeight(2241): Get app window decor height failed
10-26 10:36:40.019   36707-37056   C03919/org.map...InputTracking  org.maplibre.harmony  I     [(-1:100000:singleton)] pointdown windowId: 410
10-26 10:36:40.020   36707-37056   C04213/org.mapl...InputKeyFlow  org.maplibre.harmony  I     [] ConsumePointerEventInner(876): InputId:125271,wid:410,pointId:0,srcType:2,rect:[0,0,1216,2688],notify:1
10-26 10:36:40.020   36707-36707   C03951/org.mapl...InputKeyFlow  org.maplibre.harmony  I     [(100000:100000:scope)] InputTracking id:125271, fingerId:0, type=0, inject=0, isPrivacyMode=0
10-26 10:36:40.023   36707-36707   C03951/org.mapl...InputKeyFlow  org.maplibre.harmony  I     [(100000:100000:scope)] InputTracking id:125271, touch test hitted node info: fingerId: 0{ tag: List, depth: 6 };{ tag: Column, depth: 10 };
10-26 10:36:40.023   36707-36707   C03951/org.mapl...InputKeyFlow  org.maplibre.harmony  I     [(100000:100000:scope)] InputTracking id:125271, touch test hitted recognizer type info: recognizer type ClickRecognizer node info: { tag: Column };
10-26 10:36:40.023   36707-36707   C03951/org.mapl...InputKeyFlow  org.maplibre.harmony  I     [(100000:100000:scope)] Id:125271, click 0 down, ETF: 0, CTP: 0, state: 0
10-26 10:36:40.023   36707-36707   C03919/org.map...InputTracking  org.maplibre.harmony  I     [(100000:100000:scope)] Consumed new event id=125271 in ace_container, lastEventInfo: id:125232
10-26 10:36:40.027   36707-37056   C02805/org.mapl...InputKeyFlow  org.maplibre.harmony  I     [][OnPointerEvent:216] ac: move: 125272
10-26 10:36:40.035   36707-36707   C01406/org.map...mony/OHOS::RS  org.maplibre.harmony  E     FlushImplicitTransaction return, [renderServiceClient_:1, transactionData empty:1]
10-26 10:36:40.079   36707-37056   C02805/org.mapl...InputKeyFlow  org.maplibre.harmony  I     [][OnPointerEvent:216] ac: move, first: 125273-(2025-10-26 10:36:40.029ms), 125280, count: 8, last: ac: up: 125281
10-26 10:36:40.079   36707-37056   C02805/org.mapl...InputKeyFlow  org.maplibre.harmony  I     [P:U:125281][OnPointerEvent:544] id:125281 recv
10-26 10:36:40.079   36707-37056   C04213/org.mapl...InputKeyFlow  org.maplibre.harmony  I     [] OnInputEvent(86): eid:9,InputId:125281,wid:410,ac:4
10-26 10:36:40.080   36707-37056   C04213/org.mapl...InputKeyFlow  org.maplibre.harmony  I     [] ConsumePointerEventInner(876): InputId:125281,wid:410,pointId:0,srcType:2,rect:[0,0,1216,2688],notify:1
10-26 10:36:40.080   36707-36707   C03951/org.mapl...InputKeyFlow  org.maplibre.harmony  I     [(100000:100000:scope)] InputTracking id:125281, fingerId:0, type=1, inject=0, isPrivacyMode=0
10-26 10:36:40.081   36707-36707   C03951/org.mapl...InputKeyFlow  org.maplibre.harmony  I     [(100000:100000:scope)] Id:125281, click 0 up, state: 0
10-26 10:36:40.081   36707-36707   C0391E/org.map...ny/AceGesture  org.maplibre.harmony  I     [(100000:100000:scope)] Click try accept
10-26 10:36:40.081   36707-36707   C03951/org.mapl...InputKeyFlow  org.maplibre.harmony  I     [(100000:100000:scope)] Click accepted, tag: Column
10-26 10:36:40.082   36707-36707   A00000/org.map...harmony/Index  org.maplibre.harmony  I     Attempting to navigate to: pages/GestureTestPage
10-26 10:36:40.082   36707-36707   C03925/org.map...ony/AceRouter  org.maplibre.harmony  I     [(100000:100000:scope)] Page router manager is creating page[4]: url: pages/GestureTestPage path: pages/GestureTestPage.js, recoverable: yes, namedRouter: no
10-26 10:36:40.082   36707-36707   C03F00/org.map...y/ArkCompiler  org.maplibre.harmony  W     [debugger] DebuggerImpl::NotifyScriptParsed: Script already been parsed: url: maplibre_harmony|maplibre_harmony|1.0.0|src/main/ets/pages/GestureTestPage.ts fileName: /data/storage/el1/bundle/maplibre_harmony/ets/modules.abc
10-26 10:36:40.083   36707-36707   C03900/org.map...e.harmony/Ace  org.maplibre.harmony  I     [(100000:100000:scope)] build ohmUrl for forward compatibility
10-26 10:36:40.083   36707-36707   C03925/org.map...ony/AceRouter  org.maplibre.harmony  I     [(100000:100000:scope)] add named router record, name: , bundleName: org.maplibre.harmony, moduleName: maplibre_harmony, pagePath: pages/GestureTestPage, pageFullPath: maplibre_harmony/src/main/ets/pages/GestureTestPage, ohmUrl: @bundle:org.maplibre.harmony/maplibre_harmony/ets/pages/GestureTestPage
10-26 10:36:40.084   36707-36707   A0FF00/org.map...stureTestPage  org.maplibre.harmony  I     GestureTestPage aboutToAppear
10-26 10:36:40.089   36707-36707   A0FF00/org.map...NativeMapView  org.maplibre.harmony  I     Component aboutToAppear
10-26 10:36:40.089   36707-36707   A0FF00/org.map...NativeMapView  org.maplibre.harmony  I     Initial config: lat=30.2741, lng=120.1551, zoom=3, bearing=0, pitch=0
10-26 10:36:40.090   36707-36707   C03931/org.map...AceXcomponent  org.maplibre.harmony  I     [(100000:100000:scope)] InitializeAccessibilityCallback
10-26 10:36:40.090   36707-36707   C03931/org.map...AceXcomponent  org.maplibre.harmony  I     [(100000:100000:scope)] InitializeAccessibility accessibilityId: 187
10-26 10:36:40.090   36707-36707   C03931/org.map...AceXcomponent  org.maplibre.harmony  I     [(100000:100000:scope)] XComponent[nodeId:191] AttachToMainTree
10-26 10:36:40.090   36707-36707   C0391C/org.map...mony/AceFocus  org.maplibre.harmony  I     [(100000:100000:scope)] Focus view: page/2 hide
10-26 10:36:40.090   36707-36707   C0391C/org.map...mony/AceFocus  org.maplibre.harmony  I     [(100000:100000:scope)] Focus view: page/2 lost focus
10-26 10:36:40.090   36707-36707   C03922/org.map...AceNavigation  org.maplibre.harmony  I     [(100000:100000:scope)] can't find inner navigation
10-26 10:36:40.090   36707-36707   C0391C/org.map...mony/AceFocus  org.maplibre.harmony  I     [(100000:100000:scope)] Focus view: page/144 show
10-26 10:36:40.091   36707-36707   C03922/org.map...AceNavigation  org.maplibre.harmony  I     [(100000:100000:scope)] can't find inner navigation
10-26 10:36:40.091   36707-36707   C03933/org.map...y/AceKeyboard  org.maplibre.harmony  I     [(100000:100000:scope)] StageManager FrameNode notNeedSoftKeyboard.
10-26 10:36:40.091   36707-36707   C03933/org.map...y/AceKeyboard  org.maplibre.harmony  I     [(100000:100000:scope)] Container not ScenceBoardWindow.
10-26 10:36:40.091   36707-36707   C03933/org.map...y/AceKeyboard  org.maplibre.harmony  I     [(100000:100000:scope)] Ime Not Shown, Ime Not Attached, No need to close keyboard
10-26 10:36:40.091   36707-36707   C03925/org.map...ony/AceRouter  org.maplibre.harmony  I     [(100000:100000:scope)] LoadPage Success
10-26 10:36:40.091   36707-36707   A00000/org.map...harmony/Index  org.maplibre.harmony  I     Successfully navigated to: pages/GestureTestPage
10-26 10:36:40.091   36707-36707   C03951/org.mapl...InputKeyFlow  org.maplibre.harmony  I     [(100000:100000:scope)] id: 0, log: {types: Click, node: Column, prcd: Down, state: READY, prcd: Up, state: SUCCEED}
10-26 10:36:40.091   36707-36707   C03919/org.map...InputTracking  org.maplibre.harmony  I     [(100000:100000:scope)] Consumed new event id=125281 in ace_container, lastEventInfo: id:125280
10-26 10:36:40.094   36707-36707   C03931/org.map...AceXcomponent  org.maplibre.harmony  I     [(100000:100000:scope)] XComponent[nodeId:191] triggers onLoad and OnSurfaceCreated callback
10-26 10:36:40.094   36707-36707   A0FF00/org.map...NativeMapView  org.maplibre.harmony  W     NativeMapView: onSurfaceCreated surfaceId: 6339371730059
10-26 10:36:40.094   36707-36707   A0FF00/org.map...NativeMapView  org.maplibre.harmony  W     [DEBUG] Creating NativeMapView instance...
10-26 10:36:40.094   36707-36707   A00000/org.map...NativeMapView  org.maplibre.harmony  I     NativeMapView constructed
10-26 10:36:40.094   36707-36707   A0FF00/org.map...NativeMapView  org.maplibre.harmony  W     [DEBUG] NativeMapView instance created successfully
10-26 10:36:40.094   36707-36707   A0FF00/org.map...NativeMapView  org.maplibre.harmony  I     DPI will be determined by C++ Native API
10-26 10:36:40.094   36707-36707   A0FF00/org.map...NativeMapView  org.maplibre.harmony  I     Setting native window...
10-26 10:36:40.095   36707-36707   A00000/org.map...NativeMapView  org.maplibre.harmony  I     ========== setNativeWindow() START ==========
10-26 10:36:40.095   36707-36707   A00000/org.map...NativeMapView  org.maplibre.harmony  I     Surface ID: 6339371730059
10-26 10:36:40.095   36707-36707   A00000/org.map...NativeMapView  org.maplibre.harmony  D     NativeMapView instance: 0x5a1ef19850
10-26 10:36:40.095   36707-36707   A00000/org.map...NativeMapView  org.maplibre.harmony  D     Current state - harmonyRenderer=null, map=null, nativeWindow=null
10-26 10:36:40.095   36707-36707   A00000/org.map...NativeMapView  org.maplibre.harmony  D     Creating native window from surface ID...
10-26 10:36:40.095   36707-36707   A00000/org.map...NativeMapView  org.maplibre.harmony  I     Native window created successfully: 0x5a1f670580
10-26 10:36:40.095   36707-36707   A00000/org.map...NativeMapView  org.maplibre.harmony  D     Native window saved to NativeMapView
10-26 10:36:40.095   36707-36707   A00000/org.map...NativeMapView  org.maplibre.harmony  I     pixelRatio will be determined from device DPI
10-26 10:36:40.095   36707-36707   A00000/org.map...NativeMapView  org.maplibre.harmony  I     Initializing renderer...
10-26 10:36:40.095   36707-36707   A00000/org.map...NativeMapView  org.maplibre.harmony  D     initializeRenderer() called - harmonyRenderer=null, nativeWindow=exists, map=null
10-26 10:36:40.095   36707-36707   A00000/org.map...NativeMapView  org.maplibre.harmony  I     🔍 Pre-fetching device DPI before creating Renderer...
10-26 10:36:40.095   36707-36707   A00000/org.map...NativeMapView  org.maplibre.harmony  I     ✅ Pre-fetched DPI: 520, pixelRatio: 3.2500
10-26 10:36:40.095   36707-36707   A00000/org.map...NativeMapView  org.maplibre.harmony  I     Creating HarmonyRenderer:
10-26 10:36:40.095   36707-36707   A00000/org.map...NativeMapView  org.maplibre.harmony  I       - Size: 64x64 (logical pixels)
10-26 10:36:40.095   36707-36707   A00000/org.map...NativeMapView  org.maplibre.harmony  I       - PixelRatio: 3.2500 (pre-fetched from device)
10-26 10:36:40.095   36707-36707   A00000/org.map...rmonyRenderer  org.maplibre.harmony  I     ========== initialize() START ==========
10-26 10:36:40.095   36707-36707   A00000/org.map...rmonyRenderer  org.maplibre.harmony  I     Size: 64x64 (logical pixels)
10-26 10:36:40.095   36707-36707   A00000/org.map...rmonyRenderer  org.maplibre.harmony  I     Using pixelRatio: 3.2500
10-26 10:36:40.095   36707-36707   A00000/org.map...rmonyRenderer  org.maplibre.harmony  I     Initializing FileSourceManager...
10-26 10:36:40.095   36707-36707   A00000/org.map...rmonyRenderer  org.maplibre.harmony  D     SQLite temp path set to: /data/storage/el2/base/cache
10-26 10:36:40.095   36707-36707   A00000/org.map...rmonyRenderer  org.maplibre.harmony  I     FileSourceManager initialized successfully
10-26 10:36:40.095   36707-36707   A00000/org.map...rmonyRenderer  org.maplibre.harmony  D     Creating renderer backend...
10-26 10:36:40.095   36707-36707   A00000/org.map...rmonyRenderer  org.maplibre.harmony  D     Renderer backend created: 0x5a1f670800
10-26 10:36:40.095   36707-36707   A00000/org.map...rmonyRenderer  org.maplibre.harmony  D     Creating HarmonyRendererFrontend...
10-26 10:36:40.095   36707-36707   A00000/org.map...dererFrontend  org.maplibre.harmony  I     ========== Constructor START ==========
10-26 10:36:40.095   36707-36707   A00000/org.map...dererFrontend  org.maplibre.harmony  D     pixelRatio=3.25, backend=0x5a1f670800
10-26 10:36:40.095   36707-36707   A00000/org.map...dererFrontend  org.maplibre.harmony  D     Creating Renderer...
10-26 10:36:40.095   36707-36707   A00000/org.map...dererFrontend  org.maplibre.harmony  I     Renderer created successfully: 0x5a1f6942f0
10-26 10:36:40.095   36707-36707   A00000/org.map...dererFrontend  org.maplibre.harmony  D     Starting RunLoop thread...
10-26 10:36:40.095   36707-41740   A00000/org.map...dererFrontend  org.maplibre.harmony  I     RunLoop thread started, loop=0x5a21ebedc0, threadId=0x5a1f168630
10-26 10:36:40.095   36707-41740   A00000/org.map...dererFrontend  org.maplibre.harmony  I     Starting RunLoop::run()...
10-26 10:36:40.095   36707-36707   A00000/org.map...dererFrontend  org.maplibre.harmony  D     RunLoop thread ready
10-26 10:36:40.095   36707-36707   A00000/org.map...dererFrontend  org.maplibre.harmony  I     ========== Constructor END ==========
10-26 10:36:40.095   36707-36707   A00000/org.map...rmonyRenderer  org.maplibre.harmony  D     HarmonyRendererFrontend created: 0x5a1f168600
10-26 10:36:40.095   36707-36707   A00000/org.map...rmonyRenderer  org.maplibre.harmony  I     ========== initialize() END - SUCCESS ==========
10-26 10:36:40.095   36707-36707   A00000/org.map...NativeMapView  org.maplibre.harmony  I     HarmonyRenderer initialized successfully
10-26 10:36:40.095   36707-36707   A00000/org.map...NativeMapView  org.maplibre.harmony  I     Setting native window to HarmonyRenderer
10-26 10:36:40.095   36707-36707   A00000/org.map...rmonyRenderer  org.maplibre.harmony  I     ========== setNativeWindow() START ==========
10-26 10:36:40.095   36707-36707   A00000/org.map...rmonyRenderer  org.maplibre.harmony  I     Window pointer: 0x5a1f670580
10-26 10:36:40.095   36707-36707   A00000/org.map...rmonyRenderer  org.maplibre.harmony  D     Current state - initialized=true, rendererFrontend=exists
10-26 10:36:40.095   36707-36707   A00000/org.map...rmonyRenderer  org.maplibre.harmony  D     Getting renderer backend...
10-26 10:36:40.095   36707-36707   A00000/org.map...rmonyRenderer  org.maplibre.harmony  D     Renderer backend: 0x5a1f670800
10-26 10:36:40.095   36707-36707   A00000/org.map...rmonyRenderer  org.maplibre.harmony  I     Setting native window to backend...
10-26 10:36:40.095   36707-36707   A00000/org.map...ndererBackend  org.maplibre.harmony  I     ========== setNativeWindow() START ==========
10-26 10:36:40.095   36707-36707   A00000/org.map...ndererBackend  org.maplibre.harmony  I     Input window pointer: 0x5a1f670580
10-26 10:36:40.095   36707-36707   A00000/org.map...ndererBackend  org.maplibre.harmony  D     Current eglWindow_: 0
10-26 10:36:40.095   36707-36707   A00000/org.map...ndererBackend  org.maplibre.harmony  D     Cleaning up existing EGL...
10-26 10:36:40.095   36707-36707   A00000/org.map...ndererBackend  org.maplibre.harmony  I     ========== cleanupEGL START ==========
10-26 10:36:40.095   36707-36707   A00000/org.map...ndererBackend  org.maplibre.harmony  I     EGL cleanup completed successfully
10-26 10:36:40.095   36707-36707   A00000/org.map...ndererBackend  org.maplibre.harmony  I     ========== cleanupEGL END ==========
10-26 10:36:40.095   36707-36707   A00000/org.map...ndererBackend  org.maplibre.harmony  D     EGL cleanup complete
10-26 10:36:40.095   36707-37076   A00000/org.map...mony/MAPLIBRE  org.maplibre.harmony  I     [INFO] {aplibre.harmony}[OpenGL]: HarmonyRenderer initialized successfully
10-26 10:36:40.095   36707-36707   A00000/org.map...ndererBackend  org.maplibre.harmony  I     Native window set: 387073901952
10-26 10:36:40.096   36707-36707   A00000/org.map...ndererBackend  org.maplibre.harmony  I     Initializing EGL Display and Surface (main thread)...
10-26 10:36:40.096   36707-36707   A00000/org.map...ndererBackend  org.maplibre.harmony  I     ---------- initializeEGLDisplay() START (Main Thread) ----------
10-26 10:36:40.096   36707-36707   A00000/org.map...ndererBackend  org.maplibre.harmony  D     eglWindow_: 387073901952
10-26 10:36:40.096   36707-36707   A00000/org.map...ndererBackend  org.maplibre.harmony  D     Step 1/5: Getting EGL display...
10-26 10:36:40.096   36707-36707   A00000/org.map...ndererBackend  org.maplibre.harmony  D     Calling eglGetDisplay(EGL_DEFAULT_DISPLAY)...
10-26 10:36:40.096   36707-36707   A00000/org.map...ndererBackend  org.maplibre.harmony  I     Step 1/5: EGL display obtained: 0x5a0b437420
10-26 10:36:40.096   36707-36707   A00000/org.map...ndererBackend  org.maplibre.harmony  D     Step 2/5: Initializing EGL...
10-26 10:36:40.096   36707-36707   A00000/org.map...ndererBackend  org.maplibre.harmony  I     Step 2/5: EGL initialized - version 1.4
10-26 10:36:40.096   36707-36707   A00000/org.map...ndererBackend  org.maplibre.harmony  D     Step 3/5: Binding OpenGL ES API...
10-26 10:36:40.096   36707-36707   A00000/org.map...ndererBackend  org.maplibre.harmony  I     Step 3/5: OpenGL ES API bound successfully
10-26 10:36:40.096   36707-36707   A00000/org.map...ndererBackend  org.maplibre.harmony  D     Step 4/5: Choosing EGL config...
10-26 10:36:40.096   36707-36707   A00000/org.map...ndererBackend  org.maplibre.harmony  I     Step 4/5: EGL config chosen (numConfigs=1)
10-26 10:36:40.096   36707-36707   A00000/org.map...ndererBackend  org.maplibre.harmony  I     🎨 [MSAA] Config: sampleBuffers=1, samples=4
10-26 10:36:40.096   36707-36707   A00000/org.map...ndererBackend  org.maplibre.harmony  I       ✅ MSAA enabled: 4x anti-aliasing
10-26 10:36:40.096   36707-36707   A00000/org.map...ndererBackend  org.maplibre.harmony  D     Step 5/5: Creating window surface (window=387073901952)...
10-26 10:36:40.096   36707-36707   A00000/org.map...ndererBackend  org.maplibre.harmony  I     Step 5/5: EGL surface created: 0x5a1f494d20
10-26 10:36:40.096   36707-36707   A00000/org.map...ndererBackend  org.maplibre.harmony  I     Initial EGL Surface size: 1216x1651
10-26 10:36:40.096   36707-36707   A00000/org.map...ndererBackend  org.maplibre.harmony  W     Failed to set swap interval: EGL_BAD_CONTEXT - May cause flicker
10-26 10:36:40.096   36707-36707   A00000/org.map...ndererBackend  org.maplibre.harmony  I     ---------- initializeEGLDisplay() END - SUCCESS ----------
10-26 10:36:40.096   36707-36707   A00000/org.map...ndererBackend  org.maplibre.harmony  I     EGL State: display=0x5a0b437420, surface=0x5a1f494d20 (context will be created on render thread)
10-26 10:36:40.096   36707-36707   A00000/org.map...armony/OpenGL  org.maplibre.harmony  I     Successfully initialized EGL display and surface
10-26 10:36:40.096   36707-36707   A00000/org.map...ndererBackend  org.maplibre.harmony  I     EGL context will be created on render thread
10-26 10:36:40.096   36707-36707   A00000/org.map...ndererBackend  org.maplibre.harmony  I     ========== updatePixelRatioFromDevice() START ==========
10-26 10:36:40.096   36707-36707   A00000/org.map...ony/HarmonyGL  org.maplibre.harmony  I     ✅ Got device DPI from Native API: 520
10-26 10:36:40.096   36707-36707   A00000/org.map...ony/HarmonyGL  org.maplibre.harmony  I     Calculated pixelRatio: 3.2500 (from DPI: 520)
10-26 10:36:40.096   36707-36707   A00000/org.map...ndererBackend  org.maplibre.harmony  I     PixelRatio changed: 1.0000 → 3.2500
10-26 10:36:40.096   36707-36707   A00000/org.map...ndererBackend  org.maplibre.harmony  I     ========== updatePixelRatioFromDevice() END ==========
10-26 10:36:40.096   36707-36707   A00000/org.map...ndererBackend  org.maplibre.harmony  D     Buffer geometry will be set in resizeFramebuffer()
10-26 10:36:40.096   36707-36707   A00000/org.map...ndererBackend  org.maplibre.harmony  I     ========== setNativeWindow() END - SUCCESS ==========
10-26 10:36:40.096   36707-36707   A00000/org.map...rmonyRenderer  org.maplibre.harmony  I     Native window set to backend successfully
10-26 10:36:40.096   36707-36707   A00000/org.map...rmonyRenderer  org.maplibre.harmony  I     Resizing framebuffer to 64x64 (logical pixels)
10-26 10:36:40.096   36707-36707   A00000/org.map...ndererBackend  org.maplibre.harmony  I     ========== resizeFramebuffer() START ==========
10-26 10:36:40.096   36707-36707   A00000/org.map...ndererBackend  org.maplibre.harmony  I     Input (logical): 64x64
10-26 10:36:40.096   36707-36707   A00000/org.map...ndererBackend  org.maplibre.harmony  I     PixelRatio: 3.2500
10-26 10:36:40.096   36707-36707   A00000/org.map...ndererBackend  org.maplibre.harmony  I     Calculated (physical): 208x208
10-26 10:36:40.096   36707-36707   A00000/org.map...ndererBackend  org.maplibre.harmony  D     🔍 Preparing to set buffer geometry...
10-26 10:36:40.096   36707-36707   A00000/org.map...ndererBackend  org.maplibre.harmony  D        eglWindow_ = 0x5a1f670580
10-26 10:36:40.096   36707-36707   A00000/org.map...ndererBackend  org.maplibre.harmony  D        Converting to OHNativeWindow*...
10-26 10:36:40.096   36707-36707   A00000/org.map...ndererBackend  org.maplibre.harmony  D        nativeWindow = 0x5a1f670580
10-26 10:36:40.096   36707-36707   A00000/org.map...ndererBackend  org.maplibre.harmony  D        ✅ nativeWindow is valid
10-26 10:36:40.096   36707-36707   A00000/org.map...ndererBackend  org.maplibre.harmony  D        Calling OH_NativeWindow_NativeWindowHandleOpt...
10-26 10:36:40.096   36707-36707   A00000/org.map...ndererBackend  org.maplibre.harmony  D        Parameters: code=0, width=208, height=208
10-26 10:36:40.096   36707-36707   A00000/org.map...ndererBackend  org.maplibre.harmony  D        OH_NativeWindow_NativeWindowHandleOpt returned: 0
10-26 10:36:40.096   36707-36707   A00000/org.map...ndererBackend  org.maplibre.harmony  I     ✅ Buffer geometry (physical): 208x208
10-26 10:36:40.096   36707-36707   A00000/org.map...ndererBackend  org.maplibre.harmony  I     📏 Size changed: 64x64 → 208x208 (physical)
10-26 10:36:40.096   36707-36707   A00000/org.map...ndererBackend  org.maplibre.harmony  I     ========== resizeFramebuffer() END ==========
10-26 10:36:40.096   36707-36707   A00000/org.map...rmonyRenderer  org.maplibre.harmony  D     Framebuffer resized successfully
10-26 10:36:40.096   36707-36707   A00000/org.map...rmonyRenderer  org.maplibre.harmony  I     ========== setNativeWindow() END ==========
10-26 10:36:40.096   36707-36707   A00000/org.map...NativeMapView  org.maplibre.harmony  D     Native window set successfully
10-26 10:36:40.096   36707-36707   A00000/org.map...NativeMapView  org.maplibre.harmony  I     Creating Map object...
10-26 10:36:40.096   36707-36707   A00000/org.map...NativeMapView  org.maplibre.harmony  D     Got RendererFrontend: 0x5a1f168600
10-26 10:36:40.096   36707-36707   A00000/org.map...NativeMapView  org.maplibre.harmony  I     🔍 [DPI] MapOptions configured:
10-26 10:36:40.096   36707-36707   A00000/org.map...NativeMapView  org.maplibre.harmony  I       - Size: 64x64 (logical pixels)
10-26 10:36:40.096   36707-36707   A00000/org.map...NativeMapView  org.maplibre.harmony  I       - PixelRatio: 3.2500
10-26 10:36:40.096   36707-36707   A00000/org.map...NativeMapView  org.maplibre.harmony  I       - Expected framebuffer (physical): 208x208
10-26 10:36:40.096   36707-36707   A00000/org.map...NativeMapView  org.maplibre.harmony  D     ResourceOptions configured with cache path and platform context
10-26 10:36:40.096   36707-36707   A00000/org.map...NativeMapView  org.maplibre.harmony  D     ClientOptions configured
10-26 10:36:40.096   36707-36707   A00000/org.map...ineFileSource  org.maplibre.harmony  I     ========== HTTP FILE SOURCE CONSTRUCTED ==========
10-26 10:36:40.096   36707-41741   C03301/org.map...harmony/LIBUV  org.maplibre.harmony  I     init:387065611776
10-26 10:36:40.096   36707-41741   C03301/org.map...harmony/LIBUV  org.maplibre.harmony  I     init:387065611776, backend_fd:110
10-26 10:36:40.096   36707-41742   C03301/org.map...harmony/LIBUV  org.maplibre.harmony  I     init:391633957120
10-26 10:36:40.096   36707-41741   C03301/org.map...harmony/LIBUV  org.maplibre.harmony  I     open:387065611776, pipefd[0]:130
10-26 10:36:40.096   36707-41742   C03301/org.map...harmony/LIBUV  org.maplibre.harmony  I     init:391633957120, backend_fd:129
10-26 10:36:40.096   36707-36707   A00000/org.map...dererFrontend  org.maplibre.harmony  I     ========== setObserver() START ==========
10-26 10:36:40.096   36707-36707   A00000/org.map...dererFrontend  org.maplibre.harmony  D     Setting observer for Renderer (direct mode)
10-26 10:36:40.096   36707-36707   A00000/org.map...dererFrontend  org.maplibre.harmony  I     Observer set successfully (direct mode)
10-26 10:36:40.096   36707-41743   C03301/org.map...harmony/LIBUV  org.maplibre.harmony  I     init:387065621632
10-26 10:36:40.096   36707-41742   C03301/org.map...harmony/LIBUV  org.maplibre.harmony  I     open:391633957120, pipefd[0]:133
10-26 10:36:40.096   36707-36707   A00000/org.map...dererFrontend  org.maplibre.harmony  I     ========== setObserver() END ==========
10-26 10:36:40.096   36707-36707   A00000/org.map...NativeMapView  org.maplibre.harmony  D     onCameraWillChange
10-26 10:36:40.096   36707-36707   A00000/org.map...NativeMapView  org.maplibre.harmony  D     onCameraDidChange
10-26 10:36:40.096   36707-36707   A00000/org.map...NativeMapView  org.maplibre.harmony  I     Map object created successfully: 0x5a1f694308
10-26 10:36:40.096   36707-36707   A00000/org.map...NativeMapView  org.maplibre.harmony  I     RunLoop EXISTS on current thread: 0x5a1e43e690
10-26 10:36:40.096   36707-41744   C03301/org.map...harmony/LIBUV  org.maplibre.harmony  I     init:391633958912
10-26 10:36:40.096   36707-41743   C03301/org.map...harmony/LIBUV  org.maplibre.harmony  I     init:387065621632, backend_fd:134
10-26 10:36:40.096   36707-36707   A00000/org.map...dererFrontend  org.maplibre.harmony  D     setMap() called: 0x5a1f694308
10-26 10:36:40.096   36707-41742   C03301/org.map...harmony/LIBUV  org.maplibre.harmony  I     init:391621706240
10-26 10:36:40.096   36707-36707   A00000/org.map...NativeMapView  org.maplibre.harmony  I     Map connected to RendererFrontend
10-26 10:36:40.096   36707-36707   A00000/org.map...dererFrontend  org.maplibre.harmony  D     setMap() called: 0x5a1f694308
10-26 10:36:40.096   36707-36707   A00000/org.map...rmonyRenderer  org.maplibre.harmony  I     Map reference saved: 0x5a1f694308
10-26 10:36:40.096   36707-36707   A00000/org.map...NativeMapView  org.maplibre.harmony  I     Map connected to HarmonyRenderer
10-26 10:36:40.096   36707-36707   A00000/org.map...NativeMapView  org.maplibre.harmony  D     HarmonyRenderer now has map reference: 0x5a1f694308
10-26 10:36:40.096   36707-36707   A00000/org.map...NativeMapView  org.maplibre.harmony  I     Renderer initialized successfully
10-26 10:36:40.096   36707-36707   A00000/org.map...NativeMapView  org.maplibre.harmony  I     ========== setNativeWindow() END - SUCCESS ==========
10-26 10:36:40.097   36707-41744   C03301/org.map...harmony/LIBUV  org.maplibre.harmony  I     init:391633958912, backend_fd:136
10-26 10:36:40.097   36707-36707   A0FF00/org.map...NativeMapView  org.maplibre.harmony  I     Native window set successfully
10-26 10:36:40.097   36707-41742   C03301/org.map...harmony/LIBUV  org.maplibre.harmony  I     init:391621706240, backend_fd:137
10-26 10:36:40.097   36707-36707   A0FF00/org.map...NativeMapView  org.maplibre.harmony  I     Setting style URL: https://demotiles.maplibre.org/style.json
10-26 10:36:40.097   36707-36707   A00000/org.map...NativeMapView  org.maplibre.harmony  I     ========== setStyleUrl() START ==========
10-26 10:36:40.097   36707-36707   A00000/org.map...NativeMapView  org.maplibre.harmony  D     setStyleUrl: instance=0x5a1ef19850
10-26 10:36:40.097   36707-36707   A00000/org.map...NativeMapView  org.maplibre.harmony  D     setStyleUrl: Current state - map=exists, harmonyRenderer=exists, nativeWindow=exists
10-26 10:36:40.097   36707-36707   A00000/org.map...NativeMapView  org.maplibre.harmony  I     setStyleUrl: Loading style from URL: https://demotiles.maplibre.org/style.json
10-26 10:36:40.097   36707-36707   A00000/org.map...NativeMapView  org.maplibre.harmony  I     ========== onWillStartLoadingMap ==========
10-26 10:36:40.096   36707-41745   C03301/org.map...harmony/LIBUV  org.maplibre.harmony  I     init:391685672448
10-26 10:36:40.097   36707-36707   A00000/org.map...NativeMapView  org.maplibre.harmony  I     Map loading started
10-26 10:36:40.097   36707-36707   A00000/org.map...NativeMapView  org.maplibre.harmony  I     This is triggered when:
10-26 10:36:40.097   36707-41742   C03301/org.map...harmony/LIBUV  org.maplibre.harmony  I     open:391621706240, pipefd[0]:118
10-26 10:36:40.097   36707-36707   A00000/org.map...NativeMapView  org.maplibre.harmony  I       - Style URL/JSON is set
10-26 10:36:40.097   36707-36707   A00000/org.map...NativeMapView  org.maplibre.harmony  I       - Map starts loading resources
10-26 10:36:40.097   36707-36707   A00000/org.map...NativeMapView  org.maplibre.harmony  I     ===========================================
10-26 10:36:40.097   36707-41743   C03301/org.map...harmony/LIBUV  org.maplibre.harmony  I     open:387065621632, pipefd[0]:138
10-26 10:36:40.097   36707-41744   C03301/org.map...harmony/LIBUV  org.maplibre.harmony  I     open:391633958912, pipefd[0]:144
10-26 10:36:40.097   36707-41745   C03301/org.map...harmony/LIBUV  org.maplibre.harmony  I     init:391685672448, backend_fd:145
10-26 10:36:40.097   36707-36707   A00000/org.map...NativeMapView  org.maplibre.harmony  I     ✅ loadURL() returned successfully
10-26 10:36:40.097   36707-36707   A00000/org.map...NativeMapView  org.maplibre.harmony  I     📞 About to call triggerRepaint()...
10-26 10:36:40.097   36707-41746   C03301/org.map...harmony/LIBUV  org.maplibre.harmony  I     init:387117090560
10-26 10:36:40.097   36707-36707   A00000/org.map...NativeMapView  org.maplibre.harmony  I     ✅ triggerRepaint() returned successfully
10-26 10:36:40.097   36707-36707   A00000/org.map...NativeMapView  org.maplibre.harmony  I     setStyleUrl: Style URL set successfully
10-26 10:36:40.097   36707-36707   A00000/org.map...NativeMapView  org.maplibre.harmony  I     ========== setStyleUrl() END - SUCCESS ==========
10-26 10:36:40.097   36707-41745   C03301/org.map...harmony/LIBUV  org.maplibre.harmony  I     open:391685672448, pipefd[0]:151
10-26 10:36:40.097   36707-41746   C03301/org.map...harmony/LIBUV  org.maplibre.harmony  I     init:387117090560, backend_fd:139
10-26 10:36:40.097   36707-37075   A00000/org.map...ndererBackend  org.maplibre.harmony  I     activate() - First call on render thread, creating context...
10-26 10:36:40.097   36707-41747   C03301/org.map...harmony/LIBUV  org.maplibre.harmony  I     init:391685674240
10-26 10:36:40.097   36707-37075   A00000/org.map...ndererBackend  org.maplibre.harmony  I     ---------- initializeEGLContext() START (Render Thread) ----------
10-26 10:36:40.097   36707-37075   A00000/org.map...ndererBackend  org.maplibre.harmony  D     Creating EGL context on render thread...
10-26 10:36:40.097   36707-36707   A0FF00/org.map...NativeMapView  org.maplibre.harmony  I     Map initialized successfully
10-26 10:36:40.097   36707-36707   A0FF00/org.map...stureTestPage  org.maplibre.harmony  I     Map ready, setting up gesture listeners
10-26 10:36:40.097   36707-36707   A0FF00/org.map...NativeMapView  org.maplibre.harmony  I     onMapReady callback invoked
10-26 10:36:40.097   36707-41746   C03301/org.map...harmony/LIBUV  org.maplibre.harmony  I     open:387117090560, pipefd[0]:155
10-26 10:36:40.097   36707-41747   C03301/org.map...harmony/LIBUV  org.maplibre.harmony  I     init:391685674240, backend_fd:154
10-26 10:36:40.097   36707-36707   A0FF00/org.map...NativeMapView  org.maplibre.harmony  I     onSurfaceChanged: 1216x1651
10-26 10:36:40.097   36707-36707   A0FF00/org.map...NativeMapView  org.maplibre.harmony  I     Resizing map to: 1216x1651 (logical), pixelRatio=1.0000
10-26 10:36:40.097   36707-41747   C03301/org.map...harmony/LIBUV  org.maplibre.harmony  I     open:391685674240, pipefd[0]:158
10-26 10:36:40.097   36707-41742   A00000/org.map...ineFileSource  org.maplibre.harmony  I     ========== OnlineFileSourceThread CONSTRUCTOR START ==========
10-26 10:36:40.097   36707-36707   A00000/org.map...NativeMapView  org.maplibre.harmony  I     🔍 [DPI] resizeView called: 1216x1651 (logical)
10-26 10:36:40.097   36707-41742   A00000/org.map...ineFileSource  org.maplibre.harmony  I     httpFileSource initialized at: 0x5a1ee099f8
10-26 10:36:40.097   36707-36707   A00000/org.map...NativeMapView  org.maplibre.harmony  I     Resize details:
10-26 10:36:40.097   36707-36707   A00000/org.map...NativeMapView  org.maplibre.harmony  I       - New size: 1216x1651 (logical pixels)
10-26 10:36:40.097   36707-41742   A00000/org.map...ineFileSource  org.maplibre.harmony  I     httpFileSource type: N4mbgl14HTTPFileSourceE
10-26 10:36:40.097   36707-36707   A00000/org.map...NativeMapView  org.maplibre.harmony  I       - PixelRatio: 3.25
10-26 10:36:40.097   36707-41742   A00000/org.map...ineFileSource  org.maplibre.harmony  I     httpFileSource size: 16
10-26 10:36:40.097   36707-36707   A00000/org.map...rmonyRenderer  org.maplibre.harmony  I     ========== resize() START ==========
10-26 10:36:40.097   36707-36707   A00000/org.map...rmonyRenderer  org.maplibre.harmony  I     Resizing: 64x64 -> 1216x1651 (logical pixels)
10-26 10:36:40.097   36707-41742   A00000/org.map...ineFileSource  org.maplibre.harmony  I     HTTPFileSource sizeof: 16
10-26 10:36:40.097   36707-36707   A00000/org.map...rmonyRenderer  org.maplibre.harmony  I     PixelRatio: 3.2500
10-26 10:36:40.097   36707-36707   A00000/org.map...ndererBackend  org.maplibre.harmony  I     ========== resizeFramebuffer() START ==========
10-26 10:36:40.097   36707-36707   A00000/org.map...ndererBackend  org.maplibre.harmony  I     Input (logical): 1216x1651
10-26 10:36:40.097   36707-36707   A00000/org.map...ndererBackend  org.maplibre.harmony  I     PixelRatio: 3.2500
10-26 10:36:40.097   36707-41742   A00000/org.map...ineFileSource  org.maplibre.harmony  I     ========== OnlineFileSourceThread CONSTRUCTOR END ==========
10-26 10:36:40.097   36707-36707   A00000/org.map...ndererBackend  org.maplibre.harmony  I     Calculated (physical): 3952x5365
10-26 10:36:40.097   36707-36707   A00000/org.map...ndererBackend  org.maplibre.harmony  D     🔍 Preparing to set buffer geometry...
10-26 10:36:40.097   36707-36707   A00000/org.map...ndererBackend  org.maplibre.harmony  D        eglWindow_ = 0x5a1f670580
10-26 10:36:40.097   36707-36707   A00000/org.map...ndererBackend  org.maplibre.harmony  D        Converting to OHNativeWindow*...
10-26 10:36:40.097   36707-36707   A00000/org.map...ndererBackend  org.maplibre.harmony  D        nativeWindow = 0x5a1f670580
10-26 10:36:40.097   36707-36707   A00000/org.map...ndererBackend  org.maplibre.harmony  D        ✅ nativeWindow is valid
10-26 10:36:40.097   36707-36707   A00000/org.map...ndererBackend  org.maplibre.harmony  D        Calling OH_NativeWindow_NativeWindowHandleOpt...
10-26 10:36:40.097   36707-36707   A00000/org.map...ndererBackend  org.maplibre.harmony  D        Parameters: code=0, width=3952, height=5365
10-26 10:36:40.097   36707-36707   A00000/org.map...ndererBackend  org.maplibre.harmony  D        OH_NativeWindow_NativeWindowHandleOpt returned: 0
10-26 10:36:40.097   36707-36707   A00000/org.map...ndererBackend  org.maplibre.harmony  I     ✅ Buffer geometry (physical): 3952x5365
10-26 10:36:40.097   36707-36707   A00000/org.map...ndererBackend  org.maplibre.harmony  I     📏 Size changed: 208x208 → 3952x5365 (physical)
10-26 10:36:40.097   36707-36707   A00000/org.map...ndererBackend  org.maplibre.harmony  I     ========== resizeFramebuffer() END ==========
10-26 10:36:40.097   36707-36707   A00000/org.map...rmonyRenderer  org.maplibre.harmony  I     ✅ Framebuffer resized
10-26 10:36:40.097   36707-36707   A00000/org.map...rmonyRenderer  org.maplibre.harmony  D     🔍 Before map->setSize:
10-26 10:36:40.097   36707-36707   A00000/org.map...rmonyRenderer  org.maplibre.harmony  D        Old Map size: 64x64
10-26 10:36:40.097   36707-36707   A00000/org.map...rmonyRenderer  org.maplibre.harmony  D        Old Map pixelRatio: 3.2500
10-26 10:36:40.097   36707-36707   A00000/org.map...NativeMapView  org.maplibre.harmony  D     onCameraWillChange
10-26 10:36:40.097   36707-36707   A00000/org.map...NativeMapView  org.maplibre.harmony  D     onCameraDidChange
10-26 10:36:40.097   36707-36707   A00000/org.map...rmonyRenderer  org.maplibre.harmony  D     🔍 After map->setSize:
10-26 10:36:40.097   36707-36707   A00000/org.map...rmonyRenderer  org.maplibre.harmony  D        New Map size: 1216x1651
10-26 10:36:40.097   36707-36707   A00000/org.map...rmonyRenderer  org.maplibre.harmony  D        New Map pixelRatio: 3.2500
10-26 10:36:40.097   36707-36707   A00000/org.map...rmonyRenderer  org.maplibre.harmony  I     ✅ Map Transform size updated to: 1216x1651 (logical)
10-26 10:36:40.097   36707-36707   A00000/org.map...rmonyRenderer  org.maplibre.harmony  W     🎬 [672058 ms] requestRender() #2
10-26 10:36:40.097   36707-36707   A00000/org.map...dererFrontend  org.maplibre.harmony  D     requestRender() accepted
10-26 10:36:40.097   36707-36707   A00000/org.map...rmonyRenderer  org.maplibre.harmony  I     ========== resize() END ==========
10-26 10:36:40.097   36707-36707   A00000/org.map...NativeMapView  org.maplibre.harmony  I     View resized to 1216 x 1651
10-26 10:36:40.097   36707-36707   A0FF00/org.map...NativeMapView  org.maplibre.harmony  I     Map resized successfully
10-26 10:36:40.097   36707-36707   C01406/org.map...mony/OHOS::RS  org.maplibre.harmony  I     RSNode::AddChild, Id: 157655364534450, SurfaceNode:[Id: 157655364534451, name: nodeId:191Surface]
10-26 10:36:40.097   36707-36707   C03930/org.mapl...AceAnimation  org.maplibre.harmony  I     [(100000:100000:scope)] start pageTransition, from node 2 to 144
10-26 10:36:40.098   36707-37075   A00000/org.map...ndererBackend  org.maplibre.harmony  I     EGL context created successfully: 0x5b317b99c0
10-26 10:36:40.098   36707-37075   A00000/org.map...ndererBackend  org.maplibre.harmony  D     Making context current for initialization...
10-26 10:36:40.098   36707-37075   A00000/org.map...armony/OpenGL  org.maplibre.harmony  I     ==================== OpenGL Info ====================
10-26 10:36:40.098   36707-37075   A00000/org.map...armony/OpenGL  org.maplibre.harmony  I     GL_VERSION: OpenGL ES 3.2 B265
10-26 10:36:40.098   36707-37075   A00000/org.map...armony/OpenGL  org.maplibre.harmony  I     GL_SHADING_LANGUAGE_VERSION: OpenGL ES GLSL ES 3.20
10-26 10:36:40.098   36707-37075   A00000/org.map...armony/OpenGL  org.maplibre.harmony  I     GL_VENDOR: HUAWEI
10-26 10:36:40.098   36707-37075   A00000/org.map...armony/OpenGL  org.maplibre.harmony  I     GL_RENDERER: Maleoon 910
10-26 10:36:40.098   36707-37075   A00000/org.map...armony/OpenGL  org.maplibre.harmony  I     GL_MAX_UNIFORM_BUFFER_BINDINGS: 72 (UBO support: YES)
10-26 10:36:40.098   36707-37075   A00000/org.map...armony/OpenGL  org.maplibre.harmony  I     GL_MAX_UNIFORM_BLOCK_SIZE: 65536 bytes
10-26 10:36:40.098   36707-37075   A00000/org.map...armony/OpenGL  org.maplibre.harmony  I     GL_MAX_VERTEX_ATTRIBS: 16
10-26 10:36:40.098   36707-37075   A00000/org.map...armony/OpenGL  org.maplibre.harmony  I     GL_MAX_TEXTURE_SIZE: 8192
10-26 10:36:40.098   36707-37075   A00000/org.map...armony/OpenGL  org.maplibre.harmony  I     GL_VIEWPORT: x=0, y=0, width=3952, height=5365
10-26 10:36:40.098   36707-37075   A00000/org.map...armony/OpenGL  org.maplibre.harmony  I     =====================================================
10-26 10:36:40.098   36707-37075   A00000/org.map...ndererBackend  org.maplibre.harmony  I     ========== validateShaderAttributes START ==========
10-26 10:36:40.098   36707-37075   A00000/org.map...ndererBackend  org.maplibre.harmony  I     OpenGL Version: OpenGL ES 3.2 B265
10-26 10:36:40.098   36707-37075   A00000/org.map...ndererBackend  org.maplibre.harmony  I     OpenGL Renderer: Maleoon 910
10-26 10:36:40.098   36707-37075   A00000/org.map...ndererBackend  org.maplibre.harmony  I     OpenGL Vendor: HUAWEI
10-26 10:36:40.098   36707-37075   A00000/org.map...ndererBackend  org.maplibre.harmony  I     ========== validateShaderAttributes END ==========
10-26 10:36:40.098   36707-37075   A00000/org.map...ndererBackend  org.maplibre.harmony  I     ---------- initializeEGLContext() END - SUCCESS ----------
10-26 10:36:40.098   36707-37075   A00000/org.map...ndererBackend  org.maplibre.harmony  I     EGL Context: 0x5b317b99c0 (bound to render thread)
10-26 10:36:40.098   36707-37075   A00000/org.map...ndererBackend  org.maplibre.harmony  I     activate() - Context created and activated successfully
10-26 10:36:40.099   36707-37075   A00000/org.map...NativeMapView  org.maplibre.harmony  I     onRegisterShaders called
10-26 10:36:40.099   36707-37075   A00000/org.map...NativeMapView  org.maplibre.harmony  D     onWillStartRenderingMap
10-26 10:36:40.099   36707-37075   A00000/org.map...NativeMapView  org.maplibre.harmony  D     onWillStartRenderingFrame
10-26 10:36:40.099   36707-37075   A00000/org.map...ndererBackend  org.maplibre.harmony  D     updateAssumedState: viewport=(0, 0, 3952, 5365) logical pixels
10-26 10:36:40.099   36707-37075   A00000/org.map...ndererBackend  org.maplibre.harmony  D     updateAssumedState complete
10-26 10:36:40.100   36707-36707   A0FF00/org.map...stureTestPage  org.maplibre.harmony  I     Map area changed: {"pos":{"x":0,"y":258.3076923076923},"position":{"x":0,"y":258.3076923076923},"globalPos":{"x":0,"y":291.2307692307692},"globalPosition":{"x":0,"y":291.2307692307692},"width":374.15384615384613,"height":507.84615384615387}
10-26 10:36:40.109   36707-41747   A00000/org.map...ineFileSource  org.maplibre.harmony  I     ========== OnlineFileSource::request() ==========
10-26 10:36:40.109   36707-41747   A00000/org.map...ineFileSource  org.maplibre.harmony  I     HTTP REQUEST: url='https://demotiles.maplibre.org/style.json', kind=1
10-26 10:36:40.109   36707-41747   A00000/org.map...ineFileSource  org.maplibre.harmony  I     OnlineFileSource impl address: 0x5a1f671160
10-26 10:36:40.109   36707-41747   A00000/org.map...ineFileSource  org.maplibre.harmony  I     Original URL: https://demotiles.maplibre.org/style.json
10-26 10:36:40.109   36707-41747   A00000/org.map...ineFileSource  org.maplibre.harmony  I     Normalized URL: https://demotiles.maplibre.org/style.json
10-26 10:36:40.109   36707-41747   A00000/org.map...ineFileSource  org.maplibre.harmony  I     Calling impl->request()...
10-26 10:36:40.109   36707-41747   A00000/org.map...ineFileSource  org.maplibre.harmony  I     ========== OnlineFileSource::Impl::request() ==========
10-26 10:36:40.109   36707-41747   A00000/org.map...ineFileSource  org.maplibre.harmony  I     Creating FileSourceRequest for URL: https://demotiles.maplibre.org/style.json
10-26 10:36:40.109   36707-41747   A00000/org.map...ineFileSource  org.maplibre.harmony  I     FileSourceRequest created: 0x5a1ed6da80
10-26 10:36:40.109   36707-41747   A00000/org.map...ineFileSource  org.maplibre.harmony  I     Cancel callback set
10-26 10:36:40.109   36707-41747   A00000/org.map...ineFileSource  org.maplibre.harmony  I     Invoking OnlineFileSourceThread::request on actor...
10-26 10:36:40.109   36707-41747   A00000/org.map...ineFileSource  org.maplibre.harmony  I     Thread actor invoked successfully
10-26 10:36:40.109   36707-41747   A00000/org.map...ineFileSource  org.maplibre.harmony  I     impl->request() returned AsyncRequest: 0x5a1ed6da80
10-26 10:36:40.109   36707-41742   A00000/org.map...ineFileSource  org.maplibre.harmony  I     ========== OnlineFileSourceThread::request() ==========
10-26 10:36:40.109   36707-41742   A00000/org.map...ineFileSource  org.maplibre.harmony  I     AsyncRequest: 0x5a1ed6da80
10-26 10:36:40.109   36707-41742   A00000/org.map...ineFileSource  org.maplibre.harmony  I     Resource URL: https://demotiles.maplibre.org/style.json
10-26 10:36:40.109   36707-41742   A00000/org.map...ineFileSource  org.maplibre.harmony  I     Creating OnlineFileRequest...
10-26 10:36:40.109   36707-41742   A00000/org.map...ineFileSource  org.maplibre.harmony  I     ========== OnlineFileRequest CONSTRUCTOR ==========
10-26 10:36:40.109   36707-41742   A00000/org.map...ineFileSource  org.maplibre.harmony  I     URL: https://demotiles.maplibre.org/style.json
10-26 10:36:40.109   36707-41742   A00000/org.map...ineFileSource  org.maplibre.harmony  I     Kind: 1, Priority: 1
10-26 10:36:40.109   36707-41742   A00000/org.map...ineFileSource  org.maplibre.harmony  I     ========== OnlineFileSourceThread::add() ==========
10-26 10:36:40.109   36707-41742   A00000/org.map...ineFileSource  org.maplibre.harmony  I     Request URL: https://demotiles.maplibre.org/style.json
10-26 10:36:40.109   36707-41742   A00000/org.map...ineFileSource  org.maplibre.harmony  I     Total requests in allRequests: 1
10-26 10:36:40.109   36707-41742   A00000/org.map...ineFileSource  org.maplibre.harmony  I     No resourceTransform - activating request directly
10-26 10:36:40.109   36707-41742   A00000/org.map...ineFileSource  org.maplibre.harmony  I     ========== OnlineFileRequest::activate() ==========
10-26 10:36:40.109   36707-41742   A00000/org.map...ineFileSource  org.maplibre.harmony  I     URL: https://demotiles.maplibre.org/style.json
10-26 10:36:40.109   36707-41742   A00000/org.map...ineFileSource  org.maplibre.harmony  I     Has priorExpires - timeout: 923078000 ms
10-26 10:36:40.109   36707-41742   A00000/org.map...ineFileSource  org.maplibre.harmony  I     ========== OnlineFileRequest::schedule() ==========
10-26 10:36:40.109   36707-41742   A00000/org.map...ineFileSource  org.maplibre.harmony  I     URL: https://demotiles.maplibre.org/style.json
10-26 10:36:40.109   36707-41742   A00000/org.map...ineFileSource  org.maplibre.harmony  I     Timeout: 923078000 ms
10-26 10:36:40.109   36707-41742   A00000/org.map...ineFileSource  org.maplibre.harmony  I     NetworkStatus is ONLINE
10-26 10:36:40.109   36707-41742   A00000/org.map...ineFileSource  org.maplibre.harmony  I     Starting timer with timeout=923078000 ms, will call activateOrQueueRequest
10-26 10:36:40.109   36707-41742   A00000/org.map...harmony/Timer  org.maplibre.harmony  D     Timer started: timeout=<private> ms, repeat=<private> ms, runLoop=<private>
10-26 10:36:40.109   36707-41742   A00000/org.map...ineFileSource  org.maplibre.harmony  I     Timer started successfully
10-26 10:36:40.109   36707-41742   A00000/org.map...ineFileSource  org.maplibre.harmony  I     OnlineFileRequest added to impl
10-26 10:36:40.109   36707-41742   A00000/org.map...ineFileSource  org.maplibre.harmony  I     OnlineFileRequest created and stored in tasks map (total tasks: 1)
10-26 10:36:40.116   36707-41740   A00000/org.map...ndererBackend  org.maplibre.harmony  D     activate() - making context current (display=0x5a0b437420, surface=0x5a1f494d20, context=0x5b317b99c0)
10-26 10:36:40.116   36707-41740   C01400/org.map...OpenGLWrapper  org.maplibre.harmony  E     eglMakeCurrent error.
10-26 10:36:40.116   36707-41740   A00000/org.map...ndererBackend  org.maplibre.harmony  E     activate() FAILED to make context current: EGL_BAD_ACCESS (error code: 0x3002)
10-26 10:36:40.118   36707-41740   A00000/org.map...NativeMapView  org.maplibre.harmony  D     onWillStartRenderingMap
10-26 10:36:40.118   36707-41740   A00000/org.map...NativeMapView  org.maplibre.harmony  D     onWillStartRenderingFrame
10-26 10:36:40.118   36707-41740   A00000/org.map...ndererBackend  org.maplibre.harmony  D     updateAssumedState: viewport=(0, 0, 3952, 5365) logical pixels
10-26 10:36:40.118   36707-41740   A00000/org.map...ndererBackend  org.maplibre.harmony  D     updateAssumedState complete
10-26 10:36:40.119   36707-41740   A00000/org.map...ndererBackend  org.maplibre.harmony  W     eglSwapBuffers failed (attempt 1/3): EGL_BAD_SURFACE
10-26 10:36:40.119   36707-37075   A00000/org.map...ndererBackend  org.maplibre.harmony  D     deactivate() - keeping context current for performance (single-thread mode)
10-26 10:36:40.122   36707-41747   A00000/org.map...ineFileSource  org.maplibre.harmony  I     ========== OnlineFileSource::request() ==========
10-26 10:36:40.122   36707-41747   A00000/org.map...ineFileSource  org.maplibre.harmony  I     HTTP REQUEST: url='https://demotiles.maplibre.org/tiles/tiles.json', kind=2
10-26 10:36:40.122   36707-41747   A00000/org.map...ineFileSource  org.maplibre.harmony  I     OnlineFileSource impl address: 0x5a1f671160
10-26 10:36:40.122   36707-41747   A00000/org.map...ineFileSource  org.maplibre.harmony  I     Original URL: https://demotiles.maplibre.org/tiles/tiles.json
10-26 10:36:40.122   36707-41747   A00000/org.map...ineFileSource  org.maplibre.harmony  I     Normalized URL: https://demotiles.maplibre.org/tiles/tiles.json
10-26 10:36:40.122   36707-41747   A00000/org.map...ineFileSource  org.maplibre.harmony  I     Calling impl->request()...
10-26 10:36:40.122   36707-41747   A00000/org.map...ineFileSource  org.maplibre.harmony  I     ========== OnlineFileSource::Impl::request() ==========
10-26 10:36:40.122   36707-41747   A00000/org.map...ineFileSource  org.maplibre.harmony  I     Creating FileSourceRequest for URL: https://demotiles.maplibre.org/tiles/tiles.json
10-26 10:36:40.122   36707-41747   A00000/org.map...ineFileSource  org.maplibre.harmony  I     FileSourceRequest created: 0x5a1ed6dd80
10-26 10:36:40.122   36707-41747   A00000/org.map...ineFileSource  org.maplibre.harmony  I     Cancel callback set
10-26 10:36:40.122   36707-41747   A00000/org.map...ineFileSource  org.maplibre.harmony  I     Invoking OnlineFileSourceThread::request on actor...
10-26 10:36:40.122   36707-41747   A00000/org.map...ineFileSource  org.maplibre.harmony  I     Thread actor invoked successfully
10-26 10:36:40.122   36707-41747   A00000/org.map...ineFileSource  org.maplibre.harmony  I     impl->request() returned AsyncRequest: 0x5a1ed6dd80
10-26 10:36:40.122   36707-41742   A00000/org.map...ineFileSource  org.maplibre.harmony  I     ========== OnlineFileSourceThread::request() ==========
10-26 10:36:40.122   36707-41742   A00000/org.map...ineFileSource  org.maplibre.harmony  I     AsyncRequest: 0x5a1ed6dd80
10-26 10:36:40.122   36707-41742   A00000/org.map...ineFileSource  org.maplibre.harmony  I     Resource URL: https://demotiles.maplibre.org/tiles/tiles.json
10-26 10:36:40.122   36707-41742   A00000/org.map...ineFileSource  org.maplibre.harmony  I     Creating OnlineFileRequest...
10-26 10:36:40.122   36707-41742   A00000/org.map...ineFileSource  org.maplibre.harmony  I     ========== OnlineFileRequest CONSTRUCTOR ==========
10-26 10:36:40.122   36707-41742   A00000/org.map...ineFileSource  org.maplibre.harmony  I     URL: https://demotiles.maplibre.org/tiles/tiles.json
10-26 10:36:40.122   36707-41742   A00000/org.map...ineFileSource  org.maplibre.harmony  I     Kind: 2, Priority: 1
10-26 10:36:40.122   36707-41742   A00000/org.map...ineFileSource  org.maplibre.harmony  I     ========== OnlineFileSourceThread::add() ==========
10-26 10:36:40.122   36707-41742   A00000/org.map...ineFileSource  org.maplibre.harmony  I     Request URL: https://demotiles.maplibre.org/tiles/tiles.json
10-26 10:36:40.122   36707-41742   A00000/org.map...ineFileSource  org.maplibre.harmony  I     Total requests in allRequests: 2
10-26 10:36:40.122   36707-41742   A00000/org.map...ineFileSource  org.maplibre.harmony  I     No resourceTransform - activating request directly
10-26 10:36:40.122   36707-41742   A00000/org.map...ineFileSource  org.maplibre.harmony  I     ========== OnlineFileRequest::activate() ==========
10-26 10:36:40.122   36707-41742   A00000/org.map...ineFileSource  org.maplibre.harmony  I     URL: https://demotiles.maplibre.org/tiles/tiles.json
10-26 10:36:40.122   36707-41742   A00000/org.map...ineFileSource  org.maplibre.harmony  I     Has priorExpires - timeout: 597885000 ms
10-26 10:36:40.122   36707-41742   A00000/org.map...ineFileSource  org.maplibre.harmony  I     ========== OnlineFileRequest::schedule() ==========
10-26 10:36:40.122   36707-41742   A00000/org.map...ineFileSource  org.maplibre.harmony  I     URL: https://demotiles.maplibre.org/tiles/tiles.json
10-26 10:36:40.122   36707-41742   A00000/org.map...ineFileSource  org.maplibre.harmony  I     Timeout: 597885000 ms
10-26 10:36:40.122   36707-41742   A00000/org.map...ineFileSource  org.maplibre.harmony  I     NetworkStatus is ONLINE
10-26 10:36:40.122   36707-41742   A00000/org.map...ineFileSource  org.maplibre.harmony  I     Starting timer with timeout=597885000 ms, will call activateOrQueueRequest
10-26 10:36:40.122   36707-41742   A00000/org.map...harmony/Timer  org.maplibre.harmony  D     Timer started: timeout=<private> ms, repeat=<private> ms, runLoop=<private>
10-26 10:36:40.123   36707-41742   A00000/org.map...ineFileSource  org.maplibre.harmony  I     Timer started successfully
10-26 10:36:40.123   36707-41742   A00000/org.map...ineFileSource  org.maplibre.harmony  I     OnlineFileRequest added to impl
10-26 10:36:40.123   36707-41742   A00000/org.map...ineFileSource  org.maplibre.harmony  I     OnlineFileRequest created and stored in tasks map (total tasks: 2)
10-26 10:36:40.130   36707-41740   C01400/org.map...OpenGLWrapper  org.maplibre.harmony  E     eglMakeCurrent error.
10-26 10:36:40.130   36707-41740   A00000/org.map...ndererBackend  org.maplibre.harmony  W     eglSwapBuffers failed (attempt 2/3): EGL_BAD_SURFACE
10-26 10:36:40.140   36707-41740   C01400/org.map...OpenGLWrapper  org.maplibre.harmony  E     eglMakeCurrent error.
10-26 10:36:40.140   36707-41740   A00000/org.map...ndererBackend  org.maplibre.harmony  W     eglSwapBuffers failed (attempt 3/3): EGL_BAD_SURFACE
10-26 10:36:40.140   36707-41740   A00000/org.map...ndererBackend  org.maplibre.harmony  E     eglSwapBuffers failed after 3 attempts: EGL_SUCCESS
10-26 10:36:40.140   36707-41740   A00000/org.map...ndererBackend  org.maplibre.harmony  D     deactivate() - keeping context current for performance (single-thread mode)
10-26 10:36:40.140   36707-41740   A00000/org.map...dererFrontend  org.maplibre.harmony  E     Render failed: eglSwapBuffers failed: EGL buffer allocation failed - Pausing to prevent crash
10-26 10:36:40.140   36707-41740   A00000/org.map...ndererBackend  org.maplibre.harmony  D     activate() - making context current (display=0x5a0b437420, surface=0x5a1f494d20, context=0x5b317b99c0)
10-26 10:36:40.140   36707-41740   C01400/org.map...OpenGLWrapper  org.maplibre.harmony  E     eglMakeCurrent error.
10-26 10:36:40.140   36707-41740   A00000/org.map...ndererBackend  org.maplibre.harmony  E     activate() FAILED to make context current: EGL_BAD_ACCESS (error code: 0x3002)
10-26 10:36:40.143   36707-41740   A00000/org.map...NativeMapView  org.maplibre.harmony  D     onWillStartRenderingFrame
10-26 10:36:40.143   36707-41740   A00000/org.map...ndererBackend  org.maplibre.harmony  D     updateAssumedState: viewport=(0, 0, 3952, 5365) logical pixels
10-26 10:36:40.143   36707-41740   A00000/org.map...ndererBackend  org.maplibre.harmony  D     updateAssumedState complete
10-26 10:36:40.158   36707-41740   A00000/org.map...ndererBackend  org.maplibre.harmony  W     eglSwapBuffers failed (attempt 1/3): EGL_BAD_SURFACE
10-26 10:36:40.168   36707-41740   C01400/org.map...OpenGLWrapper  org.maplibre.harmony  E     eglMakeCurrent error.
10-26 10:36:40.168   36707-41740   A00000/org.map...ndererBackend  org.maplibre.harmony  W     eglSwapBuffers failed (attempt 2/3): EGL_BAD_SURFACE
10-26 10:36:40.178   36707-41740   C01400/org.map...OpenGLWrapper  org.maplibre.harmony  E     eglMakeCurrent error.
10-26 10:36:40.178   36707-41740   A00000/org.map...ndererBackend  org.maplibre.harmony  W     eglSwapBuffers failed (attempt 3/3): EGL_BAD_SURFACE
10-26 10:36:40.178   36707-41740   A00000/org.map...ndererBackend  org.maplibre.harmony  E     eglSwapBuffers failed after 3 attempts: EGL_SUCCESS
10-26 10:36:40.179   36707-41740   A00000/org.map...ndererBackend  org.maplibre.harmony  D     deactivate() - keeping context current for performance (single-thread mode)
10-26 10:36:40.179   36707-41740   A00000/org.map...dererFrontend  org.maplibre.harmony  E     Render failed: eglSwapBuffers failed: EGL buffer allocation failed - Pausing to prevent crash
10-26 10:36:40.179   36707-41740   A00000/org.map...ndererBackend  org.maplibre.harmony  D     activate() - making context current (display=0x5a0b437420, surface=0x5a1f494d20, context=0x5b317b99c0)
10-26 10:36:40.179   36707-41740   C01400/org.map...OpenGLWrapper  org.maplibre.harmony  E     eglMakeCurrent error.
10-26 10:36:40.179   36707-41740   A00000/org.map...ndererBackend  org.maplibre.harmony  E     activate() FAILED to make context current: EGL_BAD_ACCESS (error code: 0x3002)
10-26 10:36:40.181   36707-41740   A00000/org.map...NativeMapView  org.maplibre.harmony  D     onWillStartRenderingFrame
10-26 10:36:40.181   36707-41740   A00000/org.map...ndererBackend  org.maplibre.harmony  D     updateAssumedState: viewport=(0, 0, 3952, 5365) logical pixels
10-26 10:36:40.181   36707-41740   A00000/org.map...ndererBackend  org.maplibre.harmony  D     updateAssumedState complete
10-26 10:36:40.182   36707-41740   A00000/org.map...ndererBackend  org.maplibre.harmony  W     eglSwapBuffers failed (attempt 1/3): EGL_BAD_SURFACE
10-26 10:36:40.192   36707-41740   C01400/org.map...OpenGLWrapper  org.maplibre.harmony  E     eglMakeCurrent error.
10-26 10:36:40.192   36707-41740   A00000/org.map...ndererBackend  org.maplibre.harmony  W     eglSwapBuffers failed (attempt 2/3): EGL_BAD_SURFACE
10-26 10:36:40.202   36707-41740   C01400/org.map...OpenGLWrapper  org.maplibre.harmony  E     eglMakeCurrent error.
10-26 10:36:40.202   36707-41740   A00000/org.map...ndererBackend  org.maplibre.harmony  W     eglSwapBuffers failed (attempt 3/3): EGL_BAD_SURFACE
10-26 10:36:40.202   36707-41740   A00000/org.map...ndererBackend  org.maplibre.harmony  E     eglSwapBuffers failed after 3 attempts: EGL_SUCCESS
10-26 10:36:40.203   36707-41740   A00000/org.map...ndererBackend  org.maplibre.harmony  D     deactivate() - keeping context current for performance (single-thread mode)
10-26 10:36:40.203   36707-41740   A00000/org.map...dererFrontend  org.maplibre.harmony  E     Render failed: eglSwapBuffers failed: EGL buffer allocation failed - Pausing to prevent crash
10-26 10:36:40.203   36707-41740   A00000/org.map...ndererBackend  org.maplibre.harmony  D     activate() - making context current (display=0x5a0b437420, surface=0x5a1f494d20, context=0x5b317b99c0)
10-26 10:36:40.203   36707-41740   C01400/org.map...OpenGLWrapper  org.maplibre.harmony  E     eglMakeCurrent error.
10-26 10:36:40.203   36707-41740   A00000/org.map...ndererBackend  org.maplibre.harmony  E     activate() FAILED to make context current: EGL_BAD_ACCESS (error code: 0x3002)
10-26 10:36:40.205   36707-41740   A00000/org.map...NativeMapView  org.maplibre.harmony  D     onWillStartRenderingFrame
10-26 10:36:40.205   36707-41740   A00000/org.map...ndererBackend  org.maplibre.harmony  D     updateAssumedState: viewport=(0, 0, 3952, 5365) logical pixels
10-26 10:36:40.205   36707-41740   A00000/org.map...ndererBackend  org.maplibre.harmony  D     updateAssumedState complete
10-26 10:36:40.206   36707-41740   A00000/org.map...ndererBackend  org.maplibre.harmony  W     eglSwapBuffers failed (attempt 1/3): EGL_BAD_SURFACE
10-26 10:36:40.216   36707-41740   C01400/org.map...OpenGLWrapper  org.maplibre.harmony  E     eglMakeCurrent error.
10-26 10:36:40.216   36707-41740   A00000/org.map...ndererBackend  org.maplibre.harmony  W     eglSwapBuffers failed (attempt 2/3): EGL_BAD_SURFACE
10-26 10:36:40.226   36707-41740   C01400/org.map...OpenGLWrapper  org.maplibre.harmony  E     eglMakeCurrent error.
10-26 10:36:40.226   36707-41740   A00000/org.map...ndererBackend  org.maplibre.harmony  W     eglSwapBuffers failed (attempt 3/3): EGL_BAD_SURFACE
10-26 10:36:40.226   36707-41740   A00000/org.map...ndererBackend  org.maplibre.harmony  E     eglSwapBuffers failed after 3 attempts: EGL_SUCCESS
10-26 10:36:40.226   36707-41740   A00000/org.map...ndererBackend  org.maplibre.harmony  D     deactivate() - keeping context current for performance (single-thread mode)
10-26 10:36:40.226   36707-41740   A00000/org.map...dererFrontend  org.maplibre.harmony  E     Render failed: eglSwapBuffers failed: EGL buffer allocation failed - Pausing to prevent crash
10-26 10:36:40.226   36707-41740   A00000/org.map...ndererBackend  org.maplibre.harmony  D     activate() - making context current (display=0x5a0b437420, surface=0x5a1f494d20, context=0x5b317b99c0)
10-26 10:36:40.226   36707-41740   C01400/org.map...OpenGLWrapper  org.maplibre.harmony  E     eglMakeCurrent error.
10-26 10:36:40.226   36707-41740   A00000/org.map...ndererBackend  org.maplibre.harmony  E     activate() FAILED to make context current: EGL_BAD_ACCESS (error code: 0x3002)
10-26 10:36:40.229   36707-41740   A00000/org.map...NativeMapView  org.maplibre.harmony  D     onWillStartRenderingFrame
10-26 10:36:40.229   36707-41740   A00000/org.map...ndererBackend  org.maplibre.harmony  D     updateAssumedState: viewport=(0, 0, 3952, 5365) logical pixels
10-26 10:36:40.229   36707-41740   A00000/org.map...ndererBackend  org.maplibre.harmony  D     updateAssumedState complete
10-26 10:36:40.229   36707-41740   A00000/org.map...ndererBackend  org.maplibre.harmony  W     eglSwapBuffers failed (attempt 1/3): EGL_BAD_SURFACE
10-26 10:36:40.239   36707-41740   C01400/org.map...OpenGLWrapper  org.maplibre.harmony  E     eglMakeCurrent error.
10-26 10:36:40.239   36707-41740   A00000/org.map...ndererBackend  org.maplibre.harmony  W     eglSwapBuffers failed (attempt 2/3): EGL_BAD_SURFACE
10-26 10:36:40.249   36707-41740   C01400/org.map...OpenGLWrapper  org.maplibre.harmony  E     eglMakeCurrent error.
10-26 10:36:40.249   36707-41740   A00000/org.map...ndererBackend  org.maplibre.harmony  W     eglSwapBuffers failed (attempt 3/3): EGL_BAD_SURFACE
10-26 10:36:40.249   36707-41740   A00000/org.map...ndererBackend  org.maplibre.harmony  E     eglSwapBuffers failed after 3 attempts: EGL_SUCCESS
10-26 10:36:40.249   36707-41740   A00000/org.map...ndererBackend  org.maplibre.harmony  D     deactivate() - keeping context current for performance (single-thread mode)
10-26 10:36:40.249   36707-41740   A00000/org.map...dererFrontend  org.maplibre.harmony  E     Render failed: eglSwapBuffers failed: EGL buffer allocation failed - Pausing to prevent crash
10-26 10:36:40.249   36707-41740   A00000/org.map...ndererBackend  org.maplibre.harmony  D     activate() - making context current (display=0x5a0b437420, surface=0x5a1f494d20, context=0x5b317b99c0)
10-26 10:36:40.249   36707-41740   C01400/org.map...OpenGLWrapper  org.maplibre.harmony  E     eglMakeCurrent error.
10-26 10:36:40.249   36707-41740   A00000/org.map...ndererBackend  org.maplibre.harmony  E     activate() FAILED to make context current: EGL_BAD_ACCESS (error code: 0x3002)
10-26 10:36:40.251   36707-41740   A00000/org.map...NativeMapView  org.maplibre.harmony  D     onWillStartRenderingFrame
10-26 10:36:40.251   36707-41740   A00000/org.map...ndererBackend  org.maplibre.harmony  D     updateAssumedState: viewport=(0, 0, 3952, 5365) logical pixels
10-26 10:36:40.251   36707-41740   A00000/org.map...ndererBackend  org.maplibre.harmony  D     updateAssumedState complete
10-26 10:36:40.252   36707-41740   A00000/org.map...ndererBackend  org.maplibre.harmony  W     eglSwapBuffers failed (attempt 1/3): EGL_BAD_SURFACE
10-26 10:36:40.262   36707-41740   C01400/org.map...OpenGLWrapper  org.maplibre.harmony  E     eglMakeCurrent error.
10-26 10:36:40.262   36707-41740   A00000/org.map...ndererBackend  org.maplibre.harmony  W     eglSwapBuffers failed (attempt 2/3): EGL_BAD_SURFACE
10-26 10:36:40.272   36707-41740   C01400/org.map...OpenGLWrapper  org.maplibre.harmony  E     eglMakeCurrent error.
10-26 10:36:40.272   36707-41740   A00000/org.map...ndererBackend  org.maplibre.harmony  W     eglSwapBuffers failed (attempt 3/3): EGL_BAD_SURFACE
10-26 10:36:40.272   36707-41740   A00000/org.map...ndererBackend  org.maplibre.harmony  E     eglSwapBuffers failed after 3 attempts: EGL_SUCCESS
10-26 10:36:40.272   36707-41740   A00000/org.map...ndererBackend  org.maplibre.harmony  D     deactivate() - keeping context current for performance (single-thread mode)
10-26 10:36:40.272   36707-41740   A00000/org.map...dererFrontend  org.maplibre.harmony  E     Render failed: eglSwapBuffers failed: EGL buffer allocation failed - Pausing to prevent crash
10-26 10:36:40.272   36707-41740   A00000/org.map...ndererBackend  org.maplibre.harmony  D     activate() - making context current (display=0x5a0b437420, surface=0x5a1f494d20, context=0x5b317b99c0)
10-26 10:36:40.272   36707-41740   C01400/org.map...OpenGLWrapper  org.maplibre.harmony  E     eglMakeCurrent error.
10-26 10:36:40.272   36707-41740   A00000/org.map...ndererBackend  org.maplibre.harmony  E     activate() FAILED to make context current: EGL_BAD_ACCESS (error code: 0x3002)
10-26 10:36:40.274   36707-41740   A00000/org.map...NativeMapView  org.maplibre.harmony  D     onWillStartRenderingFrame
10-26 10:36:40.274   36707-41740   A00000/org.map...ndererBackend  org.maplibre.harmony  D     updateAssumedState: viewport=(0, 0, 3952, 5365) logical pixels
10-26 10:36:40.274   36707-41740   A00000/org.map...ndererBackend  org.maplibre.harmony  D     updateAssumedState complete
10-26 10:36:40.274   36707-41740   A00000/org.map...ndererBackend  org.maplibre.harmony  W     eglSwapBuffers failed (attempt 1/3): EGL_BAD_SURFACE
10-26 10:36:40.284   36707-41740   C01400/org.map...OpenGLWrapper  org.maplibre.harmony  E     eglMakeCurrent error.
10-26 10:36:40.285   36707-41740   A00000/org.map...ndererBackend  org.maplibre.harmony  W     eglSwapBuffers failed (attempt 2/3): EGL_BAD_SURFACE
10-26 10:36:40.295   36707-41740   C01400/org.map...OpenGLWrapper  org.maplibre.harmony  E     eglMakeCurrent error.
10-26 10:36:40.295   36707-41740   A00000/org.map...ndererBackend  org.maplibre.harmony  W     eglSwapBuffers failed (attempt 3/3): EGL_BAD_SURFACE
10-26 10:36:40.295   36707-41740   A00000/org.map...ndererBackend  org.maplibre.harmony  E     eglSwapBuffers failed after 3 attempts: EGL_SUCCESS
10-26 10:36:40.295   36707-41740   A00000/org.map...ndererBackend  org.maplibre.harmony  D     deactivate() - keeping context current for performance (single-thread mode)
10-26 10:36:40.295   36707-41740   A00000/org.map...dererFrontend  org.maplibre.harmony  E     Render failed: eglSwapBuffers failed: EGL buffer allocation failed - Pausing to prevent crash
10-26 10:36:40.295   36707-41740   A00000/org.map...ndererBackend  org.maplibre.harmony  D     activate() - making context current (display=0x5a0b437420, surface=0x5a1f494d20, context=0x5b317b99c0)
10-26 10:36:40.295   36707-41740   C01400/org.map...OpenGLWrapper  org.maplibre.harmony  E     eglMakeCurrent error.
10-26 10:36:40.295   36707-41740   A00000/org.map...ndererBackend  org.maplibre.harmony  E     activate() FAILED to make context current: EGL_BAD_ACCESS (error code: 0x3002)
10-26 10:36:40.298   36707-41740   A00000/org.map...NativeMapView  org.maplibre.harmony  D     onWillStartRenderingFrame
10-26 10:36:40.298   36707-41740   A00000/org.map...ndererBackend  org.maplibre.harmony  D     updateAssumedState: viewport=(0, 0, 3952, 5365) logical pixels
10-26 10:36:40.298   36707-41740   A00000/org.map...ndererBackend  org.maplibre.harmony  D     updateAssumedState complete
10-26 10:36:40.298   36707-41740   A00000/org.map...ndererBackend  org.maplibre.harmony  W     eglSwapBuffers failed (attempt 1/3): EGL_BAD_SURFACE
10-26 10:36:40.309   36707-41740   C01400/org.map...OpenGLWrapper  org.maplibre.harmony  E     eglMakeCurrent error.
10-26 10:36:40.309   36707-41740   A00000/org.map...ndererBackend  org.maplibre.harmony  W     eglSwapBuffers failed (attempt 2/3): EGL_BAD_SURFACE
10-26 10:36:40.319   36707-41740   C01400/org.map...OpenGLWrapper  org.maplibre.harmony  E     eglMakeCurrent error.
10-26 10:36:40.319   36707-41740   A00000/org.map...ndererBackend  org.maplibre.harmony  W     eglSwapBuffers failed (attempt 3/3): EGL_BAD_SURFACE
10-26 10:36:40.319   36707-41740   A00000/org.map...ndererBackend  org.maplibre.harmony  E     eglSwapBuffers failed after 3 attempts: EGL_SUCCESS
10-26 10:36:40.319   36707-41740   A00000/org.map...ndererBackend  org.maplibre.harmony  D     deactivate() - keeping context current for performance (single-thread mode)
10-26 10:36:40.319   36707-41740   A00000/org.map...dererFrontend  org.maplibre.harmony  E     Render failed: eglSwapBuffers failed: EGL buffer allocation failed - Pausing to prevent crash
10-26 10:36:40.319   36707-41740   A00000/org.map...ndererBackend  org.maplibre.harmony  D     activate() - making context current (display=0x5a0b437420, surface=0x5a1f494d20, context=0x5b317b99c0)
10-26 10:36:40.319   36707-41740   C01400/org.map...OpenGLWrapper  org.maplibre.harmony  E     eglMakeCurrent error.
10-26 10:36:40.319   36707-41740   A00000/org.map...ndererBackend  org.maplibre.harmony  E     activate() FAILED to make context current: EGL_BAD_ACCESS (error code: 0x3002)
10-26 10:36:40.322   36707-41740   A00000/org.map...NativeMapView  org.maplibre.harmony  D     onWillStartRenderingFrame
10-26 10:36:40.322   36707-41740   A00000/org.map...ndererBackend  org.maplibre.harmony  D     updateAssumedState: viewport=(0, 0, 3952, 5365) logical pixels
10-26 10:36:40.322   36707-41740   A00000/org.map...ndererBackend  org.maplibre.harmony  D     updateAssumedState complete
10-26 10:36:40.322   36707-41740   A00000/org.map...ndererBackend  org.maplibre.harmony  W     eglSwapBuffers failed (attempt 1/3): EGL_BAD_SURFACE
10-26 10:36:40.333   36707-41740   C01400/org.map...OpenGLWrapper  org.maplibre.harmony  E     eglMakeCurrent error.
10-26 10:36:40.333   36707-41740   A00000/org.map...ndererBackend  org.maplibre.harmony  W     eglSwapBuffers failed (attempt 2/3): EGL_BAD_SURFACE
10-26 10:36:40.343   36707-41740   C01400/org.map...OpenGLWrapper  org.maplibre.harmony  E     eglMakeCurrent error.
10-26 10:36:40.343   36707-41740   A00000/org.map...ndererBackend  org.maplibre.harmony  W     eglSwapBuffers failed (attempt 3/3): EGL_BAD_SURFACE
10-26 10:36:40.343   36707-41740   A00000/org.map...ndererBackend  org.maplibre.harmony  E     eglSwapBuffers failed after 3 attempts: EGL_SUCCESS
10-26 10:36:40.343   36707-41740   A00000/org.map...ndererBackend  org.maplibre.harmony  D     deactivate() - keeping context current for performance (single-thread mode)
10-26 10:36:40.343   36707-41740   A00000/org.map...dererFrontend  org.maplibre.harmony  E     Render failed: eglSwapBuffers failed: EGL buffer allocation failed - Pausing to prevent crash
10-26 10:36:40.343   36707-41740   A00000/org.map...ndererBackend  org.maplibre.harmony  D     activate() - making context current (display=0x5a0b437420, surface=0x5a1f494d20, context=0x5b317b99c0)
10-26 10:36:40.343   36707-41740   C01400/org.map...OpenGLWrapper  org.maplibre.harmony  E     eglMakeCurrent error.
10-26 10:36:40.343   36707-41740   A00000/org.map...ndererBackend  org.maplibre.harmony  E     activate() FAILED to make context current: EGL_BAD_ACCESS (error code: 0x3002)
10-26 10:36:40.346   36707-41740   A00000/org.map...NativeMapView  org.maplibre.harmony  D     onWillStartRenderingFrame
10-26 10:36:40.346   36707-41740   A00000/org.map...ndererBackend  org.maplibre.harmony  D     updateAssumedState: viewport=(0, 0, 3952, 5365) logical pixels
10-26 10:36:40.346   36707-41740   A00000/org.map...ndererBackend  org.maplibre.harmony  D     updateAssumedState complete
10-26 10:36:40.346   36707-41740   A00000/org.map...ndererBackend  org.maplibre.harmony  W     eglSwapBuffers failed (attempt 1/3): EGL_BAD_SURFACE
10-26 10:36:40.356   36707-41740   C01400/org.map...OpenGLWrapper  org.maplibre.harmony  E     eglMakeCurrent error.
10-26 10:36:40.356   36707-41740   A00000/org.map...ndererBackend  org.maplibre.harmony  W     eglSwapBuffers failed (attempt 2/3): EGL_BAD_SURFACE
10-26 10:36:40.366   36707-41740   C01400/org.map...OpenGLWrapper  org.maplibre.harmony  E     eglMakeCurrent error.
10-26 10:36:40.366   36707-41740   A00000/org.map...ndererBackend  org.maplibre.harmony  W     eglSwapBuffers failed (attempt 3/3): EGL_BAD_SURFACE
10-26 10:36:40.366   36707-41740   A00000/org.map...ndererBackend  org.maplibre.harmony  E     eglSwapBuffers failed after 3 attempts: EGL_SUCCESS
10-26 10:36:40.366   36707-41740   A00000/org.map...ndererBackend  org.maplibre.harmony  D     deactivate() - keeping context current for performance (single-thread mode)
10-26 10:36:40.366   36707-41740   A00000/org.map...dererFrontend  org.maplibre.harmony  E     Render failed: eglSwapBuffers failed: EGL buffer allocation failed - Pausing to prevent crash
10-26 10:36:40.366   36707-41740   A00000/org.map...NativeMapView  org.maplibre.harmony  D     onCameraWillChange
10-26 10:36:40.366   36707-41740   A00000/org.map...NativeMapView  org.maplibre.harmony  D     onCameraDidChange
10-26 10:36:40.366   36707-41740   A00000/org.map...ndererBackend  org.maplibre.harmony  D     activate() - making context current (display=0x5a0b437420, surface=0x5a1f494d20, context=0x5b317b99c0)
10-26 10:36:40.366   36707-41740   C01400/org.map...OpenGLWrapper  org.maplibre.harmony  E     eglMakeCurrent error.
10-26 10:36:40.366   36707-41740   A00000/org.map...ndererBackend  org.maplibre.harmony  E     activate() FAILED to make context current: EGL_BAD_ACCESS (error code: 0x3002)
10-26 10:36:40.369   36707-41740   A00000/org.map...NativeMapView  org.maplibre.harmony  D     onWillStartRenderingFrame
10-26 10:36:40.369   36707-41740   A00000/org.map...ndererBackend  org.maplibre.harmony  D     updateAssumedState: viewport=(0, 0, 3952, 5365) logical pixels
10-26 10:36:40.369   36707-41740   A00000/org.map...ndererBackend  org.maplibre.harmony  D     updateAssumedState complete
10-26 10:36:40.369   36707-41740   A00000/org.map...ndererBackend  org.maplibre.harmony  W     eglSwapBuffers failed (attempt 1/3): EGL_BAD_SURFACE
10-26 10:36:40.379   36707-41740   C01400/org.map...OpenGLWrapper  org.maplibre.harmony  E     eglMakeCurrent error.
10-26 10:36:40.379   36707-41740   A00000/org.map...ndererBackend  org.maplibre.harmony  W     eglSwapBuffers failed (attempt 2/3): EGL_BAD_SURFACE
10-26 10:36:40.389   36707-41740   C01400/org.map...OpenGLWrapper  org.maplibre.harmony  E     eglMakeCurrent error.
10-26 10:36:40.389   36707-41740   A00000/org.map...ndererBackend  org.maplibre.harmony  W     eglSwapBuffers failed (attempt 3/3): EGL_BAD_SURFACE
10-26 10:36:40.389   36707-41740   A00000/org.map...ndererBackend  org.maplibre.harmony  E     eglSwapBuffers failed after 3 attempts: EGL_SUCCESS
10-26 10:36:40.390   36707-41740   A00000/org.map...ndererBackend  org.maplibre.harmony  D     deactivate() - keeping context current for performance (single-thread mode)
10-26 10:36:40.390   36707-41740   A00000/org.map...dererFrontend  org.maplibre.harmony  E     Render failed: eglSwapBuffers failed: EGL buffer allocation failed - Pausing to prevent crash
10-26 10:36:40.390   36707-41740   A00000/org.map...ndererBackend  org.maplibre.harmony  D     activate() - making context current (display=0x5a0b437420, surface=0x5a1f494d20, context=0x5b317b99c0)
10-26 10:36:40.390   36707-41740   C01400/org.map...OpenGLWrapper  org.maplibre.harmony  E     eglMakeCurrent error.
10-26 10:36:40.390   36707-41740   A00000/org.map...ndererBackend  org.maplibre.harmony  E     activate() FAILED to make context current: EGL_BAD_ACCESS (error code: 0x3002)
10-26 10:36:40.394   36707-41740   A00000/org.map...NativeMapView  org.maplibre.harmony  D     onWillStartRenderingFrame
10-26 10:36:40.394   36707-41740   A00000/org.map...ndererBackend  org.maplibre.harmony  D     updateAssumedState: viewport=(0, 0, 3952, 5365) logical pixels
10-26 10:36:40.394   36707-41740   A00000/org.map...ndererBackend  org.maplibre.harmony  D     updateAssumedState complete
10-26 10:36:40.394   36707-41740   A00000/org.map...ndererBackend  org.maplibre.harmony  W     eglSwapBuffers failed (attempt 1/3): EGL_BAD_SURFACE
10-26 10:36:40.397   36707-36707   A0FF00/org.map...NativeMapView  org.maplibre.harmony  I     Delayed jumpTo: bearing=0, lat=30.2741, lng=120.1551, pitch=0, zoom=3
10-26 10:36:40.397   36707-36707   A00000/org.map...NativeMapView  org.maplibre.harmony  I     ========== jumpTo() START ==========
10-26 10:36:40.397   36707-36707   A00000/org.map...NativeMapView  org.maplibre.harmony  D     jumpTo: instance=0x5a1ef19850
10-26 10:36:40.397   36707-36707   A00000/org.map...NativeMapView  org.maplibre.harmony  D     jumpTo: Current state - map=exists, harmonyRenderer=exists, nativeWindow=exists
10-26 10:36:40.397   36707-36707   A00000/org.map...NativeMapView  org.maplibre.harmony  I     jumpTo: angle=0.000000, lat=30.274100, lng=120.155100, pitch=0.000000, zoom=3.000000
10-26 10:36:40.397   36707-36707   A00000/org.map...NativeMapView  org.maplibre.harmony  D     jumpTo: Executing map->jumpTo()...
10-26 10:36:40.397   36707-36707   A00000/org.map...NativeMapView  org.maplibre.harmony  D     onCameraWillChange
10-26 10:36:40.397   36707-36707   A00000/org.map...NativeMapView  org.maplibre.harmony  D     onCameraDidChange
10-26 10:36:40.397   36707-36707   A00000/org.map...NativeMapView  org.maplibre.harmony  D     jumpTo: Executing map->triggerRepaint()...
10-26 10:36:40.397   36707-36707   A00000/org.map...NativeMapView  org.maplibre.harmony  I     jumpTo: Camera jump executed successfully
10-26 10:36:40.397   36707-36707   A00000/org.map...NativeMapView  org.maplibre.harmony  I     ========== jumpTo() END - SUCCESS ==========
10-26 10:36:40.397   36707-36707   A0FF00/org.map...NativeMapView  org.maplibre.harmony  I     Delayed jumpTo completed successfully
10-26 10:36:40.404   36707-41740   C01400/org.map...OpenGLWrapper  org.maplibre.harmony  E     eglMakeCurrent error.
10-26 10:36:40.404   36707-41740   A00000/org.map...ndererBackend  org.maplibre.harmony  W     eglSwapBuffers failed (attempt 2/3): EGL_BAD_SURFACE
10-26 10:36:40.415   36707-41740   C01400/org.map...OpenGLWrapper  org.maplibre.harmony  E     eglMakeCurrent error.
10-26 10:36:40.415   36707-41740   A00000/org.map...ndererBackend  org.maplibre.harmony  W     eglSwapBuffers failed (attempt 3/3): EGL_BAD_SURFACE
10-26 10:36:40.415   36707-41740   A00000/org.map...ndererBackend  org.maplibre.harmony  E     eglSwapBuffers failed after 3 attempts: EGL_SUCCESS
10-26 10:36:40.415   36707-41740   A00000/org.map...ndererBackend  org.maplibre.harmony  D     deactivate() - keeping context current for performance (single-thread mode)
10-26 10:36:40.415   36707-41740   A00000/org.map...dererFrontend  org.maplibre.harmony  E     Render failed: eglSwapBuffers failed: EGL buffer allocation failed - Pausing to prevent crash
10-26 10:36:40.415   36707-41740   A00000/org.map...NativeMapView  org.maplibre.harmony  W     🎨 [672328 ms] onDidFinishLoadingStyle
10-26 10:36:40.415   36707-41740   A00000/org.map...NativeMapView  org.maplibre.harmony  I     Style loaded successfully:
10-26 10:36:40.415   36707-41740   A00000/org.map...NativeMapView  org.maplibre.harmony  I       - URL: https://demotiles.maplibre.org/style.json
10-26 10:36:40.415   36707-41740   A00000/org.map...NativeMapView  org.maplibre.harmony  I       - Name: MapLibre
10-26 10:36:40.415   36707-41740   A00000/org.map...NativeMapView  org.maplibre.harmony  I       - Sources count: 3
10-26 10:36:40.415   36707-41740   A00000/org.map...NativeMapView  org.maplibre.harmony  D         * Source: maplibre (type: 0)
10-26 10:36:40.415   36707-41740   A00000/org.map...NativeMapView  org.maplibre.harmony  D         * Source: crimea (type: 3)
10-26 10:36:40.415   36707-41740   A00000/org.map...NativeMapView  org.maplibre.harmony  D         * Source: org.maplibre.annotations (type: 5)
10-26 10:36:40.415   36707-41740   A00000/org.map...NativeMapView  org.maplibre.harmony  I       - Layers count: 9
10-26 10:36:40.415   36707-41740   A00000/org.map...NativeMapView  org.maplibre.harmony  D         * Layer: background (source: )
10-26 10:36:40.415   36707-41740   A00000/org.map...NativeMapView  org.maplibre.harmony  D         * Layer: coastline (source: maplibre)
10-26 10:36:40.415   36707-41740   A00000/org.map...NativeMapView  org.maplibre.harmony  D         * Layer: countries-fill (source: maplibre)
10-26 10:36:40.415   36707-41740   A00000/org.map...NativeMapView  org.maplibre.harmony  D         * Layer: countries-boundary (source: maplibre)
10-26 10:36:40.415   36707-41740   A00000/org.map...NativeMapView  org.maplibre.harmony  D         * Layer: geolines (source: maplibre)
10-26 10:36:40.415   36707-41740   A00000/org.map...NativeMapView  org.maplibre.harmony  D         * Layer: geolines-label (source: maplibre)
10-26 10:36:40.415   36707-41740   A00000/org.map...NativeMapView  org.maplibre.harmony  D         * Layer: countries-label (source: maplibre)
10-26 10:36:40.415   36707-41740   A00000/org.map...NativeMapView  org.maplibre.harmony  D         * Layer: crimea-fill (source: crimea)
10-26 10:36:40.415   36707-41740   A00000/org.map...NativeMapView  org.maplibre.harmony  D         * Layer: org.maplibre.annotations.points (source: org.maplibre.annotations)
10-26 10:36:40.415   36707-41740   A00000/org.map...NativeMapView  org.maplibre.harmony  I     =============================================
10-26 10:36:40.415   36707-37076   A00000/org.map...mony/MAPLIBRE  org.maplibre.harmony  I     [INFO] {aplibre.harmony}[Style]: Style 'MapLibre' has 9 layers:
                                                                                                 None: 7
                                                                                                 Zoom: 2
10-26 10:36:40.416   36707-41740   A00000/org.map...ndererBackend  org.maplibre.harmony  D     activate() - making context current (display=0x5a0b437420, surface=0x5a1f494d20, context=0x5b317b99c0)
10-26 10:36:40.416   36707-41740   C01400/org.map...OpenGLWrapper  org.maplibre.harmony  E     eglMakeCurrent error.
10-26 10:36:40.416   36707-41740   A00000/org.map...ndererBackend  org.maplibre.harmony  E     activate() FAILED to make context current: EGL_BAD_ACCESS (error code: 0x3002)
10-26 10:36:40.429   36707-41740   A00000/org.map...NativeMapView  org.maplibre.harmony  D     onWillStartRenderingFrame
10-26 10:36:40.429   36707-41740   A00000/org.map...ndererBackend  org.maplibre.harmony  D     updateAssumedState: viewport=(0, 0, 3952, 5365) logical pixels
10-26 10:36:40.429   36707-41740   A00000/org.map...ndererBackend  org.maplibre.harmony  D     updateAssumedState complete
10-26 10:36:40.429   36707-41740   A00000/org.map...ndererBackend  org.maplibre.harmony  W     eglSwapBuffers failed (attempt 1/3): EGL_BAD_SURFACE
10-26 10:36:40.433   36707-37075   A00000/org.map...ndererBackend  org.maplibre.harmony  D     activate() - context already current
10-26 10:36:40.433   36707-41747   A00000/org.map...ineFileSource  org.maplibre.harmony  I     ========== OnlineFileSource::request() ==========
10-26 10:36:40.433   36707-41747   A00000/org.map...ineFileSource  org.maplibre.harmony  I     HTTP REQUEST: url='https://demotiles.maplibre.org/tiles/0/0/0.pbf', kind=3
10-26 10:36:40.433   36707-41747   A00000/org.map...ineFileSource  org.maplibre.harmony  I     OnlineFileSource impl address: 0x5a1f671160
10-26 10:36:40.433   36707-41747   A00000/org.map...ineFileSource  org.maplibre.harmony  I     Original URL: https://demotiles.maplibre.org/tiles/0/0/0.pbf
10-26 10:36:40.433   36707-41747   A00000/org.map...ineFileSource  org.maplibre.harmony  I     Normalized URL: https://demotiles.maplibre.org/tiles/0/0/0.pbf
10-26 10:36:40.433   36707-41747   A00000/org.map...ineFileSource  org.maplibre.harmony  I     Calling impl->request()...
10-26 10:36:40.433   36707-41747   A00000/org.map...ineFileSource  org.maplibre.harmony  I     ========== OnlineFileSource::Impl::request() ==========
10-26 10:36:40.433   36707-41747   A00000/org.map...ineFileSource  org.maplibre.harmony  I     Creating FileSourceRequest for URL: https://demotiles.maplibre.org/tiles/0/0/0.pbf
10-26 10:36:40.433   36707-41747   A00000/org.map...ineFileSource  org.maplibre.harmony  I     FileSourceRequest created: 0x5a1ed6d400
10-26 10:36:40.433   36707-41747   A00000/org.map...ineFileSource  org.maplibre.harmony  I     Cancel callback set
10-26 10:36:40.433   36707-41747   A00000/org.map...ineFileSource  org.maplibre.harmony  I     Invoking OnlineFileSourceThread::request on actor...
10-26 10:36:40.433   36707-41747   A00000/org.map...ineFileSource  org.maplibre.harmony  I     Thread actor invoked successfully
10-26 10:36:40.433   36707-41747   A00000/org.map...ineFileSource  org.maplibre.harmony  I     impl->request() returned AsyncRequest: 0x5a1ed6d400
10-26 10:36:40.433   36707-41742   A00000/org.map...ineFileSource  org.maplibre.harmony  I     ========== OnlineFileSourceThread::request() ==========
10-26 10:36:40.433   36707-41742   A00000/org.map...ineFileSource  org.maplibre.harmony  I     AsyncRequest: 0x5a1ed6d400
10-26 10:36:40.433   36707-41742   A00000/org.map...ineFileSource  org.maplibre.harmony  I     Resource URL: https://demotiles.maplibre.org/tiles/0/0/0.pbf
10-26 10:36:40.433   36707-41742   A00000/org.map...ineFileSource  org.maplibre.harmony  I     Creating OnlineFileRequest...
10-26 10:36:40.433   36707-41742   A00000/org.map...ineFileSource  org.maplibre.harmony  I     ========== OnlineFileRequest CONSTRUCTOR ==========
10-26 10:36:40.433   36707-41742   A00000/org.map...ineFileSource  org.maplibre.harmony  I     URL: https://demotiles.maplibre.org/tiles/0/0/0.pbf
10-26 10:36:40.433   36707-41742   A00000/org.map...ineFileSource  org.maplibre.harmony  I     Kind: 3, Priority: 0
10-26 10:36:40.433   36707-41742   A00000/org.map...ineFileSource  org.maplibre.harmony  I     ========== OnlineFileSourceThread::add() ==========
10-26 10:36:40.433   36707-41742   A00000/org.map...ineFileSource  org.maplibre.harmony  I     Request URL: https://demotiles.maplibre.org/tiles/0/0/0.pbf
10-26 10:36:40.433   36707-41742   A00000/org.map...ineFileSource  org.maplibre.harmony  I     Total requests in allRequests: 3
10-26 10:36:40.433   36707-41742   A00000/org.map...ineFileSource  org.maplibre.harmony  I     No resourceTransform - activating request directly
10-26 10:36:40.433   36707-41742   A00000/org.map...ineFileSource  org.maplibre.harmony  I     ========== OnlineFileRequest::activate() ==========
10-26 10:36:40.433   36707-41742   A00000/org.map...ineFileSource  org.maplibre.harmony  I     URL: https://demotiles.maplibre.org/tiles/0/0/0.pbf
10-26 10:36:40.433   36707-41742   A00000/org.map...ineFileSource  org.maplibre.harmony  I     Has priorExpires - timeout: 0 ms
10-26 10:36:40.433   36707-41742   A00000/org.map...ineFileSource  org.maplibre.harmony  I     ========== OnlineFileRequest::schedule() ==========
10-26 10:36:40.433   36707-41742   A00000/org.map...ineFileSource  org.maplibre.harmony  I     URL: https://demotiles.maplibre.org/tiles/0/0/0.pbf
10-26 10:36:40.433   36707-41742   A00000/org.map...ineFileSource  org.maplibre.harmony  I     Timeout: 0 ms
10-26 10:36:40.433   36707-41742   A00000/org.map...ineFileSource  org.maplibre.harmony  I     NetworkStatus is ONLINE
10-26 10:36:40.433   36707-41742   A00000/org.map...ineFileSource  org.maplibre.harmony  I     Starting timer with timeout=0 ms, will call activateOrQueueRequest
10-26 10:36:40.433   36707-41742   A00000/org.map...harmony/Timer  org.maplibre.harmony  D     Timer started: timeout=<private> ms, repeat=<private> ms, runLoop=<private>
10-26 10:36:40.434   36707-41742   A00000/org.map...ineFileSource  org.maplibre.harmony  I     Timer started successfully
10-26 10:36:40.434   36707-41742   A00000/org.map...ineFileSource  org.maplibre.harmony  I     OnlineFileRequest added to impl
10-26 10:36:40.434   36707-41742   A00000/org.map...ineFileSource  org.maplibre.harmony  I     OnlineFileRequest created and stored in tasks map (total tasks: 3)
10-26 10:36:40.434   36707-41753   A00000/org.map...harmony/Timer  org.maplibre.harmony  D     Timer fired - dispatching callback to RunLoop thread
10-26 10:36:40.434   36707-41753   A00000/org.map...harmony/Timer  org.maplibre.harmony  D     RunLoop address: <private>, has callback: <private>
10-26 10:36:40.434   36707-41753   A00000/org.map...harmony/Timer  org.maplibre.harmony  D     runLoop->invoke() returned
10-26 10:36:40.434   36707-41742   A00000/org.map...harmony/Timer  org.maplibre.harmony  D     ⭐ INSIDE INVOKE LAMBDA - about to execute timer callback
10-26 10:36:40.434   36707-41742   A00000/org.map...harmony/Timer  org.maplibre.harmony  D     ✅ Executing timer callback on RunLoop thread
10-26 10:36:40.434   36707-41742   A00000/org.map...ineFileSource  org.maplibre.harmony  I     ========== activateOrQueueRequest() ==========
10-26 10:36:40.434   36707-41742   A00000/org.map...ineFileSource  org.maplibre.harmony  I     Request: 0x5b2f7dde00
10-26 10:36:40.434   36707-41742   A00000/org.map...ineFileSource  org.maplibre.harmony  I     Active requests: 0, Max concurrent: 20
10-26 10:36:40.434   36707-41742   A00000/org.map...ineFileSource  org.maplibre.harmony  I     Queue has space - activating request NOW
10-26 10:36:40.434   36707-41742   A00000/org.map...ineFileSource  org.maplibre.harmony  I     ========== activateRequest() ==========
10-26 10:36:40.434   36707-41742   A00000/org.map...ineFileSource  org.maplibre.harmony  I     URL: https://demotiles.maplibre.org/tiles/0/0/0.pbf
10-26 10:36:40.434   36707-41742   A00000/org.map...ineFileSource  org.maplibre.harmony  I     Online status: 1
10-26 10:36:40.434   36707-41742   A00000/org.map...ineFileSource  org.maplibre.harmony  I     Request added to activeRequests (total: 1)
10-26 10:36:40.434   36707-41742   A00000/org.map...ineFileSource  org.maplibre.harmony  I     🌐 Network is ONLINE - calling httpFileSource.request()...
10-26 10:36:40.434   36707-41742   A00000/org.map...ineFileSource  org.maplibre.harmony  I     httpFileSource address: 0x5a1ee099f8
10-26 10:36:40.434   36707-41742   A00000/org.map...ineFileSource  org.maplibre.harmony  I     httpFileSource type at request: N4mbgl14HTTPFileSourceE
10-26 10:36:40.434   36707-41742   A00000/org.map...ineFileSource  org.maplibre.harmony  I     About to call httpFileSource.request() with URL: https://demotiles.maplibre.org/tiles/0/0/0.pbf
10-26 10:36:40.434   36707-41742   A00000/org.map...ineFileSource  org.maplibre.harmony  I     🔵 BEFORE httpFileSource.request() call
10-26 10:36:40.434   36707-41742   A00000/org.map...ineFileSource  org.maplibre.harmony  I     🔵 AFTER httpFileSource.request() call
10-26 10:36:40.434   36707-41742   A00000/org.map...ineFileSource  org.maplibre.harmony  I     ✅ httpFileSource.request() SUCCESS - AsyncRequest: 0x5b2f620a00
10-26 10:36:40.434   36707-41742   A00000/org.map...ineFileSource  org.maplibre.harmony  I     activateOrQueueRequest() COMPLETE
10-26 10:36:40.434   36707-41742   A00000/org.map...harmony/Timer  org.maplibre.harmony  D     ✅ Timer callback COMPLETED
10-26 10:36:40.434   36707-41742   A00000/org.map...harmony/Timer  org.maplibre.harmony  D     Non-repeating timer - stopping after callback
10-26 10:36:40.438   36707-37075   A00000/org.map...NativeMapView  org.maplibre.harmony  D     onWillStartRenderingFrame
10-26 10:36:40.438   36707-37075   A00000/org.map...ndererBackend  org.maplibre.harmony  D     updateAssumedState: viewport=(0, 0, 3952, 5365) logical pixels
10-26 10:36:40.438   36707-37075   A00000/org.map...ndererBackend  org.maplibre.harmony  D     updateAssumedState complete
10-26 10:36:40.438   36707-37075   A00000/org.map...NativeMapView  org.maplibre.harmony  I     onPreCompileShader: shader=11, backend=0, source_length=162
10-26 10:36:40.439   36707-37076   A00000/org.map...mony/MAPLIBRE  org.maplibre.harmony  W     [WARNING] {aplibre.harmony}[OpenGL]: Error1282: glGetAttribLocation(result, location0AttribName) - /Users/yidafu/github/maplibre-native/src/mbgl/gl/context.cpp:239
10-26 10:36:40.439   36707-37076   A00000/org.map...mony/MAPLIBRE  org.maplibre.harmony  I     [INFO] {aplibre.harmony}[OpenGL]: HarmonyOS: Before link - attribute 'a_pos' location: -1 in program 3
10-26 10:36:40.439   36707-37075   A00000/org.map...NativeMapView  org.maplibre.harmony  I     onPostCompileShader: shader=11, backend=0, source_length=162
10-26 10:36:40.439   36707-37076   A00000/org.map...mony/MAPLIBRE  org.maplibre.harmony  I     [INFO] {aplibre.harmony}[OpenGL]: HarmonyOS: After link - attribute 'a_pos' correctly bound to location 0 in program 3
10-26 10:36:40.439   36707-37075   A00000/org.map...NativeMapView  org.maplibre.harmony  I     onPreCompileShader: shader=12, backend=0, source_length=162
10-26 10:36:40.439   36707-37076   A00000/org.map...mony/MAPLIBRE  org.maplibre.harmony  W     [WARNING] {aplibre.harmony}[OpenGL]: Error1282: glGetAttribLocation(result, location0AttribName) - /Users/yidafu/github/maplibre-native/src/mbgl/gl/context.cpp:239
10-26 10:36:40.439   36707-41740   C01400/org.map...OpenGLWrapper  org.maplibre.harmony  E     eglMakeCurrent error.
10-26 10:36:40.439   36707-37076   A00000/org.map...mony/MAPLIBRE  org.maplibre.harmony  I     [INFO] {aplibre.harmony}[OpenGL]: HarmonyOS: Before link - attribute 'a_pos' location: -1 in program 6
10-26 10:36:40.439   36707-41740   A00000/org.map...ndererBackend  org.maplibre.harmony  W     eglSwapBuffers failed (attempt 2/3): EGL_BAD_SURFACE
10-26 10:36:40.440   36707-37075   A00000/org.map...NativeMapView  org.maplibre.harmony  I     onPostCompileShader: shader=12, backend=0, source_length=162
10-26 10:36:40.440   36707-37076   A00000/org.map...mony/MAPLIBRE  org.maplibre.harmony  I     [INFO] {aplibre.harmony}[OpenGL]: HarmonyOS: After link - attribute 'a_pos' correctly bound to location 0 in program 6
10-26 10:36:40.441   36707-41754   C03F00/MUSL                     org.maplibre.harmony  E     get_resolv_conf_ext: 138: resolv_config return: -2 for netid 0
10-26 10:36:40.441   36707-37076   A00000/org.map...mony/MAPLIBRE  org.maplibre.harmony  W     [WARNING] {aplibre.harmony}[OpenGL]: Error1282: glGetAttribLocation(result, location0AttribName) - /Users/yidafu/github/maplibre-native/src/mbgl/gl/context.cpp:239
10-26 10:36:40.441   36707-37076   A00000/org.map...mony/MAPLIBRE  org.maplibre.harmony  I     [INFO] {aplibre.harmony}[OpenGL]: HarmonyOS: Before link - attribute 'a_pos' location: -1 in program 9
10-26 10:36:40.441   36707-41754   C03F00/MUSL                     org.maplibre.harmony  E     getaddrinfo_ext: 234: reportdnsresult: -2 in process 36707
10-26 10:36:40.441   36707-37076   A00000/org.map...mony/MAPLIBRE  org.maplibre.harmony  I     [INFO] {aplibre.harmony}[OpenGL]: HarmonyOS: After link - attribute 'a_pos' correctly bound to location 0 in program 9
10-26 10:36:40.443   36707-37041   C01406/org.map...mony/OHOS::RS  org.maplibre.harmony  I     RSUIDirector::ProcessMessages messageId:10, cmdCount:1, instanceId:100000
10-26 10:36:40.443   36707-36707   C01406/org.map...mony/OHOS::RS  org.maplibre.harmony  I     RSUIDirector::PostTask messageId:10, cmdCount:1, instanceId:100000
10-26 10:36:40.443   36707-37075   A00000/org.map...ndererBackend  org.maplibre.harmony  D     deactivate() - keeping context current for performance (single-thread mode)
10-26 10:36:40.444   36707-41747   A00000/org.map...ineFileSource  org.maplibre.harmony  I     ========== OnlineFileSource::request() ==========
10-26 10:36:40.444   36707-41747   A00000/org.map...ineFileSource  org.maplibre.harmony  I     HTTP REQUEST: url='https://demotiles.maplibre.org/tiles/3/6/3.pbf', kind=3
10-26 10:36:40.444   36707-41747   A00000/org.map...ineFileSource  org.maplibre.harmony  I     OnlineFileSource impl address: 0x5a1f671160
10-26 10:36:40.444   36707-41747   A00000/org.map...ineFileSource  org.maplibre.harmony  I     Original URL: https://demotiles.maplibre.org/tiles/3/6/3.pbf
10-26 10:36:40.444   36707-41747   A00000/org.map...ineFileSource  org.maplibre.harmony  I     Normalized URL: https://demotiles.maplibre.org/tiles/3/6/3.pbf
10-26 10:36:40.444   36707-41747   A00000/org.map...ineFileSource  org.maplibre.harmony  I     Calling impl->request()...
10-26 10:36:40.444   36707-41747   A00000/org.map...ineFileSource  org.maplibre.harmony  I     ========== OnlineFileSource::Impl::request() ==========
10-26 10:36:40.444   36707-41747   A00000/org.map...ineFileSource  org.maplibre.harmony  I     Creating FileSourceRequest for URL: https://demotiles.maplibre.org/tiles/3/6/3.pbf
10-26 10:36:40.444   36707-41747   A00000/org.map...ineFileSource  org.maplibre.harmony  I     FileSourceRequest created: 0x5a1ed6d080
10-26 10:36:40.444   36707-41747   A00000/org.map...ineFileSource  org.maplibre.harmony  I     Cancel callback set
10-26 10:36:40.444   36707-41747   A00000/org.map...ineFileSource  org.maplibre.harmony  I     Invoking OnlineFileSourceThread::request on actor...
10-26 10:36:40.444   36707-41747   A00000/org.map...ineFileSource  org.maplibre.harmony  I     Thread actor invoked successfully
10-26 10:36:40.444   36707-41747   A00000/org.map...ineFileSource  org.maplibre.harmony  I     impl->request() returned AsyncRequest: 0x5a1ed6d080
10-26 10:36:40.444   36707-41742   A00000/org.map...ineFileSource  org.maplibre.harmony  I     ========== OnlineFileSourceThread::request() ==========
10-26 10:36:40.444   36707-41742   A00000/org.map...ineFileSource  org.maplibre.harmony  I     AsyncRequest: 0x5a1ed6d080
10-26 10:36:40.444   36707-41742   A00000/org.map...ineFileSource  org.maplibre.harmony  I     Resource URL: https://demotiles.maplibre.org/tiles/3/6/3.pbf
10-26 10:36:40.444   36707-41742   A00000/org.map...ineFileSource  org.maplibre.harmony  I     Creating OnlineFileRequest...
10-26 10:36:40.444   36707-41742   A00000/org.map...ineFileSource  org.maplibre.harmony  I     ========== OnlineFileRequest CONSTRUCTOR ==========
10-26 10:36:40.444   36707-41742   A00000/org.map...ineFileSource  org.maplibre.harmony  I     URL: https://demotiles.maplibre.org/tiles/3/6/3.pbf
10-26 10:36:40.444   36707-41742   A00000/org.map...ineFileSource  org.maplibre.harmony  I     Kind: 3, Priority: 0
10-26 10:36:40.444   36707-41742   A00000/org.map...ineFileSource  org.maplibre.harmony  I     ========== OnlineFileSourceThread::add() ==========
10-26 10:36:40.444   36707-41742   A00000/org.map...ineFileSource  org.maplibre.harmony  I     Request URL: https://demotiles.maplibre.org/tiles/3/6/3.pbf
10-26 10:36:40.444   36707-41742   A00000/org.map...ineFileSource  org.maplibre.harmony  I     Total requests in allRequests: 4
10-26 10:36:40.444   36707-41742   A00000/org.map...ineFileSource  org.maplibre.harmony  I     No resourceTransform - activating request directly
10-26 10:36:40.444   36707-41742   A00000/org.map...ineFileSource  org.maplibre.harmony  I     ========== OnlineFileRequest::activate() ==========
10-26 10:36:40.444   36707-41742   A00000/org.map...ineFileSource  org.maplibre.harmony  I     URL: https://demotiles.maplibre.org/tiles/3/6/3.pbf
10-26 10:36:40.444   36707-41742   A00000/org.map...ineFileSource  org.maplibre.harmony  I     Has priorExpires - timeout: 0 ms
10-26 10:36:40.444   36707-41742   A00000/org.map...ineFileSource  org.maplibre.harmony  I     ========== OnlineFileRequest::schedule() ==========
10-26 10:36:40.444   36707-41742   A00000/org.map...ineFileSource  org.maplibre.harmony  I     URL: https://demotiles.maplibre.org/tiles/3/6/3.pbf
10-26 10:36:40.444   36707-41742   A00000/org.map...ineFileSource  org.maplibre.harmony  I     Timeout: 0 ms
10-26 10:36:40.444   36707-41742   A00000/org.map...ineFileSource  org.maplibre.harmony  I     NetworkStatus is ONLINE
10-26 10:36:40.444   36707-41742   A00000/org.map...ineFileSource  org.maplibre.harmony  I     Starting timer with timeout=0 ms, will call activateOrQueueRequest
10-26 10:36:40.444   36707-41742   A00000/org.map...harmony/Timer  org.maplibre.harmony  D     Timer started: timeout=<private> ms, repeat=<private> ms, runLoop=<private>
10-26 10:36:40.444   36707-41742   A00000/org.map...ineFileSource  org.maplibre.harmony  I     Timer started successfully
10-26 10:36:40.444   36707-41742   A00000/org.map...ineFileSource  org.maplibre.harmony  I     OnlineFileRequest added to impl
10-26 10:36:40.444   36707-41742   A00000/org.map...ineFileSource  org.maplibre.harmony  I     OnlineFileRequest created and stored in tasks map (total tasks: 4)
10-26 10:36:40.444   36707-41753   A00000/org.map...harmony/Timer  org.maplibre.harmony  D     Timer thread exiting
10-26 10:36:40.444   36707-41755   A00000/org.map...harmony/Timer  org.maplibre.harmony  D     Timer fired - dispatching callback to RunLoop thread
10-26 10:36:40.445   36707-41755   A00000/org.map...harmony/Timer  org.maplibre.harmony  D     RunLoop address: <private>, has callback: <private>
10-26 10:36:40.445   36707-41755   A00000/org.map...harmony/Timer  org.maplibre.harmony  D     runLoop->invoke() returned
10-26 10:36:40.445   36707-41742   A00000/org.map...harmony/Timer  org.maplibre.harmony  D     ⭐ INSIDE INVOKE LAMBDA - about to execute timer callback
10-26 10:36:40.445   36707-41742   A00000/org.map...harmony/Timer  org.maplibre.harmony  D     ✅ Executing timer callback on RunLoop thread
10-26 10:36:40.445   36707-41742   A00000/org.map...ineFileSource  org.maplibre.harmony  I     ========== activateOrQueueRequest() ==========
10-26 10:36:40.445   36707-41742   A00000/org.map...ineFileSource  org.maplibre.harmony  I     Request: 0x5b2f7ddb00
10-26 10:36:40.445   36707-41742   A00000/org.map...ineFileSource  org.maplibre.harmony  I     Active requests: 1, Max concurrent: 20
10-26 10:36:40.445   36707-41742   A00000/org.map...ineFileSource  org.maplibre.harmony  I     Queue has space - activating request NOW
10-26 10:36:40.445   36707-41742   A00000/org.map...ineFileSource  org.maplibre.harmony  I     ========== activateRequest() ==========
10-26 10:36:40.445   36707-41742   A00000/org.map...ineFileSource  org.maplibre.harmony  I     URL: https://demotiles.maplibre.org/tiles/3/6/3.pbf
10-26 10:36:40.445   36707-41742   A00000/org.map...ineFileSource  org.maplibre.harmony  I     Online status: 1
10-26 10:36:40.445   36707-41742   A00000/org.map...ineFileSource  org.maplibre.harmony  I     Request added to activeRequests (total: 2)
10-26 10:36:40.445   36707-41742   A00000/org.map...ineFileSource  org.maplibre.harmony  I     🌐 Network is ONLINE - calling httpFileSource.request()...
10-26 10:36:40.445   36707-41742   A00000/org.map...ineFileSource  org.maplibre.harmony  I     httpFileSource address: 0x5a1ee099f8
10-26 10:36:40.445   36707-41742   A00000/org.map...ineFileSource  org.maplibre.harmony  I     httpFileSource type at request: N4mbgl14HTTPFileSourceE
10-26 10:36:40.445   36707-41742   A00000/org.map...ineFileSource  org.maplibre.harmony  I     About to call httpFileSource.request() with URL: https://demotiles.maplibre.org/tiles/3/6/3.pbf
10-26 10:36:40.445   36707-41742   A00000/org.map...ineFileSource  org.maplibre.harmony  I     🔵 BEFORE httpFileSource.request() call
10-26 10:36:40.445   36707-41742   A00000/org.map...ineFileSource  org.maplibre.harmony  I     🔵 AFTER httpFileSource.request() call
10-26 10:36:40.445   36707-41742   A00000/org.map...ineFileSource  org.maplibre.harmony  I     ✅ httpFileSource.request() SUCCESS - AsyncRequest: 0x5b2f621400
10-26 10:36:40.445   36707-41742   A00000/org.map...ineFileSource  org.maplibre.harmony  I     activateOrQueueRequest() COMPLETE
10-26 10:36:40.445   36707-41742   A00000/org.map...harmony/Timer  org.maplibre.harmony  D     ✅ Timer callback COMPLETED
10-26 10:36:40.445   36707-41742   A00000/org.map...harmony/Timer  org.maplibre.harmony  D     Non-repeating timer - stopping after callback
10-26 10:36:40.450   36707-41740   C01400/org.map...OpenGLWrapper  org.maplibre.harmony  E     eglMakeCurrent error.
10-26 10:36:40.450   36707-41740   A00000/org.map...ndererBackend  org.maplibre.harmony  W     eglSwapBuffers failed (attempt 3/3): EGL_BAD_SURFACE
10-26 10:36:40.450   36707-41740   A00000/org.map...ndererBackend  org.maplibre.harmony  E     eglSwapBuffers failed after 3 attempts: EGL_SUCCESS
10-26 10:36:40.451   36707-41740   A00000/org.map...ndererBackend  org.maplibre.harmony  D     deactivate() - keeping context current for performance (single-thread mode)
10-26 10:36:40.451   36707-41740   A00000/org.map...dererFrontend  org.maplibre.harmony  E     Render failed: eglSwapBuffers failed: EGL buffer allocation failed - Pausing to prevent crash
10-26 10:36:40.451   36707-41740   A00000/org.map...NativeMapView  org.maplibre.harmony  W     🔄 [672364 ms] onSourceChanged #1: maplibre (type=0)
10-26 10:36:40.451   36707-41740   A00000/org.map...ndererBackend  org.maplibre.harmony  D     activate() - making context current (display=0x5a0b437420, surface=0x5a1f494d20, context=0x5b317b99c0)
10-26 10:36:40.451   36707-41740   C01400/org.map...OpenGLWrapper  org.maplibre.harmony  E     eglMakeCurrent error.
10-26 10:36:40.451   36707-41740   A00000/org.map...ndererBackend  org.maplibre.harmony  E     activate() FAILED to make context current: EGL_BAD_ACCESS (error code: 0x3002)
10-26 10:36:40.453   36707-41747   A00000/org.map...ineFileSource  org.maplibre.harmony  I     ========== OnlineFileSource::request() ==========
10-26 10:36:40.453   36707-41747   A00000/org.map...ineFileSource  org.maplibre.harmony  I     HTTP REQUEST: url='https://demotiles.maplibre.org/tiles/3/6/2.pbf', kind=3
10-26 10:36:40.453   36707-41747   A00000/org.map...ineFileSource  org.maplibre.harmony  I     OnlineFileSource impl address: 0x5a1f671160
10-26 10:36:40.453   36707-41747   A00000/org.map...ineFileSource  org.maplibre.harmony  I     Original URL: https://demotiles.maplibre.org/tiles/3/6/2.pbf
10-26 10:36:40.453   36707-41747   A00000/org.map...ineFileSource  org.maplibre.harmony  I     Normalized URL: https://demotiles.maplibre.org/tiles/3/6/2.pbf
10-26 10:36:40.453   36707-41747   A00000/org.map...ineFileSource  org.maplibre.harmony  I     Calling impl->request()...
10-26 10:36:40.453   36707-41747   A00000/org.map...ineFileSource  org.maplibre.harmony  I     ========== OnlineFileSource::Impl::request() ==========
10-26 10:36:40.453   36707-41747   A00000/org.map...ineFileSource  org.maplibre.harmony  I     Creating FileSourceRequest for URL: https://demotiles.maplibre.org/tiles/3/6/2.pbf
10-26 10:36:40.453   36707-41747   A00000/org.map...ineFileSource  org.maplibre.harmony  I     FileSourceRequest created: 0x5a1e6f9100
10-26 10:36:40.453   36707-41747   A00000/org.map...ineFileSource  org.maplibre.harmony  I     Cancel callback set
10-26 10:36:40.453   36707-41747   A00000/org.map...ineFileSource  org.maplibre.harmony  I     Invoking OnlineFileSourceThread::request on actor...
10-26 10:36:40.453   36707-41747   A00000/org.map...ineFileSource  org.maplibre.harmony  I     Thread actor invoked successfully
10-26 10:36:40.453   36707-41747   A00000/org.map...ineFileSource  org.maplibre.harmony  I     impl->request() returned AsyncRequest: 0x5a1e6f9100
10-26 10:36:40.453   36707-41742   A00000/org.map...ineFileSource  org.maplibre.harmony  I     ========== OnlineFileSourceThread::request() ==========
10-26 10:36:40.453   36707-41742   A00000/org.map...ineFileSource  org.maplibre.harmony  I     AsyncRequest: 0x5a1e6f9100
10-26 10:36:40.453   36707-41742   A00000/org.map...ineFileSource  org.maplibre.harmony  I     Resource URL: https://demotiles.maplibre.org/tiles/3/6/2.pbf
10-26 10:36:40.453   36707-41742   A00000/org.map...ineFileSource  org.maplibre.harmony  I     Creating OnlineFileRequest...
10-26 10:36:40.453   36707-41742   A00000/org.map...ineFileSource  org.maplibre.harmony  I     ========== OnlineFileRequest CONSTRUCTOR ==========
10-26 10:36:40.453   36707-41742   A00000/org.map...ineFileSource  org.maplibre.harmony  I     URL: https://demotiles.maplibre.org/tiles/3/6/2.pbf
10-26 10:36:40.453   36707-41742   A00000/org.map...ineFileSource  org.maplibre.harmony  I     Kind: 3, Priority: 0
10-26 10:36:40.453   36707-41742   A00000/org.map...ineFileSource  org.maplibre.harmony  I     ========== OnlineFileSourceThread::add() ==========
10-26 10:36:40.453   36707-41742   A00000/org.map...ineFileSource  org.maplibre.harmony  I     Request URL: https://demotiles.maplibre.org/tiles/3/6/2.pbf
10-26 10:36:40.453   36707-41742   A00000/org.map...ineFileSource  org.maplibre.harmony  I     Total requests in allRequests: 5
10-26 10:36:40.453   36707-41742   A00000/org.map...ineFileSource  org.maplibre.harmony  I     No resourceTransform - activating request directly
10-26 10:36:40.453   36707-41742   A00000/org.map...ineFileSource  org.maplibre.harmony  I     ========== OnlineFileRequest::activate() ==========
10-26 10:36:40.453   36707-41742   A00000/org.map...ineFileSource  org.maplibre.harmony  I     URL: https://demotiles.maplibre.org/tiles/3/6/2.pbf
10-26 10:36:40.453   36707-41742   A00000/org.map...ineFileSource  org.maplibre.harmony  I     Has priorExpires - timeout: 0 ms
10-26 10:36:40.453   36707-41742   A00000/org.map...ineFileSource  org.maplibre.harmony  I     ========== OnlineFileRequest::schedule() ==========
10-26 10:36:40.453   36707-41742   A00000/org.map...ineFileSource  org.maplibre.harmony  I     URL: https://demotiles.maplibre.org/tiles/3/6/2.pbf
10-26 10:36:40.453   36707-41742   A00000/org.map...ineFileSource  org.maplibre.harmony  I     Timeout: 0 ms
10-26 10:36:40.453   36707-41742   A00000/org.map...ineFileSource  org.maplibre.harmony  I     NetworkStatus is ONLINE
10-26 10:36:40.453   36707-41742   A00000/org.map...ineFileSource  org.maplibre.harmony  I     Starting timer with timeout=0 ms, will call activateOrQueueRequest
10-26 10:36:40.453   36707-41742   A00000/org.map...harmony/Timer  org.maplibre.harmony  D     Timer started: timeout=<private> ms, repeat=<private> ms, runLoop=<private>
10-26 10:36:40.454   36707-41742   A00000/org.map...ineFileSource  org.maplibre.harmony  I     Timer started successfully
10-26 10:36:40.454   36707-41742   A00000/org.map...ineFileSource  org.maplibre.harmony  I     OnlineFileRequest added to impl
10-26 10:36:40.454   36707-41742   A00000/org.map...ineFileSource  org.maplibre.harmony  I     OnlineFileRequest created and stored in tasks map (total tasks: 5)
10-26 10:36:40.454   36707-41756   A00000/org.map...harmony/Timer  org.maplibre.harmony  D     Timer fired - dispatching callback to RunLoop thread
10-26 10:36:40.454   36707-41756   A00000/org.map...harmony/Timer  org.maplibre.harmony  D     RunLoop address: <private>, has callback: <private>
10-26 10:36:40.454   36707-41756   A00000/org.map...harmony/Timer  org.maplibre.harmony  D     runLoop->invoke() returned
10-26 10:36:40.454   36707-41742   A00000/org.map...harmony/Timer  org.maplibre.harmony  D     ⭐ INSIDE INVOKE LAMBDA - about to execute timer callback
10-26 10:36:40.454   36707-41742   A00000/org.map...harmony/Timer  org.maplibre.harmony  D     ✅ Executing timer callback on RunLoop thread
10-26 10:36:40.454   36707-41742   A00000/org.map...ineFileSource  org.maplibre.harmony  I     ========== activateOrQueueRequest() ==========
10-26 10:36:40.454   36707-41742   A00000/org.map...ineFileSource  org.maplibre.harmony  I     Request: 0x5b2f7dc000
10-26 10:36:40.454   36707-41742   A00000/org.map...ineFileSource  org.maplibre.harmony  I     Active requests: 2, Max concurrent: 20
10-26 10:36:40.454   36707-41742   A00000/org.map...ineFileSource  org.maplibre.harmony  I     Queue has space - activating request NOW
10-26 10:36:40.454   36707-41742   A00000/org.map...ineFileSource  org.maplibre.harmony  I     ========== activateRequest() ==========
10-26 10:36:40.454   36707-41742   A00000/org.map...ineFileSource  org.maplibre.harmony  I     URL: https://demotiles.maplibre.org/tiles/3/6/2.pbf
10-26 10:36:40.454   36707-41742   A00000/org.map...ineFileSource  org.maplibre.harmony  I     Online status: 1
10-26 10:36:40.454   36707-41742   A00000/org.map...ineFileSource  org.maplibre.harmony  I     Request added to activeRequests (total: 3)
10-26 10:36:40.454   36707-41742   A00000/org.map...ineFileSource  org.maplibre.harmony  I     🌐 Network is ONLINE - calling httpFileSource.request()...
10-26 10:36:40.454   36707-41742   A00000/org.map...ineFileSource  org.maplibre.harmony  I     httpFileSource address: 0x5a1ee099f8
10-26 10:36:40.454   36707-41742   A00000/org.map...ineFileSource  org.maplibre.harmony  I     httpFileSource type at request: N4mbgl14HTTPFileSourceE
10-26 10:36:40.454   36707-41742   A00000/org.map...ineFileSource  org.maplibre.harmony  I     About to call httpFileSource.request() with URL: https://demotiles.maplibre.org/tiles/3/6/2.pbf
10-26 10:36:40.454   36707-41742   A00000/org.map...ineFileSource  org.maplibre.harmony  I     🔵 BEFORE httpFileSource.request() call
10-26 10:36:40.454   36707-41742   A00000/org.map...ineFileSource  org.maplibre.harmony  I     🔵 AFTER httpFileSource.request() call
10-26 10:36:40.454   36707-41742   A00000/org.map...ineFileSource  org.maplibre.harmony  I     ✅ httpFileSource.request() SUCCESS - AsyncRequest: 0x5b2f620780
10-26 10:36:40.454   36707-41742   A00000/org.map...ineFileSource  org.maplibre.harmony  I     activateOrQueueRequest() COMPLETE
10-26 10:36:40.454   36707-41742   A00000/org.map...harmony/Timer  org.maplibre.harmony  D     ✅ Timer callback COMPLETED
10-26 10:36:40.454   36707-41742   A00000/org.map...harmony/Timer  org.maplibre.harmony  D     Non-repeating timer - stopping after callback
10-26 10:36:40.455   36707-41755   A00000/org.map...harmony/Timer  org.maplibre.harmony  D     Timer thread exiting
10-26 10:36:40.455   36707-41740   A00000/org.map...NativeMapView  org.maplibre.harmony  D     onWillStartRenderingFrame
10-26 10:36:40.455   36707-41740   A00000/org.map...ndererBackend  org.maplibre.harmony  D     updateAssumedState: viewport=(0, 0, 3952, 5365) logical pixels
10-26 10:36:40.455   36707-41740   A00000/org.map...ndererBackend  org.maplibre.harmony  D     updateAssumedState complete
10-26 10:36:40.459   36707-41747   A00000/org.map...ineFileSource  org.maplibre.harmony  I     ========== OnlineFileSource::request() ==========
10-26 10:36:40.459   36707-41747   A00000/org.map...ineFileSource  org.maplibre.harmony  I     HTTP REQUEST: url='https://demotiles.maplibre.org/tiles/3/7/3.pbf', kind=3
10-26 10:36:40.459   36707-41747   A00000/org.map...ineFileSource  org.maplibre.harmony  I     OnlineFileSource impl address: 0x5a1f671160
10-26 10:36:40.459   36707-41747   A00000/org.map...ineFileSource  org.maplibre.harmony  I     Original URL: https://demotiles.maplibre.org/tiles/3/7/3.pbf
10-26 10:36:40.459   36707-41747   A00000/org.map...ineFileSource  org.maplibre.harmony  I     Normalized URL: https://demotiles.maplibre.org/tiles/3/7/3.pbf
10-26 10:36:40.459   36707-41747   A00000/org.map...ineFileSource  org.maplibre.harmony  I     Calling impl->request()...
10-26 10:36:40.459   36707-41747   A00000/org.map...ineFileSource  org.maplibre.harmony  I     ========== OnlineFileSource::Impl::request() ==========
10-26 10:36:40.459   36707-41747   A00000/org.map...ineFileSource  org.maplibre.harmony  I     Creating FileSourceRequest for URL: https://demotiles.maplibre.org/tiles/3/7/3.pbf
10-26 10:36:40.459   36707-41747   A00000/org.map...ineFileSource  org.maplibre.harmony  I     FileSourceRequest created: 0x5a1ecbf480
10-26 10:36:40.459   36707-41747   A00000/org.map...ineFileSource  org.maplibre.harmony  I     Cancel callback set
10-26 10:36:40.459   36707-41747   A00000/org.map...ineFileSource  org.maplibre.harmony  I     Invoking OnlineFileSourceThread::request on actor...
10-26 10:36:40.459   36707-41747   A00000/org.map...ineFileSource  org.maplibre.harmony  I     Thread actor invoked successfully
10-26 10:36:40.459   36707-41747   A00000/org.map...ineFileSource  org.maplibre.harmony  I     impl->request() returned AsyncRequest: 0x5a1ecbf480
10-26 10:36:40.459   36707-41742   A00000/org.map...ineFileSource  org.maplibre.harmony  I     ========== OnlineFileSourceThread::request() ==========
10-26 10:36:40.459   36707-41742   A00000/org.map...ineFileSource  org.maplibre.harmony  I     AsyncRequest: 0x5a1ecbf480
10-26 10:36:40.459   36707-41742   A00000/org.map...ineFileSource  org.maplibre.harmony  I     Resource URL: https://demotiles.maplibre.org/tiles/3/7/3.pbf
10-26 10:36:40.459   36707-41742   A00000/org.map...ineFileSource  org.maplibre.harmony  I     Creating OnlineFileRequest...
10-26 10:36:40.459   36707-41742   A00000/org.map...ineFileSource  org.maplibre.harmony  I     ========== OnlineFileRequest CONSTRUCTOR ==========
10-26 10:36:40.459   36707-41742   A00000/org.map...ineFileSource  org.maplibre.harmony  I     URL: https://demotiles.maplibre.org/tiles/3/7/3.pbf
10-26 10:36:40.459   36707-41742   A00000/org.map...ineFileSource  org.maplibre.harmony  I     Kind: 3, Priority: 0
10-26 10:36:40.459   36707-41742   A00000/org.map...ineFileSource  org.maplibre.harmony  I     ========== OnlineFileSourceThread::add() ==========
10-26 10:36:40.459   36707-41742   A00000/org.map...ineFileSource  org.maplibre.harmony  I     Request URL: https://demotiles.maplibre.org/tiles/3/7/3.pbf
10-26 10:36:40.459   36707-41742   A00000/org.map...ineFileSource  org.maplibre.harmony  I     Total requests in allRequests: 6
10-26 10:36:40.459   36707-41742   A00000/org.map...ineFileSource  org.maplibre.harmony  I     No resourceTransform - activating request directly
10-26 10:36:40.459   36707-41742   A00000/org.map...ineFileSource  org.maplibre.harmony  I     ========== OnlineFileRequest::activate() ==========
10-26 10:36:40.459   36707-41742   A00000/org.map...ineFileSource  org.maplibre.harmony  I     URL: https://demotiles.maplibre.org/tiles/3/7/3.pbf
10-26 10:36:40.459   36707-41742   A00000/org.map...ineFileSource  org.maplibre.harmony  I     Has priorExpires - timeout: 0 ms
10-26 10:36:40.459   36707-41742   A00000/org.map...ineFileSource  org.maplibre.harmony  I     ========== OnlineFileRequest::schedule() ==========
10-26 10:36:40.459   36707-41742   A00000/org.map...ineFileSource  org.maplibre.harmony  I     URL: https://demotiles.maplibre.org/tiles/3/7/3.pbf
10-26 10:36:40.459   36707-41742   A00000/org.map...ineFileSource  org.maplibre.harmony  I     Timeout: 0 ms
10-26 10:36:40.460   36707-41742   A00000/org.map...ineFileSource  org.maplibre.harmony  I     NetworkStatus is ONLINE
10-26 10:36:40.460   36707-41742   A00000/org.map...ineFileSource  org.maplibre.harmony  I     Starting timer with timeout=0 ms, will call activateOrQueueRequest
10-26 10:36:40.460   36707-41742   A00000/org.map...harmony/Timer  org.maplibre.harmony  D     Timer started: timeout=<private> ms, repeat=<private> ms, runLoop=<private>
10-26 10:36:40.462   36707-41742   A00000/org.map...ineFileSource  org.maplibre.harmony  I     Timer started successfully
10-26 10:36:40.462   36707-41742   A00000/org.map...ineFileSource  org.maplibre.harmony  I     OnlineFileRequest added to impl
10-26 10:36:40.462   36707-41742   A00000/org.map...ineFileSource  org.maplibre.harmony  I     OnlineFileRequest created and stored in tasks map (total tasks: 6)
10-26 10:36:40.462   36707-41757   A00000/org.map...harmony/Timer  org.maplibre.harmony  D     Timer fired - dispatching callback to RunLoop thread
10-26 10:36:40.462   36707-41757   A00000/org.map...harmony/Timer  org.maplibre.harmony  D     RunLoop address: <private>, has callback: <private>
10-26 10:36:40.462   36707-41757   A00000/org.map...harmony/Timer  org.maplibre.harmony  D     runLoop->invoke() returned
10-26 10:36:40.462   36707-41742   A00000/org.map...harmony/Timer  org.maplibre.harmony  D     ⭐ INSIDE INVOKE LAMBDA - about to execute timer callback
10-26 10:36:40.462   36707-41742   A00000/org.map...harmony/Timer  org.maplibre.harmony  D     ✅ Executing timer callback on RunLoop thread
10-26 10:36:40.462   36707-41742   A00000/org.map...ineFileSource  org.maplibre.harmony  I     ========== activateOrQueueRequest() ==========
10-26 10:36:40.462   36707-41742   A00000/org.map...ineFileSource  org.maplibre.harmony  I     Request: 0x5b2f7dc480
10-26 10:36:40.462   36707-41742   A00000/org.map...ineFileSource  org.maplibre.harmony  I     Active requests: 3, Max concurrent: 20
10-26 10:36:40.462   36707-41742   A00000/org.map...ineFileSource  org.maplibre.harmony  I     Queue has space - activating request NOW
10-26 10:36:40.462   36707-41742   A00000/org.map...ineFileSource  org.maplibre.harmony  I     ========== activateRequest() ==========
10-26 10:36:40.462   36707-41742   A00000/org.map...ineFileSource  org.maplibre.harmony  I     URL: https://demotiles.maplibre.org/tiles/3/7/3.pbf
10-26 10:36:40.462   36707-41742   A00000/org.map...ineFileSource  org.maplibre.harmony  I     Online status: 1
10-26 10:36:40.462   36707-41742   A00000/org.map...ineFileSource  org.maplibre.harmony  I     Request added to activeRequests (total: 4)
10-26 10:36:40.462   36707-41742   A00000/org.map...ineFileSource  org.maplibre.harmony  I     🌐 Network is ONLINE - calling httpFileSource.request()...
10-26 10:36:40.462   36707-41742   A00000/org.map...ineFileSource  org.maplibre.harmony  I     httpFileSource address: 0x5a1ee099f8
10-26 10:36:40.462   36707-41742   A00000/org.map...ineFileSource  org.maplibre.harmony  I     httpFileSource type at request: N4mbgl14HTTPFileSourceE
10-26 10:36:40.462   36707-41742   A00000/org.map...ineFileSource  org.maplibre.harmony  I     About to call httpFileSource.request() with URL: https://demotiles.maplibre.org/tiles/3/7/3.pbf
10-26 10:36:40.462   36707-41742   A00000/org.map...ineFileSource  org.maplibre.harmony  I     🔵 BEFORE httpFileSource.request() call
10-26 10:36:40.462   36707-41742   A00000/org.map...ineFileSource  org.maplibre.harmony  I     🔵 AFTER httpFileSource.request() call
10-26 10:36:40.462   36707-41742   A00000/org.map...ineFileSource  org.maplibre.harmony  I     ✅ httpFileSource.request() SUCCESS - AsyncRequest: 0x5b2f620f00
10-26 10:36:40.462   36707-41742   A00000/org.map...ineFileSource  org.maplibre.harmony  I     activateOrQueueRequest() COMPLETE
10-26 10:36:40.462   36707-41742   A00000/org.map...harmony/Timer  org.maplibre.harmony  D     ✅ Timer callback COMPLETED
10-26 10:36:40.462   36707-41742   A00000/org.map...harmony/Timer  org.maplibre.harmony  D     Non-repeating timer - stopping after callback
10-26 10:36:40.463   36707-41748   A00000/org.map...rmony/Network  org.maplibre.harmony  W     Request completed with error: Couldn't resolve host name
10-26 10:36:40.464   36707-41748   A00000/org.map...rmony/Network  org.maplibre.harmony  W     Request failed: Couldn't resolve host name
10-26 10:36:40.464   36707-41748   A00000/org.map...ineFileSource  org.maplibre.harmony  I     ========== HTTP RESPONSE CALLBACK ==========
10-26 10:36:40.464   36707-41748   A00000/org.map...ineFileSource  org.maplibre.harmony  I     URL: https://demotiles.maplibre.org/tiles/0/0/0.pbf
10-26 10:36:40.464   36707-41748   A00000/org.map...ineFileSource  org.maplibre.harmony  I     ⚠️ Response has ERROR: reason=4, message=Couldn't resolve host name: Could not resolve host: demotiles.maplibre.org
10-26 10:36:40.464   36707-41756   A00000/org.map...harmony/Timer  org.maplibre.harmony  D     Timer thread exiting
10-26 10:36:40.465   36707-41760   C03F00/MUSL                     org.maplibre.harmony  E     get_resolv_conf_ext: 138: resolv_config return: -2 for netid 0
10-26 10:36:40.465   36707-41760   C03F00/MUSL                     org.maplibre.harmony  E     getaddrinfo_ext: 234: reportdnsresult: -2 in process 36707
10-26 10:36:40.465   36707-41747   A00000/org.map...ineFileSource  org.maplibre.harmony  I     ========== OnlineFileSource::request() ==========
10-26 10:36:40.465   36707-41747   A00000/org.map...ineFileSource  org.maplibre.harmony  I     HTTP REQUEST: url='https://demotiles.maplibre.org/tiles/3/7/2.pbf', kind=3
10-26 10:36:40.465   36707-41747   A00000/org.map...ineFileSource  org.maplibre.harmony  I     OnlineFileSource impl address: 0x5a1f671160
10-26 10:36:40.465   36707-41747   A00000/org.map...ineFileSource  org.maplibre.harmony  I     Original URL: https://demotiles.maplibre.org/tiles/3/7/2.pbf
10-26 10:36:40.465   36707-41747   A00000/org.map...ineFileSource  org.maplibre.harmony  I     Normalized URL: https://demotiles.maplibre.org/tiles/3/7/2.pbf
10-26 10:36:40.465   36707-41747   A00000/org.map...ineFileSource  org.maplibre.harmony  I     Calling impl->request()...
10-26 10:36:40.465   36707-41747   A00000/org.map...ineFileSource  org.maplibre.harmony  I     ========== OnlineFileSource::Impl::request() ==========
10-26 10:36:40.465   36707-41747   A00000/org.map...ineFileSource  org.maplibre.harmony  I     Creating FileSourceRequest for URL: https://demotiles.maplibre.org/tiles/3/7/2.pbf
10-26 10:36:40.465   36707-41747   A00000/org.map...ineFileSource  org.maplibre.harmony  I     FileSourceRequest created: 0x5a1e440280
10-26 10:36:40.465   36707-41747   A00000/org.map...ineFileSource  org.maplibre.harmony  I     Cancel callback set
10-26 10:36:40.465   36707-41747   A00000/org.map...ineFileSource  org.maplibre.harmony  I     Invoking OnlineFileSourceThread::request on actor...
10-26 10:36:40.465   36707-41747   A00000/org.map...ineFileSource  org.maplibre.harmony  I     Thread actor invoked successfully
10-26 10:36:40.465   36707-41747   A00000/org.map...ineFileSource  org.maplibre.harmony  I     impl->request() returned AsyncRequest: 0x5a1e440280
10-26 10:36:40.465   36707-41759   C03F00/MUSL                     org.maplibre.harmony  E     get_resolv_conf_ext: 138: resolv_config return: -2 for netid 0
10-26 10:36:40.465   36707-41759   C03F00/MUSL                     org.maplibre.harmony  E     getaddrinfo_ext: 234: reportdnsresult: -2 in process 36707
10-26 10:36:40.466   36707-41758   C03F00/MUSL                     org.maplibre.harmony  E     get_resolv_conf_ext: 138: resolv_config return: -2 for netid 0
10-26 10:36:40.466   36707-41758   C03F00/MUSL                     org.maplibre.harmony  E     getaddrinfo_ext: 234: reportdnsresult: -2 in process 36707
10-26 10:36:40.466   36707-41742   A00000/org.map...ineFileSource  org.maplibre.harmony  I     ========== OnlineFileSourceThread::request() ==========
10-26 10:36:40.466   36707-41742   A00000/org.map...ineFileSource  org.maplibre.harmony  I     AsyncRequest: 0x5a1e440280
10-26 10:36:40.466   36707-41742   A00000/org.map...ineFileSource  org.maplibre.harmony  I     Resource URL: https://demotiles.maplibre.org/tiles/3/7/2.pbf
10-26 10:36:40.466   36707-41742   A00000/org.map...ineFileSource  org.maplibre.harmony  I     Creating OnlineFileRequest...
10-26 10:36:40.466   36707-41742   A00000/org.map...ineFileSource  org.maplibre.harmony  I     ========== OnlineFileRequest CONSTRUCTOR ==========
10-26 10:36:40.466   36707-41742   A00000/org.map...ineFileSource  org.maplibre.harmony  I     URL: https://demotiles.maplibre.org/tiles/3/7/2.pbf
10-26 10:36:40.466   36707-41742   A00000/org.map...ineFileSource  org.maplibre.harmony  I     Kind: 3, Priority: 0
10-26 10:36:40.466   36707-41742   A00000/org.map...ineFileSource  org.maplibre.harmony  I     ========== OnlineFileSourceThread::add() ==========
10-26 10:36:40.466   36707-41742   A00000/org.map...ineFileSource  org.maplibre.harmony  I     Request URL: https://demotiles.maplibre.org/tiles/3/7/2.pbf
10-26 10:36:40.466   36707-41742   A00000/org.map...ineFileSource  org.maplibre.harmony  I     Total requests in allRequests: 7
10-26 10:36:40.466   36707-41742   A00000/org.map...ineFileSource  org.maplibre.harmony  I     No resourceTransform - activating request directly
10-26 10:36:40.466   36707-41742   A00000/org.map...ineFileSource  org.maplibre.harmony  I     ========== OnlineFileRequest::activate() ==========
10-26 10:36:40.466   36707-41742   A00000/org.map...ineFileSource  org.maplibre.harmony  I     URL: https://demotiles.maplibre.org/tiles/3/7/2.pbf
10-26 10:36:40.466   36707-41742   A00000/org.map...ineFileSource  org.maplibre.harmony  I     Has priorExpires - timeout: 0 ms
10-26 10:36:40.466   36707-41742   A00000/org.map...ineFileSource  org.maplibre.harmony  I     ========== OnlineFileRequest::schedule() ==========
10-26 10:36:40.466   36707-41742   A00000/org.map...ineFileSource  org.maplibre.harmony  I     URL: https://demotiles.maplibre.org/tiles/3/7/2.pbf
10-26 10:36:40.466   36707-41742   A00000/org.map...ineFileSource  org.maplibre.harmony  I     Timeout: 0 ms
10-26 10:36:40.466   36707-41742   A00000/org.map...ineFileSource  org.maplibre.harmony  I     NetworkStatus is ONLINE
10-26 10:36:40.466   36707-41742   A00000/org.map...ineFileSource  org.maplibre.harmony  I     Starting timer with timeout=0 ms, will call activateOrQueueRequest
10-26 10:36:40.466   36707-41742   A00000/org.map...harmony/Timer  org.maplibre.harmony  D     Timer started: timeout=<private> ms, repeat=<private> ms, runLoop=<private>
10-26 10:36:40.467   36707-41761   A00000/org.map...harmony/Timer  org.maplibre.harmony  D     Timer fired - dispatching callback to RunLoop thread
10-26 10:36:40.468   36707-41761   A00000/org.map...harmony/Timer  org.maplibre.harmony  D     RunLoop address: <private>, has callback: <private>
10-26 10:36:40.468   36707-41761   A00000/org.map...harmony/Timer  org.maplibre.harmony  D     runLoop->invoke() returned
10-26 10:36:40.468   36707-41742   A00000/org.map...ineFileSource  org.maplibre.harmony  I     Timer started successfully
10-26 10:36:40.468   36707-41742   A00000/org.map...ineFileSource  org.maplibre.harmony  I     OnlineFileRequest added to impl
10-26 10:36:40.468   36707-41742   A00000/org.map...ineFileSource  org.maplibre.harmony  I     OnlineFileRequest created and stored in tasks map (total tasks: 7)
10-26 10:36:40.468   36707-41742   A00000/org.map...harmony/Timer  org.maplibre.harmony  D     ⭐ INSIDE INVOKE LAMBDA - about to execute timer callback
10-26 10:36:40.468   36707-41742   A00000/org.map...harmony/Timer  org.maplibre.harmony  D     ✅ Executing timer callback on RunLoop thread
10-26 10:36:40.468   36707-41742   A00000/org.map...ineFileSource  org.maplibre.harmony  I     ========== activateOrQueueRequest() ==========
10-26 10:36:40.468   36707-41742   A00000/org.map...ineFileSource  org.maplibre.harmony  I     Request: 0x5b2f7dc180
10-26 10:36:40.468   36707-41742   A00000/org.map...ineFileSource  org.maplibre.harmony  I     Active requests: 3, Max concurrent: 20
10-26 10:36:40.468   36707-41742   A00000/org.map...ineFileSource  org.maplibre.harmony  I     Queue has space - activating request NOW
10-26 10:36:40.468   36707-41742   A00000/org.map...ineFileSource  org.maplibre.harmony  I     ========== activateRequest() ==========
10-26 10:36:40.468   36707-41742   A00000/org.map...ineFileSource  org.maplibre.harmony  I     URL: https://demotiles.maplibre.org/tiles/3/7/2.pbf
10-26 10:36:40.468   36707-41742   A00000/org.map...ineFileSource  org.maplibre.harmony  I     Online status: 1
10-26 10:36:40.468   36707-41742   A00000/org.map...ineFileSource  org.maplibre.harmony  I     Request added to activeRequests (total: 4)
10-26 10:36:40.468   36707-41742   A00000/org.map...ineFileSource  org.maplibre.harmony  I     🌐 Network is ONLINE - calling httpFileSource.request()...
10-26 10:36:40.468   36707-41742   A00000/org.map...ineFileSource  org.maplibre.harmony  I     httpFileSource address: 0x5a1ee099f8
10-26 10:36:40.468   36707-41742   A00000/org.map...ineFileSource  org.maplibre.harmony  I     httpFileSource type at request: N4mbgl14HTTPFileSourceE
10-26 10:36:40.468   36707-41742   A00000/org.map...ineFileSource  org.maplibre.harmony  I     About to call httpFileSource.request() with URL: https://demotiles.maplibre.org/tiles/3/7/2.pbf
10-26 10:36:40.468   36707-41742   A00000/org.map...ineFileSource  org.maplibre.harmony  I     🔵 BEFORE httpFileSource.request() call
10-26 10:36:40.468   36707-41742   A00000/org.map...ineFileSource  org.maplibre.harmony  I     🔵 AFTER httpFileSource.request() call
10-26 10:36:40.468   36707-41742   A00000/org.map...ineFileSource  org.maplibre.harmony  I     ✅ httpFileSource.request() SUCCESS - AsyncRequest: 0x5b2f621180
10-26 10:36:40.468   36707-41742   A00000/org.map...ineFileSource  org.maplibre.harmony  I     activateOrQueueRequest() COMPLETE
10-26 10:36:40.468   36707-41742   A00000/org.map...harmony/Timer  org.maplibre.harmony  D     ✅ Timer callback COMPLETED
10-26 10:36:40.468   36707-41742   A00000/org.map...harmony/Timer  org.maplibre.harmony  D     Non-repeating timer - stopping after callback
10-26 10:36:40.469   36707-37075   A00000/org.map...ndererBackend  org.maplibre.harmony  D     activate() - context already current
10-26 10:36:40.469   36707-41747   A00000/org.map...ineFileSource  org.maplibre.harmony  I     ========== OnlineFileSource::request() ==========
10-26 10:36:40.469   36707-41747   A00000/org.map...ineFileSource  org.maplibre.harmony  I     HTTP REQUEST: url='https://demotiles.maplibre.org/tiles/3/5/3.pbf', kind=3
10-26 10:36:40.469   36707-41747   A00000/org.map...ineFileSource  org.maplibre.harmony  I     OnlineFileSource impl address: 0x5a1f671160
10-26 10:36:40.469   36707-41747   A00000/org.map...ineFileSource  org.maplibre.harmony  I     Original URL: https://demotiles.maplibre.org/tiles/3/5/3.pbf
10-26 10:36:40.469   36707-41747   A00000/org.map...ineFileSource  org.maplibre.harmony  I     Normalized URL: https://demotiles.maplibre.org/tiles/3/5/3.pbf
10-26 10:36:40.469   36707-41747   A00000/org.map...ineFileSource  org.maplibre.harmony  I     Calling impl->request()...
10-26 10:36:40.469   36707-41747   A00000/org.map...ineFileSource  org.maplibre.harmony  I     ========== OnlineFileSource::Impl::request() ==========
10-26 10:36:40.469   36707-41747   A00000/org.map...ineFileSource  org.maplibre.harmony  I     Creating FileSourceRequest for URL: https://demotiles.maplibre.org/tiles/3/5/3.pbf
10-26 10:36:40.470   36707-41747   A00000/org.map...ineFileSource  org.maplibre.harmony  I     FileSourceRequest created: 0x5a1e395300
10-26 10:36:40.470   36707-41747   A00000/org.map...ineFileSource  org.maplibre.harmony  I     Cancel callback set
10-26 10:36:40.470   36707-41747   A00000/org.map...ineFileSource  org.maplibre.harmony  I     Invoking OnlineFileSourceThread::request on actor...
10-26 10:36:40.470   36707-41747   A00000/org.map...ineFileSource  org.maplibre.harmony  I     Thread actor invoked successfully
10-26 10:36:40.470   36707-41747   A00000/org.map...ineFileSource  org.maplibre.harmony  I     impl->request() returned AsyncRequest: 0x5a1e395300
10-26 10:36:40.470   36707-41742   A00000/org.map...ineFileSource  org.maplibre.harmony  I     ========== OnlineFileSourceThread::request() ==========
10-26 10:36:40.470   36707-41742   A00000/org.map...ineFileSource  org.maplibre.harmony  I     AsyncRequest: 0x5a1e395300
10-26 10:36:40.470   36707-41742   A00000/org.map...ineFileSource  org.maplibre.harmony  I     Resource URL: https://demotiles.maplibre.org/tiles/3/5/3.pbf
10-26 10:36:40.470   36707-41742   A00000/org.map...ineFileSource  org.maplibre.harmony  I     Creating OnlineFileRequest...
10-26 10:36:40.470   36707-41742   A00000/org.map...ineFileSource  org.maplibre.harmony  I     ========== OnlineFileRequest CONSTRUCTOR ==========
10-26 10:36:40.470   36707-41742   A00000/org.map...ineFileSource  org.maplibre.harmony  I     URL: https://demotiles.maplibre.org/tiles/3/5/3.pbf
10-26 10:36:40.470   36707-41742   A00000/org.map...ineFileSource  org.maplibre.harmony  I     Kind: 3, Priority: 0
10-26 10:36:40.470   36707-41742   A00000/org.map...ineFileSource  org.maplibre.harmony  I     ========== OnlineFileSourceThread::add() ==========
10-26 10:36:40.470   36707-41742   A00000/org.map...ineFileSource  org.maplibre.harmony  I     Request URL: https://demotiles.maplibre.org/tiles/3/5/3.pbf
10-26 10:36:40.470   36707-41742   A00000/org.map...ineFileSource  org.maplibre.harmony  I     Total requests in allRequests: 8
10-26 10:36:40.470   36707-41742   A00000/org.map...ineFileSource  org.maplibre.harmony  I     No resourceTransform - activating request directly
10-26 10:36:40.470   36707-41742   A00000/org.map...ineFileSource  org.maplibre.harmony  I     ========== OnlineFileRequest::activate() ==========
10-26 10:36:40.470   36707-41742   A00000/org.map...ineFileSource  org.maplibre.harmony  I     URL: https://demotiles.maplibre.org/tiles/3/5/3.pbf
10-26 10:36:40.470   36707-41742   A00000/org.map...ineFileSource  org.maplibre.harmony  I     Has priorExpires - timeout: 0 ms
10-26 10:36:40.470   36707-41742   A00000/org.map...ineFileSource  org.maplibre.harmony  I     ========== OnlineFileRequest::schedule() ==========
10-26 10:36:40.470   36707-41742   A00000/org.map...ineFileSource  org.maplibre.harmony  I     URL: https://demotiles.maplibre.org/tiles/3/5/3.pbf
10-26 10:36:40.470   36707-41742   A00000/org.map...ineFileSource  org.maplibre.harmony  I     Timeout: 0 ms
10-26 10:36:40.470   36707-41742   A00000/org.map...ineFileSource  org.maplibre.harmony  I     NetworkStatus is ONLINE
10-26 10:36:40.470   36707-41742   A00000/org.map...ineFileSource  org.maplibre.harmony  I     Starting timer with timeout=0 ms, will call activateOrQueueRequest
10-26 10:36:40.470   36707-41742   A00000/org.map...harmony/Timer  org.maplibre.harmony  D     Timer started: timeout=<private> ms, repeat=<private> ms, runLoop=<private>
10-26 10:36:40.470   36707-41742   A00000/org.map...ineFileSource  org.maplibre.harmony  I     Timer started successfully
10-26 10:36:40.470   36707-41742   A00000/org.map...ineFileSource  org.maplibre.harmony  I     OnlineFileRequest added to impl
10-26 10:36:40.470   36707-41742   A00000/org.map...ineFileSource  org.maplibre.harmony  I     OnlineFileRequest created and stored in tasks map (total tasks: 8)
10-26 10:36:40.470   36707-41762   A00000/org.map...harmony/Timer  org.maplibre.harmony  D     Timer fired - dispatching callback to RunLoop thread
10-26 10:36:40.470   36707-41762   A00000/org.map...harmony/Timer  org.maplibre.harmony  D     RunLoop address: <private>, has callback: <private>
10-26 10:36:40.470   36707-41762   A00000/org.map...harmony/Timer  org.maplibre.harmony  D     runLoop->invoke() returned
10-26 10:36:40.471   36707-41742   A00000/org.map...harmony/Timer  org.maplibre.harmony  D     ⭐ INSIDE INVOKE LAMBDA - about to execute timer callback
10-26 10:36:40.471   36707-41742   A00000/org.map...harmony/Timer  org.maplibre.harmony  D     ✅ Executing timer callback on RunLoop thread
10-26 10:36:40.471   36707-41742   A00000/org.map...ineFileSource  org.maplibre.harmony  I     ========== activateOrQueueRequest() ==========
10-26 10:36:40.471   36707-41742   A00000/org.map...ineFileSource  org.maplibre.harmony  I     Request: 0x5b2f7ddf80
10-26 10:36:40.471   36707-41742   A00000/org.map...ineFileSource  org.maplibre.harmony  I     Active requests: 4, Max concurrent: 20
10-26 10:36:40.471   36707-41742   A00000/org.map...ineFileSource  org.maplibre.harmony  I     Queue has space - activating request NOW
10-26 10:36:40.471   36707-41742   A00000/org.map...ineFileSource  org.maplibre.harmony  I     ========== activateRequest() ==========
10-26 10:36:40.471   36707-41742   A00000/org.map...ineFileSource  org.maplibre.harmony  I     URL: https://demotiles.maplibre.org/tiles/3/5/3.pbf
10-26 10:36:40.471   36707-41742   A00000/org.map...ineFileSource  org.maplibre.harmony  I     Online status: 1
10-26 10:36:40.471   36707-41742   A00000/org.map...ineFileSource  org.maplibre.harmony  I     Request added to activeRequests (total: 5)
10-26 10:36:40.471   36707-41742   A00000/org.map...ineFileSource  org.maplibre.harmony  I     🌐 Network is ONLINE - calling httpFileSource.request()...
10-26 10:36:40.471   36707-41742   A00000/org.map...ineFileSource  org.maplibre.harmony  I     httpFileSource address: 0x5a1ee099f8
10-26 10:36:40.471   36707-41742   A00000/org.map...ineFileSource  org.maplibre.harmony  I     httpFileSource type at request: N4mbgl14HTTPFileSourceE
10-26 10:36:40.471   36707-41742   A00000/org.map...ineFileSource  org.maplibre.harmony  I     About to call httpFileSource.request() with URL: https://demotiles.maplibre.org/tiles/3/5/3.pbf
10-26 10:36:40.471   36707-41742   A00000/org.map...ineFileSource  org.maplibre.harmony  I     🔵 BEFORE httpFileSource.request() call
10-26 10:36:40.471   36707-41742   A00000/org.map...ineFileSource  org.maplibre.harmony  I     🔵 AFTER httpFileSource.request() call
10-26 10:36:40.471   36707-41742   A00000/org.map...ineFileSource  org.maplibre.harmony  I     ✅ httpFileSource.request() SUCCESS - AsyncRequest: 0x5b2f620000
10-26 10:36:40.471   36707-41742   A00000/org.map...ineFileSource  org.maplibre.harmony  I     activateOrQueueRequest() COMPLETE
10-26 10:36:40.471   36707-41742   A00000/org.map...harmony/Timer  org.maplibre.harmony  D     ✅ Timer callback COMPLETED
10-26 10:36:40.471   36707-41742   A00000/org.map...harmony/Timer  org.maplibre.harmony  D     Non-repeating timer - stopping after callback
10-26 10:36:40.472   36707-41757   A00000/org.map...harmony/Timer  org.maplibre.harmony  D     Timer thread exiting
10-26 10:36:40.473   36707-37075   A00000/org.map...NativeMapView  org.maplibre.harmony  D     onWillStartRenderingFrame
10-26 10:36:40.473   36707-37075   A00000/org.map...ndererBackend  org.maplibre.harmony  D     updateAssumedState: viewport=(0, 0, 3952, 5365) logical pixels
10-26 10:36:40.473   36707-37075   A00000/org.map...ndererBackend  org.maplibre.harmony  D     updateAssumedState complete
10-26 10:36:40.474   36707-41748   A00000/org.map...ineFileSource  org.maplibre.harmony  I     ========== OnlineFileRequest::completed() ==========
10-26 10:36:40.474   36707-41748   A00000/org.map...ineFileSource  org.maplibre.harmony  I     URL: https://demotiles.maplibre.org/tiles/0/0/0.pbf
10-26 10:36:40.474   36707-41748   A00000/org.map...ineFileSource  org.maplibre.harmony  I     Response has error: Couldn't resolve host name: Could not resolve host: demotiles.maplibre.org
10-26 10:36:40.474   36707-41748   A00000/org.map...ineFileSource  org.maplibre.harmony  I     ========== OnlineFileRequest::schedule() ==========
10-26 10:36:40.474   36707-41748   A00000/org.map...ineFileSource  org.maplibre.harmony  I     URL: https://demotiles.maplibre.org/tiles/0/0/0.pbf
10-26 10:36:40.474   36707-41748   A00000/org.map...ineFileSource  org.maplibre.harmony  I     Timeout: 1000 ms
10-26 10:36:40.475   36707-41748   A00000/org.map...ineFileSource  org.maplibre.harmony  I     NetworkStatus is ONLINE
10-26 10:36:40.475   36707-41748   A00000/org.map...ineFileSource  org.maplibre.harmony  I     Starting timer with timeout=1000 ms, will call activateOrQueueRequest
10-26 10:36:40.475   36707-41748   A00000/org.map...harmony/Timer  org.maplibre.harmony  D     Timer started: timeout=<private> ms, repeat=<private> ms, runLoop=<private>
10-26 10:36:40.475   36707-41748   A00000/org.map...ineFileSource  org.maplibre.harmony  I     Timer started successfully
10-26 10:36:40.475   36707-41748   A00000/org.map...ineFileSource  org.maplibre.harmony  I     Calling final response callback to deliver result to requestor
10-26 10:36:40.475   36707-41748   A00000/org.map...ineFileSource  org.maplibre.harmony  I     ========== Response received, invoking FileSourceRequest::setResponse ==========
10-26 10:36:40.475   36707-41748   A00000/org.map...ineFileSource  org.maplibre.harmony  I     Response callback completed
10-26 10:36:40.478   36707-41761   A00000/org.map...harmony/Timer  org.maplibre.harmony  D     Timer thread exiting
10-26 10:36:40.481   36707-41762   A00000/org.map...harmony/Timer  org.maplibre.harmony  D     Timer thread exiting
10-26 10:36:40.487   36707-37075   C03F00/MUSL-SIGCHAIN            org.maplibre.harmony  E     signal_chain_handler call 2 rd sigchain action for signal: 7 sca_sigaction=598523b4a0 noreturn=0 FREEZE_signo_7 thread_list_lock_status:-1 tl_lock_count=0 tl_lock_waiters=0 tl_lock_tid_fail=-1 tl_lock_count_tid=644 tl_lock_count_fail=-10000 tl_lock_count_tid_sub=644 thread_list_lock_after_lock=41762 thread_list_lock_pre_unlock=41748 thread_list_lock_pthread_exit=41762 thread_list_lock_tid_overlimit=-1 tl_lock_unlock_count=0 __pthread_gettid_np_tl_lock=0 __pthread_exit_tl_lock=0 __pthread_create_tl_lock=0 __pthread_key_delete_tl_lock=0 __synccall_tl_lock=0 __membarrier_tl_lock=0 install_new_tls_tl_lock=0 set_syscall_hooks_tl_lock=0 set_syscall_hooks_linux_tl_lock=0 fork_tl_lock=0 register_count=0
10-26 10:36:40.487   36707-37075   C02D11/DfxSignalHandler         org.maplibre.harmony  I     DFX_SigchainHandler :: sig(7), pid(36707), tid(37075).
10-26 10:36:40.487   36707-37075   C02D11/DfxSignalHandler         org.maplibre.harmony  I     Try block main thread.
10-26 10:36:40.487   36707-41740   A00000/org.map...ndererBackend  org.maplibre.harmony  W     eglSwapBuffers failed (attempt 1/3): EGL_BAD_SURFACE
10-26 10:36:40.487   36707-36707   C02D11/DfxSignalHandler         org.maplibre.harmony  I     Crash(3) in child thread(36707), lock main thread.
10-26 10:36:40.488   36707-37075   C02D11/DfxSignalHandler         org.maplibre.harmony  I     g_GetStackIdFunc 0000000000000000.
10-26 10:36:40.488   36707-37075   C02D11/DfxSignalHandler         org.maplibre.harmony  I     DFX_SigchainHandler :: sig(7), pid(36707), processName(org.maplibre.harmony), threadName(aplibre.harmony).
10-26 10:36:40.494   36707-37041   C01406/org.map...mony/OHOS::RS  org.maplibre.harmony  I     RSUIDirector::ProcessMessages messageId:11, cmdCount:4, instanceId:100000
10-26 10:36:40.499   36707-41740   C01400/org.map...OpenGLWrapper  org.maplibre.harmony  E     eglMakeCurrent error.
10-26 10:36:40.499   36707-41740   A00000/org.map...ndererBackend  org.maplibre.harmony  W     eglSwapBuffers failed (attempt 2/3): EGL_BAD_SURFACE
10-26 10:36:40.509   36707-41740   C01400/org.map...OpenGLWrapper  org.maplibre.harmony  E     eglMakeCurrent error.
10-26 10:36:40.509   36707-41740   A00000/org.map...ndererBackend  org.maplibre.harmony  W     eglSwapBuffers failed (attempt 3/3): EGL_BAD_SURFACE
10-26 10:36:40.509   36707-41740   A00000/org.map...ndererBackend  org.maplibre.harmony  E     eglSwapBuffers failed after 3 attempts: EGL_SUCCESS
10-26 10:36:40.510   36707-41740   A00000/org.map...ndererBackend  org.maplibre.harmony  D     deactivate() - keeping context current for performance (single-thread mode)
10-26 10:36:40.510   36707-41740   A00000/org.map...dererFrontend  org.maplibre.harmony  E     Render failed: eglSwapBuffers failed: EGL buffer allocation failed - Pausing to prevent crash
10-26 10:36:40.511   36707-41740   A00000/org.map...ndererBackend  org.maplibre.harmony  D     activate() - making context current (display=0x5a0b437420, surface=0x5a1f494d20, context=0x5b317b99c0)
10-26 10:36:40.511   36707-41740   C01400/org.map...OpenGLWrapper  org.maplibre.harmony  E     eglMakeCurrent error.
10-26 10:36:40.511   36707-41740   A00000/org.map...ndererBackend  org.maplibre.harmony  E     activate() FAILED to make context current: EGL_BAD_ACCESS (error code: 0x3002)
10-26 10:36:40.521   36707-41748   A00000/org.map...rmony/Network  org.maplibre.harmony  W     Request completed with error: Couldn't resolve host name
10-26 10:36:40.521   36707-41748   A00000/org.map...rmony/Network  org.maplibre.harmony  W     Request failed: Couldn't resolve host name
10-26 10:36:40.521   36707-41748   A00000/org.map...ineFileSource  org.maplibre.harmony  I     ========== HTTP RESPONSE CALLBACK ==========
10-26 10:36:40.521   36707-41748   A00000/org.map...ineFileSource  org.maplibre.harmony  I     URL: https://demotiles.maplibre.org/tiles/3/6/3.pbf
10-26 10:36:40.521   36707-41748   A00000/org.map...ineFileSource  org.maplibre.harmony  I     ⚠️ Response has ERROR: reason=4, message=Couldn't resolve host name: Could not resolve host: demotiles.maplibre.org
10-26 10:36:40.521   36707-41766   C03F00/MUSL                     org.maplibre.harmony  E     get_resolv_conf_ext: 138: resolv_config return: -2 for netid 0
10-26 10:36:40.521   36707-41766   C03F00/MUSL                     org.maplibre.harmony  E     getaddrinfo_ext: 234: reportdnsresult: -2 in process 36707
10-26 10:36:40.522   36707-41767   C03F00/MUSL                     org.maplibre.harmony  E     get_resolv_conf_ext: 138: resolv_config return: -2 for netid 0
10-26 10:36:40.522   36707-41767   C03F00/MUSL                     org.maplibre.harmony  E     getaddrinfo_ext: 234: reportdnsresult: -2 in process 36707
10-26 10:36:40.522   36707-41740   A00000/org.map...NativeMapView  org.maplibre.harmony  D     onWillStartRenderingFrame
10-26 10:36:40.522   36707-41740   A00000/org.map...ndererBackend  org.maplibre.harmony  D     updateAssumedState: viewport=(0, 0, 3952, 5365) logical pixels
10-26 10:36:40.522   36707-41740   A00000/org.map...ndererBackend  org.maplibre.harmony  D     updateAssumedState complete
10-26 10:36:40.525   36707-41740   A00000/org.map...ndererBackend  org.maplibre.harmony  W     eglSwapBuffers failed (attempt 1/3): EGL_BAD_SURFACE
10-26 10:36:40.531   36707-41748   A00000/org.map...ineFileSource  org.maplibre.harmony  I     ========== OnlineFileRequest::completed() ==========
10-26 10:36:40.531   36707-41748   A00000/org.map...ineFileSource  org.maplibre.harmony  I     URL: https://demotiles.maplibre.org/tiles/3/6/3.pbf
10-26 10:36:40.531   36707-41748   A00000/org.map...ineFileSource  org.maplibre.harmony  I     Response has error: Couldn't resolve host name: Could not resolve host: demotiles.maplibre.org
10-26 10:36:40.531   36707-41748   A00000/org.map...ineFileSource  org.maplibre.harmony  I     ========== OnlineFileRequest::schedule() ==========
10-26 10:36:40.531   36707-41748   A00000/org.map...ineFileSource  org.maplibre.harmony  I     URL: https://demotiles.maplibre.org/tiles/3/6/3.pbf
10-26 10:36:40.531   36707-41748   A00000/org.map...ineFileSource  org.maplibre.harmony  I     Timeout: 1000 ms
10-26 10:36:40.531   36707-41748   A00000/org.map...ineFileSource  org.maplibre.harmony  I     NetworkStatus is ONLINE
10-26 10:36:40.531   36707-41748   A00000/org.map...ineFileSource  org.maplibre.harmony  I     Starting timer with timeout=1000 ms, will call activateOrQueueRequest
10-26 10:36:40.531   36707-41748   A00000/org.map...harmony/Timer  org.maplibre.harmony  D     Timer started: timeout=<private> ms, repeat=<private> ms, runLoop=<private>
10-26 10:36:40.531   36707-41748   A00000/org.map...ineFileSource  org.maplibre.harmony  I     Timer started successfully
10-26 10:36:40.531   36707-41748   A00000/org.map...ineFileSource  org.maplibre.harmony  I     Calling final response callback to deliver result to requestor
10-26 10:36:40.531   36707-41748   A00000/org.map...ineFileSource  org.maplibre.harmony  I     ========== Response received, invoking FileSourceRequest::setResponse ==========
10-26 10:36:40.532   36707-41748   A00000/org.map...ineFileSource  org.maplibre.harmony  I     Response callback completed
10-26 10:36:40.532   36707-41748   A00000/org.map...rmony/Network  org.maplibre.harmony  W     Request completed with error: Couldn't resolve host name
10-26 10:36:40.532   36707-41748   A00000/org.map...rmony/Network  org.maplibre.harmony  W     Request failed: Couldn't resolve host name
10-26 10:36:40.532   36707-41748   A00000/org.map...ineFileSource  org.maplibre.harmony  I     ========== HTTP RESPONSE CALLBACK ==========
10-26 10:36:40.532   36707-41748   A00000/org.map...ineFileSource  org.maplibre.harmony  I     URL: https://demotiles.maplibre.org/tiles/3/6/2.pbf
10-26 10:36:40.532   36707-41748   A00000/org.map...ineFileSource  org.maplibre.harmony  I     ⚠️ Response has ERROR: reason=4, message=Couldn't resolve host name: Could not resolve host: demotiles.maplibre.org
10-26 10:36:40.536   36707-41740   C01400/org.map...OpenGLWrapper  org.maplibre.harmony  E     eglMakeCurrent error.
10-26 10:36:40.536   36707-41740   A00000/org.map...ndererBackend  org.maplibre.harmony  W     eglSwapBuffers failed (attempt 2/3): EGL_BAD_SURFACE
10-26 10:36:40.543   36707-41748   A00000/org.map...ineFileSource  org.maplibre.harmony  I     ========== OnlineFileRequest::completed() ==========
10-26 10:36:40.543   36707-41748   A00000/org.map...ineFileSource  org.maplibre.harmony  I     URL: https://demotiles.maplibre.org/tiles/3/6/2.pbf
10-26 10:36:40.543   36707-41748   A00000/org.map...ineFileSource  org.maplibre.harmony  I     Response has error: Couldn't resolve host name: Could not resolve host: demotiles.maplibre.org
10-26 10:36:40.543   36707-41748   A00000/org.map...ineFileSource  org.maplibre.harmony  I     ========== OnlineFileRequest::schedule() ==========
10-26 10:36:40.543   36707-41748   A00000/org.map...ineFileSource  org.maplibre.harmony  I     URL: https://demotiles.maplibre.org/tiles/3/6/2.pbf
10-26 10:36:40.543   36707-41748   A00000/org.map...ineFileSource  org.maplibre.harmony  I     Timeout: 1000 ms
10-26 10:36:40.543   36707-41748   A00000/org.map...ineFileSource  org.maplibre.harmony  I     NetworkStatus is ONLINE
10-26 10:36:40.543   36707-41748   A00000/org.map...ineFileSource  org.maplibre.harmony  I     Starting timer with timeout=1000 ms, will call activateOrQueueRequest
10-26 10:36:40.543   36707-41748   A00000/org.map...harmony/Timer  org.maplibre.harmony  D     Timer started: timeout=<private> ms, repeat=<private> ms, runLoop=<private>
10-26 10:36:40.543   36707-41748   A00000/org.map...ineFileSource  org.maplibre.harmony  I     Timer started successfully
10-26 10:36:40.543   36707-41748   A00000/org.map...ineFileSource  org.maplibre.harmony  I     Calling final response callback to deliver result to requestor
10-26 10:36:40.543   36707-41748   A00000/org.map...ineFileSource  org.maplibre.harmony  I     ========== Response received, invoking FileSourceRequest::setResponse ==========
10-26 10:36:40.544   36707-41748   A00000/org.map...ineFileSource  org.maplibre.harmony  I     Response callback completed
10-26 10:36:40.544   36707-41748   A00000/org.map...rmony/Network  org.maplibre.harmony  W     Request completed with error: Couldn't resolve host name
10-26 10:36:40.544   36707-41748   A00000/org.map...rmony/Network  org.maplibre.harmony  W     Request failed: Couldn't resolve host name
10-26 10:36:40.544   36707-41748   A00000/org.map...ineFileSource  org.maplibre.harmony  I     ========== HTTP RESPONSE CALLBACK ==========
10-26 10:36:40.544   36707-41748   A00000/org.map...ineFileSource  org.maplibre.harmony  I     URL: https://demotiles.maplibre.org/tiles/3/7/3.pbf
10-26 10:36:40.544   36707-41748   A00000/org.map...ineFileSource  org.maplibre.harmony  I     ⚠️ Response has ERROR: reason=4, message=Couldn't resolve host name: Could not resolve host: demotiles.maplibre.org
10-26 10:36:40.546   36707-41740   C01400/org.map...OpenGLWrapper  org.maplibre.harmony  E     eglMakeCurrent error.
10-26 10:36:40.546   36707-41740   A00000/org.map...ndererBackend  org.maplibre.harmony  W     eglSwapBuffers failed (attempt 3/3): EGL_BAD_SURFACE
10-26 10:36:40.546   36707-41740   A00000/org.map...ndererBackend  org.maplibre.harmony  E     eglSwapBuffers failed after 3 attempts: EGL_SUCCESS
10-26 10:36:40.546   36707-41740   A00000/org.map...ndererBackend  org.maplibre.harmony  D     deactivate() - keeping context current for performance (single-thread mode)
10-26 10:36:40.547   36707-41740   A00000/org.map...dererFrontend  org.maplibre.harmony  E     Render failed: eglSwapBuffers failed: EGL buffer allocation failed - Pausing to prevent crash
10-26 10:36:40.547   36707-41747   A00000/org.map...ineFileSource  org.maplibre.harmony  I     ========== OnlineFileSource::request() ==========
10-26 10:36:40.547   36707-41747   A00000/org.map...ineFileSource  org.maplibre.harmony  I     HTTP REQUEST: url='https://demotiles.maplibre.org/tiles/3/6/4.pbf', kind=3
10-26 10:36:40.547   36707-41747   A00000/org.map...ineFileSource  org.maplibre.harmony  I     OnlineFileSource impl address: 0x5a1f671160
10-26 10:36:40.547   36707-41740   A00000/org.map...ndererBackend  org.maplibre.harmony  D     activate() - making context current (display=0x5a0b437420, surface=0x5a1f494d20, context=0x5b317b99c0)
10-26 10:36:40.547   36707-41740   C01400/org.map...OpenGLWrapper  org.maplibre.harmony  E     eglMakeCurrent error.
10-26 10:36:40.547   36707-41747   A00000/org.map...ineFileSource  org.maplibre.harmony  I     Original URL: https://demotiles.maplibre.org/tiles/3/6/4.pbf
10-26 10:36:40.547   36707-41740   A00000/org.map...ndererBackend  org.maplibre.harmony  E     activate() FAILED to make context current: EGL_BAD_ACCESS (error code: 0x3002)
10-26 10:36:40.547   36707-41747   A00000/org.map...ineFileSource  org.maplibre.harmony  I     Normalized URL: https://demotiles.maplibre.org/tiles/3/6/4.pbf
10-26 10:36:40.547   36707-41747   A00000/org.map...ineFileSource  org.maplibre.harmony  I     Calling impl->request()...
10-26 10:36:40.547   36707-41747   A00000/org.map...ineFileSource  org.maplibre.harmony  I     ========== OnlineFileSource::Impl::request() ==========
10-26 10:36:40.547   36707-41747   A00000/org.map...ineFileSource  org.maplibre.harmony  I     Creating FileSourceRequest for URL: https://demotiles.maplibre.org/tiles/3/6/4.pbf
10-26 10:36:40.547   36707-41747   A00000/org.map...ineFileSource  org.maplibre.harmony  I     FileSourceRequest created: 0x5a1dab5d80
10-26 10:36:40.547   36707-41747   A00000/org.map...ineFileSource  org.maplibre.harmony  I     Cancel callback set
10-26 10:36:40.547   36707-41747   A00000/org.map...ineFileSource  org.maplibre.harmony  I     Invoking OnlineFileSourceThread::request on actor...
10-26 10:36:40.547   36707-41747   A00000/org.map...ineFileSource  org.maplibre.harmony  I     Thread actor invoked successfully
10-26 10:36:40.547   36707-41747   A00000/org.map...ineFileSource  org.maplibre.harmony  I     impl->request() returned AsyncRequest: 0x5a1dab5d80
10-26 10:36:40.548   36707-41742   A00000/org.map...ineFileSource  org.maplibre.harmony  I     ========== OnlineFileSourceThread::request() ==========
10-26 10:36:40.548   36707-41742   A00000/org.map...ineFileSource  org.maplibre.harmony  I     AsyncRequest: 0x5a1dab5d80
10-26 10:36:40.548   36707-41742   A00000/org.map...ineFileSource  org.maplibre.harmony  I     Resource URL: https://demotiles.maplibre.org/tiles/3/6/4.pbf
10-26 10:36:40.548   36707-41742   A00000/org.map...ineFileSource  org.maplibre.harmony  I     Creating OnlineFileRequest...
10-26 10:36:40.548   36707-41742   A00000/org.map...ineFileSource  org.maplibre.harmony  I     ========== OnlineFileRequest CONSTRUCTOR ==========
10-26 10:36:40.548   36707-41742   A00000/org.map...ineFileSource  org.maplibre.harmony  I     URL: https://demotiles.maplibre.org/tiles/3/6/4.pbf
10-26 10:36:40.548   36707-41742   A00000/org.map...ineFileSource  org.maplibre.harmony  I     Kind: 3, Priority: 0
10-26 10:36:40.548   36707-41742   A00000/org.map...ineFileSource  org.maplibre.harmony  I     ========== OnlineFileSourceThread::add() ==========
10-26 10:36:40.548   36707-41742   A00000/org.map...ineFileSource  org.maplibre.harmony  I     Request URL: https://demotiles.maplibre.org/tiles/3/6/4.pbf
10-26 10:36:40.548   36707-41742   A00000/org.map...ineFileSource  org.maplibre.harmony  I     Total requests in allRequests: 9
10-26 10:36:40.548   36707-41742   A00000/org.map...ineFileSource  org.maplibre.harmony  I     No resourceTransform - activating request directly
10-26 10:36:40.548   36707-41742   A00000/org.map...ineFileSource  org.maplibre.harmony  I     ========== OnlineFileRequest::activate() ==========
10-26 10:36:40.548   36707-41742   A00000/org.map...ineFileSource  org.maplibre.harmony  I     URL: https://demotiles.maplibre.org/tiles/3/6/4.pbf
10-26 10:36:40.548   36707-41742   A00000/org.map...ineFileSource  org.maplibre.harmony  I     Has priorExpires - timeout: 0 ms
10-26 10:36:40.548   36707-41742   A00000/org.map...ineFileSource  org.maplibre.harmony  I     ========== OnlineFileRequest::schedule() ==========
10-26 10:36:40.548   36707-41742   A00000/org.map...ineFileSource  org.maplibre.harmony  I     URL: https://demotiles.maplibre.org/tiles/3/6/4.pbf
10-26 10:36:40.548   36707-41742   A00000/org.map...ineFileSource  org.maplibre.harmony  I     Timeout: 0 ms
10-26 10:36:40.548   36707-41742   A00000/org.map...ineFileSource  org.maplibre.harmony  I     NetworkStatus is ONLINE
10-26 10:36:40.548   36707-41742   A00000/org.map...ineFileSource  org.maplibre.harmony  I     Starting timer with timeout=0 ms, will call activateOrQueueRequest
10-26 10:36:40.548   36707-41742   A00000/org.map...harmony/Timer  org.maplibre.harmony  D     Timer started: timeout=<private> ms, repeat=<private> ms, runLoop=<private>
10-26 10:36:40.549   36707-41742   A00000/org.map...ineFileSource  org.maplibre.harmony  I     Timer started successfully
10-26 10:36:40.549   36707-41742   A00000/org.map...ineFileSource  org.maplibre.harmony  I     OnlineFileRequest added to impl
10-26 10:36:40.549   36707-41742   A00000/org.map...ineFileSource  org.maplibre.harmony  I     OnlineFileRequest created and stored in tasks map (total tasks: 9)
10-26 10:36:40.549   36707-41771   A00000/org.map...harmony/Timer  org.maplibre.harmony  D     Timer fired - dispatching callback to RunLoop thread
10-26 10:36:40.549   36707-41771   A00000/org.map...harmony/Timer  org.maplibre.harmony  D     RunLoop address: <private>, has callback: <private>
10-26 10:36:40.549   36707-41771   A00000/org.map...harmony/Timer  org.maplibre.harmony  D     runLoop->invoke() returned
10-26 10:36:40.552   36707-41742   A00000/org.map...harmony/Timer  org.maplibre.harmony  D     ⭐ INSIDE INVOKE LAMBDA - about to execute timer callback
10-26 10:36:40.552   36707-41742   A00000/org.map...harmony/Timer  org.maplibre.harmony  D     ✅ Executing timer callback on RunLoop thread
10-26 10:36:40.552   36707-41742   A00000/org.map...ineFileSource  org.maplibre.harmony  I     ========== activateOrQueueRequest() ==========
10-26 10:36:40.552   36707-41742   A00000/org.map...ineFileSource  org.maplibre.harmony  I     Request: 0x5b2f7ddc80
10-26 10:36:40.552   36707-41742   A00000/org.map...ineFileSource  org.maplibre.harmony  I     Active requests: 2, Max concurrent: 20
10-26 10:36:40.552   36707-41742   A00000/org.map...ineFileSource  org.maplibre.harmony  I     Queue has space - activating request NOW
10-26 10:36:40.552   36707-41742   A00000/org.map...ineFileSource  org.maplibre.harmony  I     ========== activateRequest() ==========
10-26 10:36:40.552   36707-41742   A00000/org.map...ineFileSource  org.maplibre.harmony  I     URL: https://demotiles.maplibre.org/tiles/3/6/4.pbf
10-26 10:36:40.552   36707-41742   A00000/org.map...ineFileSource  org.maplibre.harmony  I     Online status: 1
10-26 10:36:40.552   36707-41742   A00000/org.map...ineFileSource  org.maplibre.harmony  I     Request added to activeRequests (total: 3)
10-26 10:36:40.552   36707-41742   A00000/org.map...ineFileSource  org.maplibre.harmony  I     🌐 Network is ONLINE - calling httpFileSource.request()...
10-26 10:36:40.552   36707-41742   A00000/org.map...ineFileSource  org.maplibre.harmony  I     httpFileSource address: 0x5a1ee099f8
10-26 10:36:40.552   36707-41742   A00000/org.map...ineFileSource  org.maplibre.harmony  I     httpFileSource type at request: N4mbgl14HTTPFileSourceE
10-26 10:36:40.552   36707-41742   A00000/org.map...ineFileSource  org.maplibre.harmony  I     About to call httpFileSource.request() with URL: https://demotiles.maplibre.org/tiles/3/6/4.pbf
10-26 10:36:40.552   36707-41742   A00000/org.map...ineFileSource  org.maplibre.harmony  I     🔵 BEFORE httpFileSource.request() call
10-26 10:36:40.552   36707-41742   A00000/org.map...ineFileSource  org.maplibre.harmony  I     🔵 AFTER httpFileSource.request() call
10-26 10:36:40.552   36707-41742   A00000/org.map...ineFileSource  org.maplibre.harmony  I     ✅ httpFileSource.request() SUCCESS - AsyncRequest: 0x5b2f7e6a80
10-26 10:36:40.552   36707-41742   A00000/org.map...ineFileSource  org.maplibre.harmony  I     activateOrQueueRequest() COMPLETE
10-26 10:36:40.553   36707-41742   A00000/org.map...harmony/Timer  org.maplibre.harmony  D     ✅ Timer callback COMPLETED
10-26 10:36:40.553   36707-41742   A00000/org.map...harmony/Timer  org.maplibre.harmony  D     Non-repeating timer - stopping after callback
10-26 10:36:40.554   36707-41740   A00000/org.map...NativeMapView  org.maplibre.harmony  D     onWillStartRenderingFrame
10-26 10:36:40.554   36707-41740   A00000/org.map...ndererBackend  org.maplibre.harmony  D     updateAssumedState: viewport=(0, 0, 3952, 5365) logical pixels
10-26 10:36:40.554   36707-41740   A00000/org.map...ndererBackend  org.maplibre.harmony  D     updateAssumedState complete
10-26 10:36:40.556   36707-41740   A00000/org.map...ndererBackend  org.maplibre.harmony  W     eglSwapBuffers failed (attempt 1/3): EGL_BAD_SURFACE
10-26 10:36:40.557   36707-41748   A00000/org.map...ineFileSource  org.maplibre.harmony  I     ========== OnlineFileRequest::completed() ==========
10-26 10:36:40.557   36707-41748   A00000/org.map...ineFileSource  org.maplibre.harmony  I     URL: https://demotiles.maplibre.org/tiles/3/7/3.pbf
10-26 10:36:40.557   36707-41748   A00000/org.map...ineFileSource  org.maplibre.harmony  I     Response has error: Couldn't resolve host name: Could not resolve host: demotiles.maplibre.org
10-26 10:36:40.557   36707-41748   A00000/org.map...ineFileSource  org.maplibre.harmony  I     ========== OnlineFileRequest::schedule() ==========
10-26 10:36:40.557   36707-41748   A00000/org.map...ineFileSource  org.maplibre.harmony  I     URL: https://demotiles.maplibre.org/tiles/3/7/3.pbf
10-26 10:36:40.557   36707-41748   A00000/org.map...ineFileSource  org.maplibre.harmony  I     Timeout: 1000 ms
10-26 10:36:40.557   36707-41748   A00000/org.map...ineFileSource  org.maplibre.harmony  I     NetworkStatus is ONLINE
10-26 10:36:40.557   36707-41748   A00000/org.map...ineFileSource  org.maplibre.harmony  I     Starting timer with timeout=1000 ms, will call activateOrQueueRequest
10-26 10:36:40.557   36707-41748   A00000/org.map...harmony/Timer  org.maplibre.harmony  D     Timer started: timeout=<private> ms, repeat=<private> ms, runLoop=<private>
10-26 10:36:40.558   36707-41748   A00000/org.map...ineFileSource  org.maplibre.harmony  I     Timer started successfully
10-26 10:36:40.558   36707-41748   A00000/org.map...ineFileSource  org.maplibre.harmony  I     Calling final response callback to deliver result to requestor
10-26 10:36:40.558   36707-41748   A00000/org.map...ineFileSource  org.maplibre.harmony  I     ========== Response received, invoking FileSourceRequest::setResponse ==========
10-26 10:36:40.558   36707-41748   A00000/org.map...ineFileSource  org.maplibre.harmony  I     Response callback completed
10-26 10:36:40.559   36707-41771   A00000/org.map...harmony/Timer  org.maplibre.harmony  D     Timer thread exiting
10-26 10:36:40.566   36707-41740   C01400/org.map...OpenGLWrapper  org.maplibre.harmony  E     eglMakeCurrent error.
10-26 10:36:40.566   36707-41740   A00000/org.map...ndererBackend  org.maplibre.harmony  W     eglSwapBuffers failed (attempt 2/3): EGL_BAD_SURFACE
10-26 10:36:40.573   36707-37075   C02D11/DfxSignalHandler         org.maplibre.harmony  I     start wait processdump read registers
10-26 10:36:40.576   36707-37075   C02D11/DfxSignalHandler         org.maplibre.harmony  I     processdump have get all registers .
10-26 10:36:40.673   36707-37075   C02D11/DfxSignalHandler         org.maplibre.harmony  I     start wait processdump unwind
10-26 10:36:40.739   36707-41740   C01400/org.map...OpenGLWrapper  org.maplibre.harmony  E     eglMakeCurrent error.
10-26 10:36:40.739   36707-41740   A00000/org.map...ndererBackend  org.maplibre.harmony  W     eglSwapBuffers failed (attempt 3/3): EGL_BAD_SURFACE
10-26 10:36:40.739   36707-41740   A00000/org.map...ndererBackend  org.maplibre.harmony  E     eglSwapBuffers failed after 3 attempts: EGL_SUCCESS
10-26 10:36:40.740   36707-41740   A00000/org.map...ndererBackend  org.maplibre.harmony  D     deactivate() - keeping context current for performance (single-thread mode)
10-26 10:36:40.741   36707-41740   A00000/org.map...dererFrontend  org.maplibre.harmony  E     Render failed: eglSwapBuffers failed: EGL buffer allocation failed - Pausing to prevent crash
10-26 10:36:40.742   36707-41740   A00000/org.map...ndererBackend  org.maplibre.harmony  D     activate() - making context current (display=0x5a0b437420, surface=0x5a1f494d20, context=0x5b317b99c0)
10-26 10:36:40.742   36707-41740   C01400/org.map...OpenGLWrapper  org.maplibre.harmony  E     eglMakeCurrent error.
10-26 10:36:40.743   36707-41740   A00000/org.map...ndererBackend  org.maplibre.harmony  E     activate() FAILED to make context current: EGL_BAD_ACCESS (error code: 0x3002)
10-26 10:36:40.746   36707-41747   A00000/org.map...ineFileSource  org.maplibre.harmony  I     ========== OnlineFileSource::request() ==========
10-26 10:36:40.746   36707-41747   A00000/org.map...ineFileSource  org.maplibre.harmony  I     HTTP REQUEST: url='https://demotiles.maplibre.org/tiles/3/5/2.pbf', kind=3
10-26 10:36:40.746   36707-41747   A00000/org.map...ineFileSource  org.maplibre.harmony  I     OnlineFileSource impl address: 0x5a1f671160
10-26 10:36:40.747   36707-41747   A00000/org.map...ineFileSource  org.maplibre.harmony  I     Original URL: https://demotiles.maplibre.org/tiles/3/5/2.pbf
10-26 10:36:40.747   36707-41747   A00000/org.map...ineFileSource  org.maplibre.harmony  I     Normalized URL: https://demotiles.maplibre.org/tiles/3/5/2.pbf
10-26 10:36:40.747   36707-41747   A00000/org.map...ineFileSource  org.maplibre.harmony  I     Calling impl->request()...
10-26 10:36:40.747   36707-41747   A00000/org.map...ineFileSource  org.maplibre.harmony  I     ========== OnlineFileSource::Impl::request() ==========
10-26 10:36:40.747   36707-41747   A00000/org.map...ineFileSource  org.maplibre.harmony  I     Creating FileSourceRequest for URL: https://demotiles.maplibre.org/tiles/3/5/2.pbf
10-26 10:36:40.747   36707-41747   A00000/org.map...ineFileSource  org.maplibre.harmony  I     FileSourceRequest created: 0x5a1dab5b80
10-26 10:36:40.747   36707-41747   A00000/org.map...ineFileSource  org.maplibre.harmony  I     Cancel callback set
10-26 10:36:40.747   36707-41747   A00000/org.map...ineFileSource  org.maplibre.harmony  I     Invoking OnlineFileSourceThread::request on actor...
10-26 10:36:40.747   36707-41747   A00000/org.map...ineFileSource  org.maplibre.harmony  I     Thread actor invoked successfully
10-26 10:36:40.747   36707-41747   A00000/org.map...ineFileSource  org.maplibre.harmony  I     impl->request() returned AsyncRequest: 0x5a1dab5b80
10-26 10:36:40.748   36707-41742   A00000/org.map...ineFileSource  org.maplibre.harmony  I     ========== OnlineFileSourceThread::request() ==========
10-26 10:36:40.748   36707-41742   A00000/org.map...ineFileSource  org.maplibre.harmony  I     AsyncRequest: 0x5a1dab5b80
10-26 10:36:40.748   36707-41742   A00000/org.map...ineFileSource  org.maplibre.harmony  I     Resource URL: https://demotiles.maplibre.org/tiles/3/5/2.pbf
10-26 10:36:40.748   36707-41742   A00000/org.map...ineFileSource  org.maplibre.harmony  I     Creating OnlineFileRequest...
10-26 10:36:40.749   36707-41742   A00000/org.map...ineFileSource  org.maplibre.harmony  I     ========== OnlineFileRequest CONSTRUCTOR ==========
10-26 10:36:40.749   36707-41742   A00000/org.map...ineFileSource  org.maplibre.harmony  I     URL: https://demotiles.maplibre.org/tiles/3/5/2.pbf
10-26 10:36:40.749   36707-41742   A00000/org.map...ineFileSource  org.maplibre.harmony  I     Kind: 3, Priority: 0
10-26 10:36:40.749   36707-41742   A00000/org.map...ineFileSource  org.maplibre.harmony  I     ========== OnlineFileSourceThread::add() ==========
10-26 10:36:40.749   36707-41742   A00000/org.map...ineFileSource  org.maplibre.harmony  I     Request URL: https://demotiles.maplibre.org/tiles/3/5/2.pbf
10-26 10:36:40.749   36707-41742   A00000/org.map...ineFileSource  org.maplibre.harmony  I     Total requests in allRequests: 10
10-26 10:36:40.749   36707-41742   A00000/org.map...ineFileSource  org.maplibre.harmony  I     No resourceTransform - activating request directly
10-26 10:36:40.749   36707-41742   A00000/org.map...ineFileSource  org.maplibre.harmony  I     ========== OnlineFileRequest::activate() ==========
10-26 10:36:40.749   36707-41742   A00000/org.map...ineFileSource  org.maplibre.harmony  I     URL: https://demotiles.maplibre.org/tiles/3/5/2.pbf
10-26 10:36:40.749   36707-41742   A00000/org.map...ineFileSource  org.maplibre.harmony  I     Has priorExpires - timeout: 0 ms
10-26 10:36:40.749   36707-41742   A00000/org.map...ineFileSource  org.maplibre.harmony  I     ========== OnlineFileRequest::schedule() ==========
10-26 10:36:40.749   36707-41742   A00000/org.map...ineFileSource  org.maplibre.harmony  I     URL: https://demotiles.maplibre.org/tiles/3/5/2.pbf
10-26 10:36:40.749   36707-41748   A00000/org.map...rmony/Network  org.maplibre.harmony  W     Request completed with error: Couldn't resolve host name
10-26 10:36:40.749   36707-41742   A00000/org.map...ineFileSource  org.maplibre.harmony  I     Timeout: 0 ms
10-26 10:36:40.749   36707-41748   A00000/org.map...rmony/Network  org.maplibre.harmony  W     Request failed: Couldn't resolve host name
10-26 10:36:40.749   36707-41742   A00000/org.map...ineFileSource  org.maplibre.harmony  I     NetworkStatus is ONLINE
10-26 10:36:40.749   36707-41742   A00000/org.map...ineFileSource  org.maplibre.harmony  I     Starting timer with timeout=0 ms, will call activateOrQueueRequest
10-26 10:36:40.749   36707-41748   A00000/org.map...ineFileSource  org.maplibre.harmony  I     ========== HTTP RESPONSE CALLBACK ==========
10-26 10:36:40.749   36707-41742   A00000/org.map...harmony/Timer  org.maplibre.harmony  D     Timer started: timeout=<private> ms, repeat=<private> ms, runLoop=<private>
10-26 10:36:40.749   36707-41748   A00000/org.map...ineFileSource  org.maplibre.harmony  I     URL: https://demotiles.maplibre.org/tiles/3/7/2.pbf
10-26 10:36:40.749   36707-41748   A00000/org.map...ineFileSource  org.maplibre.harmony  I     ⚠️ Response has ERROR: reason=4, message=Couldn't resolve host name: Could not resolve host: demotiles.maplibre.org
10-26 10:36:40.750   36707-41742   A00000/org.map...ineFileSource  org.maplibre.harmony  I     Timer started successfully
10-26 10:36:40.750   36707-41742   A00000/org.map...ineFileSource  org.maplibre.harmony  I     OnlineFileRequest added to impl
10-26 10:36:40.750   36707-41742   A00000/org.map...ineFileSource  org.maplibre.harmony  I     OnlineFileRequest created and stored in tasks map (total tasks: 10)
10-26 10:36:40.750   36707-41776   A00000/org.map...harmony/Timer  org.maplibre.harmony  D     Timer fired - dispatching callback to RunLoop thread
10-26 10:36:40.750   36707-41776   A00000/org.map...harmony/Timer  org.maplibre.harmony  D     RunLoop address: <private>, has callback: <private>
10-26 10:36:40.750   36707-41776   A00000/org.map...harmony/Timer  org.maplibre.harmony  D     runLoop->invoke() returned
10-26 10:36:40.750   36707-41742   A00000/org.map...harmony/Timer  org.maplibre.harmony  D     ⭐ INSIDE INVOKE LAMBDA - about to execute timer callback
10-26 10:36:40.750   36707-41742   A00000/org.map...harmony/Timer  org.maplibre.harmony  D     ✅ Executing timer callback on RunLoop thread
10-26 10:36:40.750   36707-41742   A00000/org.map...ineFileSource  org.maplibre.harmony  I     ========== activateOrQueueRequest() ==========
10-26 10:36:40.750   36707-41775   C03F00/MUSL                     org.maplibre.harmony  E     get_resolv_conf_ext: 138: resolv_config return: -2 for netid 0
10-26 10:36:40.750   36707-41742   A00000/org.map...ineFileSource  org.maplibre.harmony  I     Request: 0x5b2f7de100
10-26 10:36:40.750   36707-41742   A00000/org.map...ineFileSource  org.maplibre.harmony  I     Active requests: 2, Max concurrent: 20
10-26 10:36:40.750   36707-41742   A00000/org.map...ineFileSource  org.maplibre.harmony  I     Queue has space - activating request NOW
10-26 10:36:40.750   36707-41775   C03F00/MUSL                     org.maplibre.harmony  E     getaddrinfo_ext: 234: reportdnsresult: -2 in process 36707
10-26 10:36:40.750   36707-41742   A00000/org.map...ineFileSource  org.maplibre.harmony  I     ========== activateRequest() ==========
10-26 10:36:40.750   36707-41742   A00000/org.map...ineFileSource  org.maplibre.harmony  I     URL: https://demotiles.maplibre.org/tiles/3/5/2.pbf
10-26 10:36:40.750   36707-41742   A00000/org.map...ineFileSource  org.maplibre.harmony  I     Online status: 1
10-26 10:36:40.750   36707-41742   A00000/org.map...ineFileSource  org.maplibre.harmony  I     Request added to activeRequests (total: 3)
10-26 10:36:40.750   36707-41742   A00000/org.map...ineFileSource  org.maplibre.harmony  I     🌐 Network is ONLINE - calling httpFileSource.request()...
10-26 10:36:40.751   36707-41742   A00000/org.map...ineFileSource  org.maplibre.harmony  I     httpFileSource address: 0x5a1ee099f8
10-26 10:36:40.751   36707-41742   A00000/org.map...ineFileSource  org.maplibre.harmony  I     httpFileSource type at request: N4mbgl14HTTPFileSourceE
10-26 10:36:40.751   36707-41742   A00000/org.map...ineFileSource  org.maplibre.harmony  I     About to call httpFileSource.request() with URL: https://demotiles.maplibre.org/tiles/3/5/2.pbf
10-26 10:36:40.751   36707-41742   A00000/org.map...ineFileSource  org.maplibre.harmony  I     🔵 BEFORE httpFileSource.request() call
10-26 10:36:40.751   36707-41742   A00000/org.map...ineFileSource  org.maplibre.harmony  I     🔵 AFTER httpFileSource.request() call
10-26 10:36:40.751   36707-41742   A00000/org.map...ineFileSource  org.maplibre.harmony  I     ✅ httpFileSource.request() SUCCESS - AsyncRequest: 0x5b2f7e6d00
10-26 10:36:40.751   36707-41742   A00000/org.map...ineFileSource  org.maplibre.harmony  I     activateOrQueueRequest() COMPLETE
10-26 10:36:40.751   36707-41742   A00000/org.map...harmony/Timer  org.maplibre.harmony  D     ✅ Timer callback COMPLETED
10-26 10:36:40.751   36707-41742   A00000/org.map...harmony/Timer  org.maplibre.harmony  D     Non-repeating timer - stopping after callback
10-26 10:36:40.758   36707-41740   A00000/org.map...NativeMapView  org.maplibre.harmony  D     onWillStartRenderingFrame
10-26 10:36:40.758   36707-41740   A00000/org.map...ndererBackend  org.maplibre.harmony  D     updateAssumedState: viewport=(0, 0, 3952, 5365) logical pixels
10-26 10:36:40.758   36707-41740   A00000/org.map...ndererBackend  org.maplibre.harmony  D     updateAssumedState complete
10-26 10:36:40.760   36707-41748   A00000/org.map...ineFileSource  org.maplibre.harmony  I     ========== OnlineFileRequest::completed() ==========
10-26 10:36:40.760   36707-41748   A00000/org.map...ineFileSource  org.maplibre.harmony  I     URL: https://demotiles.maplibre.org/tiles/3/7/2.pbf
10-26 10:36:40.760   36707-41748   A00000/org.map...ineFileSource  org.maplibre.harmony  I     Response has error: Couldn't resolve host name: Could not resolve host: demotiles.maplibre.org
10-26 10:36:40.760   36707-41748   A00000/org.map...ineFileSource  org.maplibre.harmony  I     ========== OnlineFileRequest::schedule() ==========
10-26 10:36:40.760   36707-41748   A00000/org.map...ineFileSource  org.maplibre.harmony  I     URL: https://demotiles.maplibre.org/tiles/3/7/2.pbf
10-26 10:36:40.760   36707-41748   A00000/org.map...ineFileSource  org.maplibre.harmony  I     Timeout: 1000 ms
10-26 10:36:40.760   36707-41748   A00000/org.map...ineFileSource  org.maplibre.harmony  I     NetworkStatus is ONLINE
10-26 10:36:40.760   36707-41748   A00000/org.map...ineFileSource  org.maplibre.harmony  I     Starting timer with timeout=1000 ms, will call activateOrQueueRequest
10-26 10:36:40.760   36707-41748   A00000/org.map...harmony/Timer  org.maplibre.harmony  D     Timer started: timeout=<private> ms, repeat=<private> ms, runLoop=<private>
10-26 10:36:40.760   36707-41776   A00000/org.map...harmony/Timer  org.maplibre.harmony  D     Timer thread exiting
10-26 10:36:40.761   36707-41748   A00000/org.map...ineFileSource  org.maplibre.harmony  I     Timer started successfully
10-26 10:36:40.761   36707-41748   A00000/org.map...ineFileSource  org.maplibre.harmony  I     Calling final response callback to deliver result to requestor
10-26 10:36:40.761   36707-41748   A00000/org.map...ineFileSource  org.maplibre.harmony  I     ========== Response received, invoking FileSourceRequest::setResponse ==========
10-26 10:36:40.761   36707-41748   A00000/org.map...ineFileSource  org.maplibre.harmony  I     Response callback completed
10-26 10:36:40.761   36707-41748   A00000/org.map...rmony/Network  org.maplibre.harmony  W     Request completed with error: Couldn't resolve host name
10-26 10:36:40.761   36707-41748   A00000/org.map...rmony/Network  org.maplibre.harmony  W     Request failed: Couldn't resolve host name
10-26 10:36:40.761   36707-41748   A00000/org.map...ineFileSource  org.maplibre.harmony  I     ========== HTTP RESPONSE CALLBACK ==========
10-26 10:36:40.761   36707-41748   A00000/org.map...ineFileSource  org.maplibre.harmony  I     URL: https://demotiles.maplibre.org/tiles/3/5/3.pbf
10-26 10:36:40.761   36707-41748   A00000/org.map...ineFileSource  org.maplibre.harmony  I     ⚠️ Response has ERROR: reason=4, message=Couldn't resolve host name: Could not resolve host: demotiles.maplibre.org
10-26 10:36:40.763   36707-41740   A00000/org.map...ndererBackend  org.maplibre.harmony  W     eglSwapBuffers failed (attempt 1/3): EGL_BAD_SURFACE
10-26 10:36:40.771   36707-41748   A00000/org.map...ineFileSource  org.maplibre.harmony  I     ========== OnlineFileRequest::completed() ==========
10-26 10:36:40.771   36707-41748   A00000/org.map...ineFileSource  org.maplibre.harmony  I     URL: https://demotiles.maplibre.org/tiles/3/5/3.pbf
10-26 10:36:40.771   36707-41748   A00000/org.map...ineFileSource  org.maplibre.harmony  I     Response has error: Couldn't resolve host name: Could not resolve host: demotiles.maplibre.org
10-26 10:36:40.771   36707-41748   A00000/org.map...ineFileSource  org.maplibre.harmony  I     ========== OnlineFileRequest::schedule() ==========
10-26 10:36:40.771   36707-41748   A00000/org.map...ineFileSource  org.maplibre.harmony  I     URL: https://demotiles.maplibre.org/tiles/3/5/3.pbf
10-26 10:36:40.771   36707-41748   A00000/org.map...ineFileSource  org.maplibre.harmony  I     Timeout: 1000 ms
10-26 10:36:40.772   36707-41748   A00000/org.map...ineFileSource  org.maplibre.harmony  I     NetworkStatus is ONLINE
10-26 10:36:40.772   36707-41748   A00000/org.map...ineFileSource  org.maplibre.harmony  I     Starting timer with timeout=1000 ms, will call activateOrQueueRequest
10-26 10:36:40.772   36707-41748   A00000/org.map...harmony/Timer  org.maplibre.harmony  D     Timer started: timeout=<private> ms, repeat=<private> ms, runLoop=<private>
10-26 10:36:40.772   36707-41748   A00000/org.map...ineFileSource  org.maplibre.harmony  I     Timer started successfully
10-26 10:36:40.772   36707-41748   A00000/org.map...ineFileSource  org.maplibre.harmony  I     Calling final response callback to deliver result to requestor
10-26 10:36:40.772   36707-41748   A00000/org.map...ineFileSource  org.maplibre.harmony  I     ========== Response received, invoking FileSourceRequest::setResponse ==========
10-26 10:36:40.772   36707-41748   A00000/org.map...ineFileSource  org.maplibre.harmony  I     Response callback completed
10-26 10:36:40.774   36707-41740   C01400/org.map...OpenGLWrapper  org.maplibre.harmony  E     eglMakeCurrent error.
10-26 10:36:40.774   36707-41740   A00000/org.map...ndererBackend  org.maplibre.harmony  W     eglSwapBuffers failed (attempt 2/3): EGL_BAD_SURFACE
10-26 10:36:40.784   36707-41740   C01400/org.map...OpenGLWrapper  org.maplibre.harmony  E     eglMakeCurrent error.
10-26 10:36:40.784   36707-41740   A00000/org.map...ndererBackend  org.maplibre.harmony  W     eglSwapBuffers failed (attempt 3/3): EGL_BAD_SURFACE
10-26 10:36:40.784   36707-41740   A00000/org.map...ndererBackend  org.maplibre.harmony  E     eglSwapBuffers failed after 3 attempts: EGL_SUCCESS
10-26 10:36:40.785   36707-41740   A00000/org.map...ndererBackend  org.maplibre.harmony  D     deactivate() - keeping context current for performance (single-thread mode)
10-26 10:36:40.785   36707-41740   A00000/org.map...dererFrontend  org.maplibre.harmony  E     Render failed: eglSwapBuffers failed: EGL buffer allocation failed - Pausing to prevent crash
10-26 10:36:40.785   36707-41747   A00000/org.map...ineFileSource  org.maplibre.harmony  I     ========== OnlineFileSource::request() ==========
10-26 10:36:40.785   36707-41747   A00000/org.map...ineFileSource  org.maplibre.harmony  I     HTTP REQUEST: url='https://demotiles.maplibre.org/tiles/3/7/4.pbf', kind=3
10-26 10:36:40.785   36707-41747   A00000/org.map...ineFileSource  org.maplibre.harmony  I     OnlineFileSource impl address: 0x5a1f671160
10-26 10:36:40.785   36707-41747   A00000/org.map...ineFileSource  org.maplibre.harmony  I     Original URL: https://demotiles.maplibre.org/tiles/3/7/4.pbf
10-26 10:36:40.785   36707-41747   A00000/org.map...ineFileSource  org.maplibre.harmony  I     Normalized URL: https://demotiles.maplibre.org/tiles/3/7/4.pbf
10-26 10:36:40.785   36707-41747   A00000/org.map...ineFileSource  org.maplibre.harmony  I     Calling impl->request()...
10-26 10:36:40.785   36707-41747   A00000/org.map...ineFileSource  org.maplibre.harmony  I     ========== OnlineFileSource::Impl::request() ==========
10-26 10:36:40.785   36707-41747   A00000/org.map...ineFileSource  org.maplibre.harmony  I     Creating FileSourceRequest for URL: https://demotiles.maplibre.org/tiles/3/7/4.pbf
10-26 10:36:40.785   36707-41747   A00000/org.map...ineFileSource  org.maplibre.harmony  I     FileSourceRequest created: 0x5b3397ea00
10-26 10:36:40.785   36707-41740   A00000/org.map...ndererBackend  org.maplibre.harmony  D     activate() - making context current (display=0x5a0b437420, surface=0x5a1f494d20, context=0x5b317b99c0)
10-26 10:36:40.785   36707-41740   C01400/org.map...OpenGLWrapper  org.maplibre.harmony  E     eglMakeCurrent error.
10-26 10:36:40.785   36707-41747   A00000/org.map...ineFileSource  org.maplibre.harmony  I     Cancel callback set
10-26 10:36:40.785   36707-41747   A00000/org.map...ineFileSource  org.maplibre.harmony  I     Invoking OnlineFileSourceThread::request on actor...
10-26 10:36:40.785   36707-41740   A00000/org.map...ndererBackend  org.maplibre.harmony  E     activate() FAILED to make context current: EGL_BAD_ACCESS (error code: 0x3002)
10-26 10:36:40.786   36707-41747   A00000/org.map...ineFileSource  org.maplibre.harmony  I     Thread actor invoked successfully
10-26 10:36:40.786   36707-41747   A00000/org.map...ineFileSource  org.maplibre.harmony  I     impl->request() returned AsyncRequest: 0x5b3397ea00
10-26 10:36:40.786   36707-41742   A00000/org.map...ineFileSource  org.maplibre.harmony  I     ========== OnlineFileSourceThread::request() ==========
10-26 10:36:40.786   36707-41742   A00000/org.map...ineFileSource  org.maplibre.harmony  I     AsyncRequest: 0x5b3397ea00
10-26 10:36:40.786   36707-41742   A00000/org.map...ineFileSource  org.maplibre.harmony  I     Resource URL: https://demotiles.maplibre.org/tiles/3/7/4.pbf
10-26 10:36:40.786   36707-41742   A00000/org.map...ineFileSource  org.maplibre.harmony  I     Creating OnlineFileRequest...
10-26 10:36:40.786   36707-41742   A00000/org.map...ineFileSource  org.maplibre.harmony  I     ========== OnlineFileRequest CONSTRUCTOR ==========
10-26 10:36:40.786   36707-41742   A00000/org.map...ineFileSource  org.maplibre.harmony  I     URL: https://demotiles.maplibre.org/tiles/3/7/4.pbf
10-26 10:36:40.786   36707-41742   A00000/org.map...ineFileSource  org.maplibre.harmony  I     Kind: 3, Priority: 0
10-26 10:36:40.786   36707-41742   A00000/org.map...ineFileSource  org.maplibre.harmony  I     ========== OnlineFileSourceThread::add() ==========
10-26 10:36:40.786   36707-41742   A00000/org.map...ineFileSource  org.maplibre.harmony  I     Request URL: https://demotiles.maplibre.org/tiles/3/7/4.pbf
10-26 10:36:40.786   36707-41742   A00000/org.map...ineFileSource  org.maplibre.harmony  I     Total requests in allRequests: 11
10-26 10:36:40.786   36707-41742   A00000/org.map...ineFileSource  org.maplibre.harmony  I     No resourceTransform - activating request directly
10-26 10:36:40.787   36707-41742   A00000/org.map...ineFileSource  org.maplibre.harmony  I     ========== OnlineFileRequest::activate() ==========
10-26 10:36:40.787   36707-41742   A00000/org.map...ineFileSource  org.maplibre.harmony  I     URL: https://demotiles.maplibre.org/tiles/3/7/4.pbf
10-26 10:36:40.787   36707-41742   A00000/org.map...ineFileSource  org.maplibre.harmony  I     Has priorExpires - timeout: 0 ms
10-26 10:36:40.787   36707-41742   A00000/org.map...ineFileSource  org.maplibre.harmony  I     ========== OnlineFileRequest::schedule() ==========
10-26 10:36:40.787   36707-41742   A00000/org.map...ineFileSource  org.maplibre.harmony  I     URL: https://demotiles.maplibre.org/tiles/3/7/4.pbf
10-26 10:36:40.787   36707-41742   A00000/org.map...ineFileSource  org.maplibre.harmony  I     Timeout: 0 ms
10-26 10:36:40.787   36707-41742   A00000/org.map...ineFileSource  org.maplibre.harmony  I     NetworkStatus is ONLINE
10-26 10:36:40.787   36707-41742   A00000/org.map...ineFileSource  org.maplibre.harmony  I     Starting timer with timeout=0 ms, will call activateOrQueueRequest
10-26 10:36:40.787   36707-41742   A00000/org.map...harmony/Timer  org.maplibre.harmony  D     Timer started: timeout=<private> ms, repeat=<private> ms, runLoop=<private>
10-26 10:36:40.787   36707-41742   A00000/org.map...ineFileSource  org.maplibre.harmony  I     Timer started successfully
10-26 10:36:40.787   36707-41742   A00000/org.map...ineFileSource  org.maplibre.harmony  I     OnlineFileRequest added to impl
10-26 10:36:40.787   36707-41742   A00000/org.map...ineFileSource  org.maplibre.harmony  I     OnlineFileRequest created and stored in tasks map (total tasks: 11)
10-26 10:36:40.787   36707-41780   A00000/org.map...harmony/Timer  org.maplibre.harmony  D     Timer fired - dispatching callback to RunLoop thread
10-26 10:36:40.788   36707-41780   A00000/org.map...harmony/Timer  org.maplibre.harmony  D     RunLoop address: <private>, has callback: <private>
10-26 10:36:40.788   36707-41780   A00000/org.map...harmony/Timer  org.maplibre.harmony  D     runLoop->invoke() returned
10-26 10:36:40.788   36707-41742   A00000/org.map...harmony/Timer  org.maplibre.harmony  D     ⭐ INSIDE INVOKE LAMBDA - about to execute timer callback
10-26 10:36:40.788   36707-41742   A00000/org.map...harmony/Timer  org.maplibre.harmony  D     ✅ Executing timer callback on RunLoop thread
10-26 10:36:40.788   36707-41742   A00000/org.map...ineFileSource  org.maplibre.harmony  I     ========== activateOrQueueRequest() ==========
10-26 10:36:40.788   36707-41742   A00000/org.map...ineFileSource  org.maplibre.harmony  I     Request: 0x5b33a45580
10-26 10:36:40.788   36707-41742   A00000/org.map...ineFileSource  org.maplibre.harmony  I     Active requests: 2, Max concurrent: 20
10-26 10:36:40.788   36707-41742   A00000/org.map...ineFileSource  org.maplibre.harmony  I     Queue has space - activating request NOW
10-26 10:36:40.788   36707-41742   A00000/org.map...ineFileSource  org.maplibre.harmony  I     ========== activateRequest() ==========
10-26 10:36:40.788   36707-41742   A00000/org.map...ineFileSource  org.maplibre.harmony  I     URL: https://demotiles.maplibre.org/tiles/3/7/4.pbf
10-26 10:36:40.788   36707-41742   A00000/org.map...ineFileSource  org.maplibre.harmony  I     Online status: 1
10-26 10:36:40.788   36707-41742   A00000/org.map...ineFileSource  org.maplibre.harmony  I     Request added to activeRequests (total: 3)
10-26 10:36:40.788   36707-41742   A00000/org.map...ineFileSource  org.maplibre.harmony  I     🌐 Network is ONLINE - calling httpFileSource.request()...
10-26 10:36:40.788   36707-41742   A00000/org.map...ineFileSource  org.maplibre.harmony  I     httpFileSource address: 0x5a1ee099f8
10-26 10:36:40.788   36707-41742   A00000/org.map...ineFileSource  org.maplibre.harmony  I     httpFileSource type at request: N4mbgl14HTTPFileSourceE
10-26 10:36:40.788   36707-41742   A00000/org.map...ineFileSource  org.maplibre.harmony  I     About to call httpFileSource.request() with URL: https://demotiles.maplibre.org/tiles/3/7/4.pbf
10-26 10:36:40.788   36707-41742   A00000/org.map...ineFileSource  org.maplibre.harmony  I     🔵 BEFORE httpFileSource.request() call
10-26 10:36:40.788   36707-41742   A00000/org.map...ineFileSource  org.maplibre.harmony  I     🔵 AFTER httpFileSource.request() call
10-26 10:36:40.788   36707-41742   A00000/org.map...ineFileSource  org.maplibre.harmony  I     ✅ httpFileSource.request() SUCCESS - AsyncRequest: 0x5b2f7e6080
10-26 10:36:40.788   36707-41742   A00000/org.map...ineFileSource  org.maplibre.harmony  I     activateOrQueueRequest() COMPLETE
10-26 10:36:40.788   36707-41742   A00000/org.map...harmony/Timer  org.maplibre.harmony  D     ✅ Timer callback COMPLETED
10-26 10:36:40.788   36707-41742   A00000/org.map...harmony/Timer  org.maplibre.harmony  D     Non-repeating timer - stopping after callback
10-26 10:36:40.795   36707-41740   A00000/org.map...NativeMapView  org.maplibre.harmony  D     onWillStartRenderingFrame
10-26 10:36:40.795   36707-41740   A00000/org.map...ndererBackend  org.maplibre.harmony  D     updateAssumedState: viewport=(0, 0, 3952, 5365) logical pixels
10-26 10:36:40.795   36707-41740   A00000/org.map...ndererBackend  org.maplibre.harmony  D     updateAssumedState complete
10-26 10:36:40.796   36707-41748   A00000/org.map...rmony/Network  org.maplibre.harmony  W     Request completed with error: Couldn't resolve host name
10-26 10:36:40.796   36707-41748   A00000/org.map...rmony/Network  org.maplibre.harmony  W     Request failed: Couldn't resolve host name
10-26 10:36:40.796   36707-41748   A00000/org.map...ineFileSource  org.maplibre.harmony  I     ========== HTTP RESPONSE CALLBACK ==========
10-26 10:36:40.796   36707-41748   A00000/org.map...ineFileSource  org.maplibre.harmony  I     URL: https://demotiles.maplibre.org/tiles/3/6/4.pbf
10-26 10:36:40.796   36707-41748   A00000/org.map...ineFileSource  org.maplibre.harmony  I     ⚠️ Response has ERROR: reason=4, message=Couldn't resolve host name: Could not resolve host: demotiles.maplibre.org
10-26 10:36:40.797   36707-41781   C03F00/MUSL                     org.maplibre.harmony  E     get_resolv_conf_ext: 138: resolv_config return: -2 for netid 0
10-26 10:36:40.797   36707-41781   C03F00/MUSL                     org.maplibre.harmony  E     getaddrinfo_ext: 234: reportdnsresult: -2 in process 36707
10-26 10:36:40.797   36707-41782   C03F00/MUSL                     org.maplibre.harmony  E     get_resolv_conf_ext: 138: resolv_config return: -2 for netid 0
10-26 10:36:40.798   36707-41782   C03F00/MUSL                     org.maplibre.harmony  E     getaddrinfo_ext: 234: reportdnsresult: -2 in process 36707
10-26 10:36:40.798   36707-41780   A00000/org.map...harmony/Timer  org.maplibre.harmony  D     Timer thread exiting
10-26 10:36:40.800   36707-41740   A00000/org.map...ndererBackend  org.maplibre.harmony  W     eglSwapBuffers failed (attempt 1/3): EGL_BAD_SURFACE
10-26 10:36:40.807   36707-41748   A00000/org.map...ineFileSource  org.maplibre.harmony  I     ========== OnlineFileRequest::completed() ==========
10-26 10:36:40.807   36707-41748   A00000/org.map...ineFileSource  org.maplibre.harmony  I     URL: https://demotiles.maplibre.org/tiles/3/6/4.pbf
10-26 10:36:40.807   36707-41748   A00000/org.map...ineFileSource  org.maplibre.harmony  I     Response has error: Couldn't resolve host name: Could not resolve host: demotiles.maplibre.org
10-26 10:36:40.807   36707-41748   A00000/org.map...ineFileSource  org.maplibre.harmony  I     ========== OnlineFileRequest::schedule() ==========
10-26 10:36:40.807   36707-41748   A00000/org.map...ineFileSource  org.maplibre.harmony  I     URL: https://demotiles.maplibre.org/tiles/3/6/4.pbf
10-26 10:36:40.807   36707-41748   A00000/org.map...ineFileSource  org.maplibre.harmony  I     Timeout: 1000 ms
10-26 10:36:40.807   36707-41748   A00000/org.map...ineFileSource  org.maplibre.harmony  I     NetworkStatus is ONLINE
10-26 10:36:40.807   36707-41748   A00000/org.map...ineFileSource  org.maplibre.harmony  I     Starting timer with timeout=1000 ms, will call activateOrQueueRequest
10-26 10:36:40.807   36707-41748   A00000/org.map...harmony/Timer  org.maplibre.harmony  D     Timer started: timeout=<private> ms, repeat=<private> ms, runLoop=<private>
10-26 10:36:40.807   36707-41748   A00000/org.map...ineFileSource  org.maplibre.harmony  I     Timer started successfully
10-26 10:36:40.808   36707-41748   A00000/org.map...ineFileSource  org.maplibre.harmony  I     Calling final response callback to deliver result to requestor
10-26 10:36:40.808   36707-41748   A00000/org.map...ineFileSource  org.maplibre.harmony  I     ========== Response received, invoking FileSourceRequest::setResponse ==========
10-26 10:36:40.808   36707-41748   A00000/org.map...ineFileSource  org.maplibre.harmony  I     Response callback completed
10-26 10:36:40.811   36707-41740   C01400/org.map...OpenGLWrapper  org.maplibre.harmony  E     eglMakeCurrent error.
10-26 10:36:40.811   36707-41740   A00000/org.map...ndererBackend  org.maplibre.harmony  W     eglSwapBuffers failed (attempt 2/3): EGL_BAD_SURFACE
10-26 10:36:40.821   36707-41740   C01400/org.map...OpenGLWrapper  org.maplibre.harmony  E     eglMakeCurrent error.
10-26 10:36:40.821   36707-41740   A00000/org.map...ndererBackend  org.maplibre.harmony  W     eglSwapBuffers failed (attempt 3/3): EGL_BAD_SURFACE
10-26 10:36:40.821   36707-41740   A00000/org.map...ndererBackend  org.maplibre.harmony  E     eglSwapBuffers failed after 3 attempts: EGL_SUCCESS
10-26 10:36:40.821   36707-41740   A00000/org.map...ndererBackend  org.maplibre.harmony  D     deactivate() - keeping context current for performance (single-thread mode)
10-26 10:36:40.821   36707-41740   A00000/org.map...dererFrontend  org.maplibre.harmony  E     Render failed: eglSwapBuffers failed: EGL buffer allocation failed - Pausing to prevent crash
10-26 10:36:40.822   36707-41740   A00000/org.map...ndererBackend  org.maplibre.harmony  D     activate() - making context current (display=0x5a0b437420, surface=0x5a1f494d20, context=0x5b317b99c0)
10-26 10:36:40.822   36707-41740   C01400/org.map...OpenGLWrapper  org.maplibre.harmony  E     eglMakeCurrent error.
10-26 10:36:40.822   36707-41740   A00000/org.map...ndererBackend  org.maplibre.harmony  E     activate() FAILED to make context current: EGL_BAD_ACCESS (error code: 0x3002)
10-26 10:36:40.822   36707-41747   A00000/org.map...ineFileSource  org.maplibre.harmony  I     ========== OnlineFileSource::request() ==========
10-26 10:36:40.822   36707-41747   A00000/org.map...ineFileSource  org.maplibre.harmony  I     HTTP REQUEST: url='https://demotiles.maplibre.org/tiles/3/5/4.pbf', kind=3
10-26 10:36:40.822   36707-41747   A00000/org.map...ineFileSource  org.maplibre.harmony  I     OnlineFileSource impl address: 0x5a1f671160
10-26 10:36:40.822   36707-41747   A00000/org.map...ineFileSource  org.maplibre.harmony  I     Original URL: https://demotiles.maplibre.org/tiles/3/5/4.pbf
10-26 10:36:40.822   36707-41747   A00000/org.map...ineFileSource  org.maplibre.harmony  I     Normalized URL: https://demotiles.maplibre.org/tiles/3/5/4.pbf
10-26 10:36:40.822   36707-41747   A00000/org.map...ineFileSource  org.maplibre.harmony  I     Calling impl->request()...
10-26 10:36:40.822   36707-41747   A00000/org.map...ineFileSource  org.maplibre.harmony  I     ========== OnlineFileSource::Impl::request() ==========
10-26 10:36:40.822   36707-41747   A00000/org.map...ineFileSource  org.maplibre.harmony  I     Creating FileSourceRequest for URL: https://demotiles.maplibre.org/tiles/3/5/4.pbf
10-26 10:36:40.822   36707-41747   A00000/org.map...ineFileSource  org.maplibre.harmony  I     FileSourceRequest created: 0x5b3397ea80
10-26 10:36:40.822   36707-41747   A00000/org.map...ineFileSource  org.maplibre.harmony  I     Cancel callback set
10-26 10:36:40.822   36707-41747   A00000/org.map...ineFileSource  org.maplibre.harmony  I     Invoking OnlineFileSourceThread::request on actor...
10-26 10:36:40.822   36707-41747   A00000/org.map...ineFileSource  org.maplibre.harmony  I     Thread actor invoked successfully
10-26 10:36:40.822   36707-41747   A00000/org.map...ineFileSource  org.maplibre.harmony  I     impl->request() returned AsyncRequest: 0x5b3397ea80
10-26 10:36:40.823   36707-41742   A00000/org.map...ineFileSource  org.maplibre.harmony  I     ========== OnlineFileSourceThread::request() ==========
10-26 10:36:40.823   36707-41742   A00000/org.map...ineFileSource  org.maplibre.harmony  I     AsyncRequest: 0x5b3397ea80
10-26 10:36:40.823   36707-41742   A00000/org.map...ineFileSource  org.maplibre.harmony  I     Resource URL: https://demotiles.maplibre.org/tiles/3/5/4.pbf
10-26 10:36:40.823   36707-41742   A00000/org.map...ineFileSource  org.maplibre.harmony  I     Creating OnlineFileRequest...
10-26 10:36:40.823   36707-41742   A00000/org.map...ineFileSource  org.maplibre.harmony  I     ========== OnlineFileRequest CONSTRUCTOR ==========
10-26 10:36:40.824   36707-41742   A00000/org.map...ineFileSource  org.maplibre.harmony  I     URL: https://demotiles.maplibre.org/tiles/3/5/4.pbf
10-26 10:36:40.824   36707-41742   A00000/org.map...ineFileSource  org.maplibre.harmony  I     Kind: 3, Priority: 0
10-26 10:36:40.824   36707-41742   A00000/org.map...ineFileSource  org.maplibre.harmony  I     ========== OnlineFileSourceThread::add() ==========
10-26 10:36:40.824   36707-41742   A00000/org.map...ineFileSource  org.maplibre.harmony  I     Request URL: https://demotiles.maplibre.org/tiles/3/5/4.pbf
10-26 10:36:40.824   36707-41742   A00000/org.map...ineFileSource  org.maplibre.harmony  I     Total requests in allRequests: 12
10-26 10:36:40.824   36707-41742   A00000/org.map...ineFileSource  org.maplibre.harmony  I     No resourceTransform - activating request directly
10-26 10:36:40.824   36707-41742   A00000/org.map...ineFileSource  org.maplibre.harmony  I     ========== OnlineFileRequest::activate() ==========
10-26 10:36:40.824   36707-41742   A00000/org.map...ineFileSource  org.maplibre.harmony  I     URL: https://demotiles.maplibre.org/tiles/3/5/4.pbf
10-26 10:36:40.825   36707-41742   A00000/org.map...ineFileSource  org.maplibre.harmony  I     Has priorExpires - timeout: 0 ms
10-26 10:36:40.825   36707-41742   A00000/org.map...ineFileSource  org.maplibre.harmony  I     ========== OnlineFileRequest::schedule() ==========
10-26 10:36:40.825   36707-41742   A00000/org.map...ineFileSource  org.maplibre.harmony  I     URL: https://demotiles.maplibre.org/tiles/3/5/4.pbf
10-26 10:36:40.825   36707-41742   A00000/org.map...ineFileSource  org.maplibre.harmony  I     Timeout: 0 ms
10-26 10:36:40.825   36707-41742   A00000/org.map...ineFileSource  org.maplibre.harmony  I     NetworkStatus is ONLINE
10-26 10:36:40.825   36707-41742   A00000/org.map...ineFileSource  org.maplibre.harmony  I     Starting timer with timeout=0 ms, will call activateOrQueueRequest
10-26 10:36:40.825   36707-41742   A00000/org.map...harmony/Timer  org.maplibre.harmony  D     Timer started: timeout=<private> ms, repeat=<private> ms, runLoop=<private>
10-26 10:36:40.825   36707-41742   A00000/org.map...ineFileSource  org.maplibre.harmony  I     Timer started successfully
10-26 10:36:40.825   36707-41742   A00000/org.map...ineFileSource  org.maplibre.harmony  I     OnlineFileRequest added to impl
10-26 10:36:40.825   36707-41742   A00000/org.map...ineFileSource  org.maplibre.harmony  I     OnlineFileRequest created and stored in tasks map (total tasks: 12)
10-26 10:36:40.825   36707-41786   A00000/org.map...harmony/Timer  org.maplibre.harmony  D     Timer fired - dispatching callback to RunLoop thread
10-26 10:36:40.825   36707-41786   A00000/org.map...harmony/Timer  org.maplibre.harmony  D     RunLoop address: <private>, has callback: <private>
10-26 10:36:40.825   36707-41786   A00000/org.map...harmony/Timer  org.maplibre.harmony  D     runLoop->invoke() returned
10-26 10:36:40.828   36707-41740   A00000/org.map...NativeMapView  org.maplibre.harmony  D     onWillStartRenderingFrame
10-26 10:36:40.828   36707-41740   A00000/org.map...ndererBackend  org.maplibre.harmony  D     updateAssumedState: viewport=(0, 0, 3952, 5365) logical pixels
10-26 10:36:40.828   36707-41740   A00000/org.map...ndererBackend  org.maplibre.harmony  D     updateAssumedState complete
10-26 10:36:40.828   36707-41748   A00000/org.map...rmony/Network  org.maplibre.harmony  W     Request completed with error: Couldn't resolve host name
10-26 10:36:40.828   36707-41748   A00000/org.map...rmony/Network  org.maplibre.harmony  W     Request failed: Couldn't resolve host name
10-26 10:36:40.828   36707-41748   A00000/org.map...ineFileSource  org.maplibre.harmony  I     ========== HTTP RESPONSE CALLBACK ==========
10-26 10:36:40.828   36707-41748   A00000/org.map...ineFileSource  org.maplibre.harmony  I     URL: https://demotiles.maplibre.org/tiles/3/5/2.pbf
10-26 10:36:40.828   36707-41748   A00000/org.map...ineFileSource  org.maplibre.harmony  I     ⚠️ Response has ERROR: reason=4, message=Couldn't resolve host name: Could not resolve host: demotiles.maplibre.org
10-26 10:36:40.830   36707-41740   A00000/org.map...ndererBackend  org.maplibre.harmony  W     eglSwapBuffers failed (attempt 1/3): EGL_BAD_SURFACE
10-26 10:36:40.830   36707-41742   A00000/org.map...harmony/Timer  org.maplibre.harmony  D     ⭐ INSIDE INVOKE LAMBDA - about to execute timer callback
10-26 10:36:40.830   36707-41742   A00000/org.map...harmony/Timer  org.maplibre.harmony  D     ✅ Executing timer callback on RunLoop thread
10-26 10:36:40.830   36707-41742   A00000/org.map...ineFileSource  org.maplibre.harmony  I     ========== activateOrQueueRequest() ==========
10-26 10:36:40.830   36707-41742   A00000/org.map...ineFileSource  org.maplibre.harmony  I     Request: 0x5b33a45700
10-26 10:36:40.830   36707-41742   A00000/org.map...ineFileSource  org.maplibre.harmony  I     Active requests: 1, Max concurrent: 20
10-26 10:36:40.830   36707-41742   A00000/org.map...ineFileSource  org.maplibre.harmony  I     Queue has space - activating request NOW
10-26 10:36:40.830   36707-41742   A00000/org.map...ineFileSource  org.maplibre.harmony  I     ========== activateRequest() ==========
10-26 10:36:40.830   36707-41742   A00000/org.map...ineFileSource  org.maplibre.harmony  I     URL: https://demotiles.maplibre.org/tiles/3/5/4.pbf
10-26 10:36:40.830   36707-41742   A00000/org.map...ineFileSource  org.maplibre.harmony  I     Online status: 1
10-26 10:36:40.830   36707-41742   A00000/org.map...ineFileSource  org.maplibre.harmony  I     Request added to activeRequests (total: 2)
10-26 10:36:40.830   36707-41742   A00000/org.map...ineFileSource  org.maplibre.harmony  I     🌐 Network is ONLINE - calling httpFileSource.request()...
10-26 10:36:40.830   36707-41742   A00000/org.map...ineFileSource  org.maplibre.harmony  I     httpFileSource address: 0x5a1ee099f8
10-26 10:36:40.830   36707-41742   A00000/org.map...ineFileSource  org.maplibre.harmony  I     httpFileSource type at request: N4mbgl14HTTPFileSourceE
10-26 10:36:40.830   36707-41742   A00000/org.map...ineFileSource  org.maplibre.harmony  I     About to call httpFileSource.request() with URL: https://demotiles.maplibre.org/tiles/3/5/4.pbf
10-26 10:36:40.830   36707-41742   A00000/org.map...ineFileSource  org.maplibre.harmony  I     🔵 BEFORE httpFileSource.request() call
10-26 10:36:40.830   36707-41742   A00000/org.map...ineFileSource  org.maplibre.harmony  I     🔵 AFTER httpFileSource.request() call
10-26 10:36:40.830   36707-41742   A00000/org.map...ineFileSource  org.maplibre.harmony  I     ✅ httpFileSource.request() SUCCESS - AsyncRequest: 0x5a21ee3f80
10-26 10:36:40.830   36707-41742   A00000/org.map...ineFileSource  org.maplibre.harmony  I     activateOrQueueRequest() COMPLETE
10-26 10:36:40.830   36707-41742   A00000/org.map...harmony/Timer  org.maplibre.harmony  D     ✅ Timer callback COMPLETED
10-26 10:36:40.830   36707-41742   A00000/org.map...harmony/Timer  org.maplibre.harmony  D     Non-repeating timer - stopping after callback
10-26 10:36:40.835   36707-41786   A00000/org.map...harmony/Timer  org.maplibre.harmony  D     Timer thread exiting
10-26 10:36:40.837   36707-41747   A00000/org.map...ineFileSource  org.maplibre.harmony  I     ========== OnlineFileSource::request() ==========
10-26 10:36:40.837   36707-41747   A00000/org.map...ineFileSource  org.maplibre.harmony  I     HTTP REQUEST: url='https://demotiles.maplibre.org/font/Open%20Sans%20Semibold/0-255.pbf', kind=4
10-26 10:36:40.837   36707-41747   A00000/org.map...ineFileSource  org.maplibre.harmony  I     OnlineFileSource impl address: 0x5a1f671160
10-26 10:36:40.837   36707-41747   A00000/org.map...ineFileSource  org.maplibre.harmony  I     Original URL: https://demotiles.maplibre.org/font/Open%20Sans%20Semibold/0-255.pbf
10-26 10:36:40.837   36707-41747   A00000/org.map...ineFileSource  org.maplibre.harmony  I     Normalized URL: https://demotiles.maplibre.org/font/Open%20Sans%20Semibold/0-255.pbf
10-26 10:36:40.837   36707-41747   A00000/org.map...ineFileSource  org.maplibre.harmony  I     Calling impl->request()...
10-26 10:36:40.837   36707-41747   A00000/org.map...ineFileSource  org.maplibre.harmony  I     ========== OnlineFileSource::Impl::request() ==========
10-26 10:36:40.837   36707-41747   A00000/org.map...ineFileSource  org.maplibre.harmony  I     Creating FileSourceRequest for URL: https://demotiles.maplibre.org/font/Open%20Sans%20Semibold/0-255.pbf
10-26 10:36:40.837   36707-41747   A00000/org.map...ineFileSource  org.maplibre.harmony  I     FileSourceRequest created: 0x5b2f7ca780
10-26 10:36:40.837   36707-41747   A00000/org.map...ineFileSource  org.maplibre.harmony  I     Cancel callback set
10-26 10:36:40.837   36707-41747   A00000/org.map...ineFileSource  org.maplibre.harmony  I     Invoking OnlineFileSourceThread::request on actor...
10-26 10:36:40.837   36707-41747   A00000/org.map...ineFileSource  org.maplibre.harmony  I     Thread actor invoked successfully
10-26 10:36:40.837   36707-41747   A00000/org.map...ineFileSource  org.maplibre.harmony  I     impl->request() returned AsyncRequest: 0x5b2f7ca780
10-26 10:36:40.837   36707-41742   A00000/org.map...ineFileSource  org.maplibre.harmony  I     ========== OnlineFileSourceThread::request() ==========
10-26 10:36:40.837   36707-41742   A00000/org.map...ineFileSource  org.maplibre.harmony  I     AsyncRequest: 0x5b2f7ca780
10-26 10:36:40.837   36707-41742   A00000/org.map...ineFileSource  org.maplibre.harmony  I     Resource URL: https://demotiles.maplibre.org/font/Open%20Sans%20Semibold/0-255.pbf
10-26 10:36:40.837   36707-41742   A00000/org.map...ineFileSource  org.maplibre.harmony  I     Creating OnlineFileRequest...
10-26 10:36:40.837   36707-41742   A00000/org.map...ineFileSource  org.maplibre.harmony  I     ========== OnlineFileRequest CONSTRUCTOR ==========
10-26 10:36:40.837   36707-41742   A00000/org.map...ineFileSource  org.maplibre.harmony  I     URL: https://demotiles.maplibre.org/font/Open%20Sans%20Semibold/0-255.pbf
10-26 10:36:40.837   36707-41742   A00000/org.map...ineFileSource  org.maplibre.harmony  I     Kind: 4, Priority: 1
10-26 10:36:40.837   36707-41742   A00000/org.map...ineFileSource  org.maplibre.harmony  I     ========== OnlineFileSourceThread::add() ==========
10-26 10:36:40.837   36707-41742   A00000/org.map...ineFileSource  org.maplibre.harmony  I     Request URL: https://demotiles.maplibre.org/font/Open%20Sans%20Semibold/0-255.pbf
10-26 10:36:40.837   36707-41742   A00000/org.map...ineFileSource  org.maplibre.harmony  I     Total requests in allRequests: 13
10-26 10:36:40.837   36707-41742   A00000/org.map...ineFileSource  org.maplibre.harmony  I     No resourceTransform - activating request directly
10-26 10:36:40.837   36707-41742   A00000/org.map...ineFileSource  org.maplibre.harmony  I     ========== OnlineFileRequest::activate() ==========
10-26 10:36:40.837   36707-41742   A00000/org.map...ineFileSource  org.maplibre.harmony  I     URL: https://demotiles.maplibre.org/font/Open%20Sans%20Semibold/0-255.pbf
10-26 10:36:40.837   36707-41742   A00000/org.map...ineFileSource  org.maplibre.harmony  I     Has priorExpires - timeout: 2345104000 ms
10-26 10:36:40.837   36707-41742   A00000/org.map...ineFileSource  org.maplibre.harmony  I     ========== OnlineFileRequest::schedule() ==========
10-26 10:36:40.837   36707-41742   A00000/org.map...ineFileSource  org.maplibre.harmony  I     URL: https://demotiles.maplibre.org/font/Open%20Sans%20Semibold/0-255.pbf
10-26 10:36:40.837   36707-41742   A00000/org.map...ineFileSource  org.maplibre.harmony  I     Timeout: 2345104000 ms
10-26 10:36:40.837   36707-41742   A00000/org.map...ineFileSource  org.maplibre.harmony  I     NetworkStatus is ONLINE
10-26 10:36:40.837   36707-41742   A00000/org.map...ineFileSource  org.maplibre.harmony  I     Starting timer with timeout=2345104000 ms, will call activateOrQueueRequest
10-26 10:36:40.837   36707-41742   A00000/org.map...harmony/Timer  org.maplibre.harmony  D     Timer started: timeout=<private> ms, repeat=<private> ms, runLoop=<private>
10-26 10:36:40.837   36707-41742   A00000/org.map...ineFileSource  org.maplibre.harmony  I     Timer started successfully
10-26 10:36:40.837   36707-41742   A00000/org.map...ineFileSource  org.maplibre.harmony  I     OnlineFileRequest added to impl
10-26 10:36:40.838   36707-41742   A00000/org.map...ineFileSource  org.maplibre.harmony  I     OnlineFileRequest created and stored in tasks map (total tasks: 13)
10-26 10:36:40.839   36707-41748   A00000/org.map...ineFileSource  org.maplibre.harmony  I     ========== OnlineFileRequest::completed() ==========
10-26 10:36:40.839   36707-41748   A00000/org.map...ineFileSource  org.maplibre.harmony  I     URL: https://demotiles.maplibre.org/tiles/3/5/2.pbf
10-26 10:36:40.839   36707-41748   A00000/org.map...ineFileSource  org.maplibre.harmony  I     Response has error: Couldn't resolve host name: Could not resolve host: demotiles.maplibre.org
10-26 10:36:40.839   36707-41748   A00000/org.map...ineFileSource  org.maplibre.harmony  I     ========== OnlineFileRequest::schedule() ==========
10-26 10:36:40.839   36707-41748   A00000/org.map...ineFileSource  org.maplibre.harmony  I     URL: https://demotiles.maplibre.org/tiles/3/5/2.pbf
10-26 10:36:40.839   36707-41748   A00000/org.map...ineFileSource  org.maplibre.harmony  I     Timeout: 1000 ms
10-26 10:36:40.839   36707-41748   A00000/org.map...ineFileSource  org.maplibre.harmony  I     NetworkStatus is ONLINE
10-26 10:36:40.839   36707-41748   A00000/org.map...ineFileSource  org.maplibre.harmony  I     Starting timer with timeout=1000 ms, will call activateOrQueueRequest
10-26 10:36:40.839   36707-41748   A00000/org.map...harmony/Timer  org.maplibre.harmony  D     Timer started: timeout=<private> ms, repeat=<private> ms, runLoop=<private>
10-26 10:36:40.840   36707-41748   A00000/org.map...ineFileSource  org.maplibre.harmony  I     Timer started successfully
10-26 10:36:40.840   36707-41748   A00000/org.map...ineFileSource  org.maplibre.harmony  I     Calling final response callback to deliver result to requestor
10-26 10:36:40.840   36707-41748   A00000/org.map...ineFileSource  org.maplibre.harmony  I     ========== Response received, invoking FileSourceRequest::setResponse ==========
10-26 10:36:40.840   36707-41748   A00000/org.map...ineFileSource  org.maplibre.harmony  I     Response callback completed
10-26 10:36:40.840   36707-41748   A00000/org.map...rmony/Network  org.maplibre.harmony  W     Request completed with error: Couldn't resolve host name
10-26 10:36:40.840   36707-41748   A00000/org.map...rmony/Network  org.maplibre.harmony  W     Request failed: Couldn't resolve host name
10-26 10:36:40.840   36707-41748   A00000/org.map...ineFileSource  org.maplibre.harmony  I     ========== HTTP RESPONSE CALLBACK ==========
10-26 10:36:40.840   36707-41748   A00000/org.map...ineFileSource  org.maplibre.harmony  I     URL: https://demotiles.maplibre.org/tiles/3/7/4.pbf
10-26 10:36:40.840   36707-41748   A00000/org.map...ineFileSource  org.maplibre.harmony  I     ⚠️ Response has ERROR: reason=4, message=Couldn't resolve host name: Could not resolve host: demotiles.maplibre.org
10-26 10:36:40.840   36707-41740   C01400/org.map...OpenGLWrapper  org.maplibre.harmony  E     eglMakeCurrent error.
10-26 10:36:40.840   36707-41740   A00000/org.map...ndererBackend  org.maplibre.harmony  W     eglSwapBuffers failed (attempt 2/3): EGL_BAD_SURFACE
10-26 10:36:40.850   36707-41748   A00000/org.map...ineFileSource  org.maplibre.harmony  I     ========== OnlineFileRequest::completed() ==========
10-26 10:36:40.850   36707-41748   A00000/org.map...ineFileSource  org.maplibre.harmony  I     URL: https://demotiles.maplibre.org/tiles/3/7/4.pbf
10-26 10:36:40.850   36707-41740   C01400/org.map...OpenGLWrapper  org.maplibre.harmony  E     eglMakeCurrent error.
10-26 10:36:40.850   36707-41748   A00000/org.map...ineFileSource  org.maplibre.harmony  I     Response has error: Couldn't resolve host name: Could not resolve host: demotiles.maplibre.org
10-26 10:36:40.850   36707-41748   A00000/org.map...ineFileSource  org.maplibre.harmony  I     ========== OnlineFileRequest::schedule() ==========
10-26 10:36:40.850   36707-41740   A00000/org.map...ndererBackend  org.maplibre.harmony  W     eglSwapBuffers failed (attempt 3/3): EGL_BAD_SURFACE
10-26 10:36:40.850   36707-41748   A00000/org.map...ineFileSource  org.maplibre.harmony  I     URL: https://demotiles.maplibre.org/tiles/3/7/4.pbf
10-26 10:36:40.850   36707-41748   A00000/org.map...ineFileSource  org.maplibre.harmony  I     Timeout: 1000 ms
10-26 10:36:40.850   36707-41740   A00000/org.map...ndererBackend  org.maplibre.harmony  E     eglSwapBuffers failed after 3 attempts: EGL_SUCCESS
10-26 10:36:40.850   36707-41748   A00000/org.map...ineFileSource  org.maplibre.harmony  I     NetworkStatus is ONLINE
10-26 10:36:40.850   36707-41748   A00000/org.map...ineFileSource  org.maplibre.harmony  I     Starting timer with timeout=1000 ms, will call activateOrQueueRequest
10-26 10:36:40.850   36707-41748   A00000/org.map...harmony/Timer  org.maplibre.harmony  D     Timer started: timeout=<private> ms, repeat=<private> ms, runLoop=<private>
10-26 10:36:40.850   36707-41740   A00000/org.map...ndererBackend  org.maplibre.harmony  D     deactivate() - keeping context current for performance (single-thread mode)
10-26 10:36:40.850   36707-41740   A00000/org.map...dererFrontend  org.maplibre.harmony  E     Render failed: eglSwapBuffers failed: EGL buffer allocation failed - Pausing to prevent crash
10-26 10:36:40.851   36707-41747   A00000/org.map...ineFileSource  org.maplibre.harmony  I     ========== OnlineFileSource::request() ==========
10-26 10:36:40.851   36707-41747   A00000/org.map...ineFileSource  org.maplibre.harmony  I     HTTP REQUEST: url='https://demotiles.maplibre.org/tiles/3/6/1.pbf', kind=3
10-26 10:36:40.851   36707-41747   A00000/org.map...ineFileSource  org.maplibre.harmony  I     OnlineFileSource impl address: 0x5a1f671160
10-26 10:36:40.851   36707-41740   A00000/org.map...ndererBackend  org.maplibre.harmony  D     activate() - making context current (display=0x5a0b437420, surface=0x5a1f494d20, context=0x5b317b99c0)
10-26 10:36:40.851   36707-41740   C01400/org.map...OpenGLWrapper  org.maplibre.harmony  E     eglMakeCurrent error.
10-26 10:36:40.851   36707-41740   A00000/org.map...ndererBackend  org.maplibre.harmony  E     activate() FAILED to make context current: EGL_BAD_ACCESS (error code: 0x3002)
10-26 10:36:40.851   36707-41747   A00000/org.map...ineFileSource  org.maplibre.harmony  I     Original URL: https://demotiles.maplibre.org/tiles/3/6/1.pbf
10-26 10:36:40.851   36707-41747   A00000/org.map...ineFileSource  org.maplibre.harmony  I     Normalized URL: https://demotiles.maplibre.org/tiles/3/6/1.pbf
10-26 10:36:40.851   36707-41747   A00000/org.map...ineFileSource  org.maplibre.harmony  I     Calling impl->request()...
10-26 10:36:40.851   36707-41747   A00000/org.map...ineFileSource  org.maplibre.harmony  I     ========== OnlineFileSource::Impl::request() ==========
10-26 10:36:40.851   36707-41747   A00000/org.map...ineFileSource  org.maplibre.harmony  I     Creating FileSourceRequest for URL: https://demotiles.maplibre.org/tiles/3/6/1.pbf
10-26 10:36:40.851   36707-41747   A00000/org.map...ineFileSource  org.maplibre.harmony  I     FileSourceRequest created: 0x5a1ed0c100
10-26 10:36:40.851   36707-41747   A00000/org.map...ineFileSource  org.maplibre.harmony  I     Cancel callback set
10-26 10:36:40.851   36707-41747   A00000/org.map...ineFileSource  org.maplibre.harmony  I     Invoking OnlineFileSourceThread::request on actor...
10-26 10:36:40.851   36707-41747   A00000/org.map...ineFileSource  org.maplibre.harmony  I     Thread actor invoked successfully
10-26 10:36:40.851   36707-41747   A00000/org.map...ineFileSource  org.maplibre.harmony  I     impl->request() returned AsyncRequest: 0x5a1ed0c100
10-26 10:36:40.851   36707-41748   A00000/org.map...ineFileSource  org.maplibre.harmony  I     Timer started successfully
10-26 10:36:40.851   36707-41748   A00000/org.map...ineFileSource  org.maplibre.harmony  I     Calling final response callback to deliver result to requestor
10-26 10:36:40.851   36707-41748   A00000/org.map...ineFileSource  org.maplibre.harmony  I     ========== Response received, invoking FileSourceRequest::setResponse ==========
10-26 10:36:40.851   36707-41748   A00000/org.map...ineFileSource  org.maplibre.harmony  I     Response callback completed
10-26 10:36:40.852   36707-41742   A00000/org.map...ineFileSource  org.maplibre.harmony  I     ========== OnlineFileSourceThread::request() ==========
10-26 10:36:40.852   36707-41742   A00000/org.map...ineFileSource  org.maplibre.harmony  I     AsyncRequest: 0x5a1ed0c100
10-26 10:36:40.852   36707-41742   A00000/org.map...ineFileSource  org.maplibre.harmony  I     Resource URL: https://demotiles.maplibre.org/tiles/3/6/1.pbf
10-26 10:36:40.852   36707-41742   A00000/org.map...ineFileSource  org.maplibre.harmony  I     Creating OnlineFileRequest...
10-26 10:36:40.852   36707-41742   A00000/org.map...ineFileSource  org.maplibre.harmony  I     ========== OnlineFileRequest CONSTRUCTOR ==========
10-26 10:36:40.852   36707-41742   A00000/org.map...ineFileSource  org.maplibre.harmony  I     URL: https://demotiles.maplibre.org/tiles/3/6/1.pbf
10-26 10:36:40.852   36707-41742   A00000/org.map...ineFileSource  org.maplibre.harmony  I     Kind: 3, Priority: 0
10-26 10:36:40.852   36707-41742   A00000/org.map...ineFileSource  org.maplibre.harmony  I     ========== OnlineFileSourceThread::add() ==========
10-26 10:36:40.852   36707-41742   A00000/org.map...ineFileSource  org.maplibre.harmony  I     Request URL: https://demotiles.maplibre.org/tiles/3/6/1.pbf
10-26 10:36:40.852   36707-41742   A00000/org.map...ineFileSource  org.maplibre.harmony  I     Total requests in allRequests: 14
10-26 10:36:40.852   36707-41742   A00000/org.map...ineFileSource  org.maplibre.harmony  I     No resourceTransform - activating request directly
10-26 10:36:40.852   36707-41742   A00000/org.map...ineFileSource  org.maplibre.harmony  I     ========== OnlineFileRequest::activate() ==========
10-26 10:36:40.852   36707-41742   A00000/org.map...ineFileSource  org.maplibre.harmony  I     URL: https://demotiles.maplibre.org/tiles/3/6/1.pbf
10-26 10:36:40.852   36707-41742   A00000/org.map...ineFileSource  org.maplibre.harmony  I     Has priorExpires - timeout: 0 ms
10-26 10:36:40.852   36707-41742   A00000/org.map...ineFileSource  org.maplibre.harmony  I     ========== OnlineFileRequest::schedule() ==========
10-26 10:36:40.852   36707-41742   A00000/org.map...ineFileSource  org.maplibre.harmony  I     URL: https://demotiles.maplibre.org/tiles/3/6/1.pbf
10-26 10:36:40.852   36707-41742   A00000/org.map...ineFileSource  org.maplibre.harmony  I     Timeout: 0 ms
10-26 10:36:40.852   36707-41742   A00000/org.map...ineFileSource  org.maplibre.harmony  I     NetworkStatus is ONLINE
10-26 10:36:40.852   36707-41742   A00000/org.map...ineFileSource  org.maplibre.harmony  I     Starting timer with timeout=0 ms, will call activateOrQueueRequest
10-26 10:36:40.852   36707-41742   A00000/org.map...harmony/Timer  org.maplibre.harmony  D     Timer started: timeout=<private> ms, repeat=<private> ms, runLoop=<private>
10-26 10:36:40.852   36707-41742   A00000/org.map...ineFileSource  org.maplibre.harmony  I     Timer started successfully
10-26 10:36:40.852   36707-41742   A00000/org.map...ineFileSource  org.maplibre.harmony  I     OnlineFileRequest added to impl
10-26 10:36:40.852   36707-41742   A00000/org.map...ineFileSource  org.maplibre.harmony  I     OnlineFileRequest created and stored in tasks map (total tasks: 14)
10-26 10:36:40.852   36707-41790   A00000/org.map...harmony/Timer  org.maplibre.harmony  D     Timer fired - dispatching callback to RunLoop thread
10-26 10:36:40.852   36707-41790   A00000/org.map...harmony/Timer  org.maplibre.harmony  D     RunLoop address: <private>, has callback: <private>
10-26 10:36:40.852   36707-41790   A00000/org.map...harmony/Timer  org.maplibre.harmony  D     runLoop->invoke() returned
10-26 10:36:40.853   36707-41742   A00000/org.map...harmony/Timer  org.maplibre.harmony  D     ⭐ INSIDE INVOKE LAMBDA - about to execute timer callback
10-26 10:36:40.853   36707-41742   A00000/org.map...harmony/Timer  org.maplibre.harmony  D     ✅ Executing timer callback on RunLoop thread
10-26 10:36:40.853   36707-41742   A00000/org.map...ineFileSource  org.maplibre.harmony  I     ========== activateOrQueueRequest() ==========
10-26 10:36:40.853   36707-41742   A00000/org.map...ineFileSource  org.maplibre.harmony  I     Request: 0x5b339fc300
10-26 10:36:40.853   36707-41742   A00000/org.map...ineFileSource  org.maplibre.harmony  I     Active requests: 1, Max concurrent: 20
10-26 10:36:40.853   36707-41742   A00000/org.map...ineFileSource  org.maplibre.harmony  I     Queue has space - activating request NOW
10-26 10:36:40.853   36707-41742   A00000/org.map...ineFileSource  org.maplibre.harmony  I     ========== activateRequest() ==========
10-26 10:36:40.853   36707-41742   A00000/org.map...ineFileSource  org.maplibre.harmony  I     URL: https://demotiles.maplibre.org/tiles/3/6/1.pbf
10-26 10:36:40.853   36707-41742   A00000/org.map...ineFileSource  org.maplibre.harmony  I     Online status: 1
10-26 10:36:40.853   36707-41742   A00000/org.map...ineFileSource  org.maplibre.harmony  I     Request added to activeRequests (total: 2)
10-26 10:36:40.853   36707-41742   A00000/org.map...ineFileSource  org.maplibre.harmony  I     🌐 Network is ONLINE - calling httpFileSource.request()...
10-26 10:36:40.853   36707-41742   A00000/org.map...ineFileSource  org.maplibre.harmony  I     httpFileSource address: 0x5a1ee099f8
10-26 10:36:40.853   36707-41742   A00000/org.map...ineFileSource  org.maplibre.harmony  I     httpFileSource type at request: N4mbgl14HTTPFileSourceE
10-26 10:36:40.853   36707-41742   A00000/org.map...ineFileSource  org.maplibre.harmony  I     About to call httpFileSource.request() with URL: https://demotiles.maplibre.org/tiles/3/6/1.pbf
10-26 10:36:40.853   36707-41742   A00000/org.map...ineFileSource  org.maplibre.harmony  I     🔵 BEFORE httpFileSource.request() call
10-26 10:36:40.853   36707-41742   A00000/org.map...ineFileSource  org.maplibre.harmony  I     🔵 AFTER httpFileSource.request() call
10-26 10:36:40.853   36707-41742   A00000/org.map...ineFileSource  org.maplibre.harmony  I     ✅ httpFileSource.request() SUCCESS - AsyncRequest: 0x5b2f7e6300
10-26 10:36:40.853   36707-41742   A00000/org.map...ineFileSource  org.maplibre.harmony  I     activateOrQueueRequest() COMPLETE
10-26 10:36:40.853   36707-41742   A00000/org.map...harmony/Timer  org.maplibre.harmony  D     ✅ Timer callback COMPLETED
10-26 10:36:40.853   36707-41742   A00000/org.map...harmony/Timer  org.maplibre.harmony  D     Non-repeating timer - stopping after callback
10-26 10:36:40.858   36707-41740   A00000/org.map...NativeMapView  org.maplibre.harmony  D     onWillStartRenderingFrame
10-26 10:36:40.858   36707-41740   A00000/org.map...ndererBackend  org.maplibre.harmony  D     updateAssumedState: viewport=(0, 0, 3952, 5365) logical pixels
10-26 10:36:40.858   36707-41740   A00000/org.map...ndererBackend  org.maplibre.harmony  D     updateAssumedState complete
10-26 10:36:40.860   36707-41740   A00000/org.map...ndererBackend  org.maplibre.harmony  W     eglSwapBuffers failed (attempt 1/3): EGL_BAD_SURFACE
10-26 10:36:40.862   36707-41790   A00000/org.map...harmony/Timer  org.maplibre.harmony  D     Timer thread exiting
10-26 10:36:40.867   36707-37075   C02D11/DfxSignalHandler         org.maplibre.harmony  I     processdump unwind finish
10-26 10:36:40.867   36707-37075   C02D11/DfxSignalHandler         org.maplibre.harmony  I     process dump end
10-26 10:36:40.867   36707-37075   C02D11/DfxSignalHandler         org.maplibre.harmony  I     Finish handle signal(7) in 36707:37075
10-26 10:36:40.867   36707-37075   C03F00/MUSL-SIGCHAIN            org.maplibre.harmony  E     signal_chain_handler call usr sigaction for signal: 7 sig_action.sa_sigaction=5a0a3b2670
10-26 10:36:40.867   36707-36707   C02D11/DfxSignalHandler         org.maplibre.harmony  I     Crash in child thread(36707), exit main thread.
10-26 10:36:40.867   36707-37075   C03F00/MUSL-SIGCHAIN            org.maplibre.harmony  E     signal_chain_handler call 2 rd sigchain action for signal: 7 sca_sigaction=598523b4a0 noreturn=0 FREEZE_signo_7 thread_list_lock_status:-1 tl_lock_count=0 tl_lock_waiters=0 tl_lock_tid_fail=-1 tl_lock_count_tid=644 tl_lock_count_fail=-10000 tl_lock_count_tid_sub=644 thread_list_lock_after_lock=41790 thread_list_lock_pre_unlock=41742 thread_list_lock_pthread_exit=41790 thread_list_lock_tid_overlimit=-1 tl_lock_unlock_count=0 __pthread_gettid_np_tl_lock=0 __pthread_exit_tl_lock=0 __pthread_create_tl_lock=0 __pthread_key_delete_tl_lock=0 __synccall_tl_lock=0 __membarrier_tl_lock=0 install_new_tls_tl_lock=0 set_syscall_hooks_tl_lock=0 set_syscall_hooks_linux_tl_lock=0 fork_tl_lock=0 register_count=0
10-26 10:36:40.867   36707-37075   C02D11/DfxSignalHandler         org.maplibre.harmony  I     DFX_SigchainHandler :: sig(7), pid(36707), tid(37075).
10-26 10:36:40.867   36707-37075   C03F00/MUSL-SIGCHAIN            org.maplibre.harmony  E     signal_chain_handler call usr sigaction for signal: 7 sig_action.sa_sigaction=5a08159e34
10-26 10:36:40.867   36707-36707   C01406/org.map...mony/OHOS::RS  org.maplibre.harmony  I     RSUIDirector::PostTask messageId:11, cmdCount:4, instanceId:100000
10-26 10:36:40.868   36707-36707   C03930/org.mapl...AceAnimation  org.maplibre.harmony  I     [(100000:100000:scope)] pageTransition in finish, nodeId:144
10-26 10:36:40.868   36707-36707   C0391C/org.map...mony/AceFocus  org.maplibre.harmony  I     [(100000:100000:scope)] Focus view: page/144 show
10-26 10:36:40.868   36707-36707   C03930/org.mapl...AceAnimation  org.maplibre.harmony  I     [(100000:100000:scope)] pageTransition exit finish, nodeId:2
10-26 10:36:40.868   36707-36707   C0391C/org.map...mony/AceFocus  org.maplibre.harmony  I     [(100000:100000:scope)] Focus view: page/2 hide
10-26 10:36:40.869   36707-36707   C0391C/org.map...mony/AceFocus  org.maplibre.harmony  I     [(100000:100000:scope)] Focus view: page/2 lost focus
10-26 10:36:40.870   36707-41740   C01400/org.map...OpenGLWrapper  org.maplibre.harmony  E     eglMakeCurrent error.
10-26 10:36:40.870   36707-41740   A00000/org.map...ndererBackend  org.maplibre.harmony  W     eglSwapBuffers failed (attempt 2/3): EGL_BAD_SURFACE
10-26 10:36:40.870   36707-41791   C01719/org.map....harmony/ffrt  org.maplibre.harmony  E     49:operator():314 <<<=== ffrt black box(BBOX) start ===>>>
10-26 10:36:40.870   36707-41791   C01719/org.map....harmony/ffrt  org.maplibre.harmony  E     50:SaveCurrent:73 <<<=== current status ===>>>
10-26 10:36:40.870   36707-41791   C01719/org.map....harmony/ffrt  org.maplibre.harmony  E     51:SaveWorkerStatus:117 <<<=== worker status ===>>>
10-26 10:36:40.870   36707-41791   C01719/org.map....harmony/ffrt  org.maplibre.harmony  E     52:SaveWorkerStatus:124 qos 2: worker tid 41749 is running nothing
10-26 10:36:40.870   36707-41791   C01719/org.map....harmony/ffrt  org.maplibre.harmony  E     53:SaveWorkerStatus:124 qos 2: worker tid 41739 is running nothing
10-26 10:36:40.870   36707-41791   C01719/org.map....harmony/ffrt  org.maplibre.harmony  E     54:SaveWorkerStatus:124 qos 3: worker tid 41582 is running nothing
10-26 10:36:40.870   36707-41791   C01719/org.map....harmony/ffrt  org.maplibre.harmony  E     55:SaveWorkerStatus:124 qos 4: worker tid 41731 is running nothing
10-26 10:36:40.870   36707-41791   C01719/org.map....harmony/ffrt  org.maplibre.harmony  E     56:SaveWorkerStatus:124 qos 4: worker tid 41724 is running nothing
10-26 10:36:40.870   36707-41791   C01719/org.map....harmony/ffrt  org.maplibre.harmony  E     57:SaveKeyStatus:160 <<<=== key status ===>>>
10-26 10:36:40.870   36707-41791   C01719/org.map....harmony/ffrt  org.maplibre.harmony  E     58:SaveKeyStatus:162 no key status
10-26 10:36:40.870   36707-41791   C01719/org.map....harmony/ffrt  org.maplibre.harmony  E     59:SaveReadyQueueStatus:137 <<<=== ready queue status ===>>>
10-26 10:36:40.870   36707-41791   C01719/org.map....harmony/ffrt  org.maplibre.harmony  E     60:operator():324 <<<=== ffrt black box(BBOX) finish ===>>>
10-26 10:36:40.871   36707-37075   C03F00/MUSL-SIGCHAIN            org.maplibre.harmony  E     signal_chain_handler call 2 rd sigchain action for signal: 7 sca_sigaction=598523b4a0 noreturn=0 FREEZE_signo_7 thread_list_lock_status:-1 tl_lock_count=0 tl_lock_waiters=0 tl_lock_tid_fail=-1 tl_lock_count_tid=644 tl_lock_count_fail=-10000 tl_lock_count_tid_sub=644 thread_list_lock_after_lock=37075 thread_list_lock_pre_unlock=37075 thread_list_lock_pthread_exit=41790 thread_list_lock_tid_overlimit=-1 tl_lock_unlock_count=0 __pthread_gettid_np_tl_lock=0 __pthread_exit_tl_lock=0 __pthread_create_tl_lock=0 __pthread_key_delete_tl_lock=0 __synccall_tl_lock=0 __membarrier_tl_lock=0 install_new_tls_tl_lock=0 set_syscall_hooks_tl_lock=0 set_syscall_hooks_linux_tl_lock=0 fork_tl_lock=0 register_count=0
10-26 10:36:40.871   36707-37075   C02D11/DfxSignalHandler         org.maplibre.harmony  I     DFX_SigchainHandler :: sig(7), pid(36707), tid(37075).
10-26 10:36:40.871   36707-37075   C03F00/MUSL-SIGCHAIN            org.maplibre.harmony  E     signal_chain_handler SIG_DFL handler for signal: 7
10-26 10:36:40.871   36707-37075   C03F00/MUSL-SIGCHAIN            org.maplibre.harmony  E     pid(36707) rethrow sig(7) success.
